ISO-10303-21;
HEADER;
/* Generated by software containing ST-Developer
 * from STEP Tools, Inc. (www.steptools.com) 
 */

FILE_DESCRIPTION(
/* description */ (''),
/* implementation_level */ '2;1');

FILE_NAME(
/* name */ 
'C:\\Users\\eyome\\OneDrive\\Documents\\Inventor\\N_IK\\arm6DOF\\eyo_6
DOF_arm\\\\b_ipt_829bdec1.STEP',
/* time_stamp */ '2025-11-15T16:55:07+03:00',
/* author */ ('eyome'),
/* organization */ (''),
/* preprocessor_version */ 'ST-DEVELOPER v18.1',
/* originating_system */ 'Autodesk Inventor 2021',
/* authorisation */ '');

FILE_SCHEMA (('AUTOMOTIVE_DESIGN { 1 0 10303 214 3 1 1 }'));
ENDSEC;

DATA;
#10=MECHANICAL_DESIGN_GEOMETRIC_PRESENTATION_REPRESENTATION('',(#13),#4830);
#11=SHAPE_REPRESENTATION_RELATIONSHIP('SRR','None',#4837,#12);
#12=ADVANCED_BREP_SHAPE_REPRESENTATION('',(#14),#4829);
#13=STYLED_ITEM('',(#4846),#14);
#14=MANIFOLD_SOLID_BREP('Solid1',#2865);
#15=B_SPLINE_CURVE_WITH_KNOTS('',3,(#3968,#3969,#3970,#3971),
 .UNSPECIFIED.,.F.,.F.,(4,4),(0.340734302135569,0.368183216952546),
 .UNSPECIFIED.);
#16=B_SPLINE_CURVE_WITH_KNOTS('',3,(#4001,#4002,#4003,#4004,#4005,#4006),
 .UNSPECIFIED.,.F.,.F.,(4,2,4),(0.369334434455225,0.421180400850843,0.436001203424574),
 .UNSPECIFIED.);
#17=B_SPLINE_CURVE_WITH_KNOTS('',3,(#4014,#4015,#4016,#4017),
 .UNSPECIFIED.,.F.,.F.,(4,4),(0.369659598262014,0.397108513078992),
 .UNSPECIFIED.);
#18=B_SPLINE_CURVE_WITH_KNOTS('',3,(#4030,#4031,#4032,#4033,#4034,#4035),
 .UNSPECIFIED.,.F.,.F.,(4,2,4),(0.300961678168782,0.311971399344053,0.367860754353673),
 .UNSPECIFIED.);
#19=B_SPLINE_CURVE_WITH_KNOTS('',3,(#4052,#4053,#4054,#4055),
 .UNSPECIFIED.,.F.,.F.,(4,4),(0.340734302135581,0.368183216952547),
 .UNSPECIFIED.);
#20=B_SPLINE_CURVE_WITH_KNOTS('',3,(#4088,#4089,#4090,#4091,#4092,#4093),
 .UNSPECIFIED.,.F.,.F.,(4,2,4),(0.369334434455224,0.425223789464846,0.436233510640118),
 .UNSPECIFIED.);
#21=B_SPLINE_CURVE_WITH_KNOTS('',3,(#4116,#4117,#4118,#4119,#4120,#4121),
 .UNSPECIFIED.,.F.,.F.,(4,2,4),(0.300961678168765,0.311971399344047,0.367860754353668),
 .UNSPECIFIED.);
#22=B_SPLINE_CURVE_WITH_KNOTS('',3,(#4132,#4133,#4134,#4135),
 .UNSPECIFIED.,.F.,.F.,(4,4),(0.369659598262014,0.397108513079),
 .UNSPECIFIED.);
#23=B_SPLINE_CURVE_WITH_KNOTS('',3,(#4147,#4148,#4149,#4150),
 .UNSPECIFIED.,.F.,.F.,(4,4),(0.340734302135565,0.368183216952547),
 .UNSPECIFIED.);
#24=B_SPLINE_CURVE_WITH_KNOTS('',3,(#4183,#4184,#4185,#4186,#4187,#4188),
 .UNSPECIFIED.,.F.,.F.,(4,2,4),(0.369334434455229,0.421180400850847,0.436001203424589),
 .UNSPECIFIED.);
#25=B_SPLINE_CURVE_WITH_KNOTS('',3,(#4196,#4197,#4198,#4199),
 .UNSPECIFIED.,.F.,.F.,(4,4),(0.369659598262014,0.397108513078991),
 .UNSPECIFIED.);
#26=B_SPLINE_CURVE_WITH_KNOTS('',3,(#4212,#4213,#4214,#4215,#4216,#4217),
 .UNSPECIFIED.,.F.,.F.,(4,2,4),(0.30096167816879,0.311971399344053,0.367860754353674),
 .UNSPECIFIED.);
#27=B_SPLINE_CURVE_WITH_KNOTS('',3,(#4265,#4266,#4267,#4268),
 .UNSPECIFIED.,.F.,.F.,(4,4),(0.34073430213557,0.368183216952547),
 .UNSPECIFIED.);
#28=B_SPLINE_CURVE_WITH_KNOTS('',3,(#4298,#4299,#4300,#4301,#4302,#4303),
 .UNSPECIFIED.,.F.,.F.,(4,2,4),(0.369600080857535,0.425489435867155,0.436499157042426),
 .UNSPECIFIED.);
#29=B_SPLINE_CURVE_WITH_KNOTS('',3,(#4312,#4313,#4314,#4315,#4316,#4317),
 .UNSPECIFIED.,.F.,.F.,(4,2,4),(0.300961678168782,0.311971399344053,0.367860754353674),
 .UNSPECIFIED.);
#30=B_SPLINE_CURVE_WITH_KNOTS('',3,(#4328,#4329,#4330,#4331),
 .UNSPECIFIED.,.F.,.F.,(4,4),(0.369659598262014,0.397108513078992),
 .UNSPECIFIED.);
#31=ELLIPSE('',#2891,1.41421356237309,1.);
#32=ELLIPSE('',#2892,1.41421356237309,1.);
#33=ELLIPSE('',#2894,1.41421356237309,1.);
#34=ELLIPSE('',#2895,1.41421356237309,1.);
#35=ELLIPSE('',#2896,1.41421356237309,1.);
#36=ELLIPSE('',#2900,1.4142135623731,1.);
#37=ELLIPSE('',#2903,1.4142135623731,1.);
#38=ELLIPSE('',#2905,1.41421356237309,1.);
#39=ELLIPSE('',#2911,1.41421356237309,1.);
#40=ELLIPSE('',#2912,1.4142135623731,1.);
#41=ELLIPSE('',#2914,1.4142135623731,1.);
#42=ELLIPSE('',#2915,1.41421356237309,1.);
#43=ELLIPSE('',#2916,1.41421356237309,1.);
#44=ELLIPSE('',#2920,1.41421356237309,1.);
#45=ELLIPSE('',#2928,1.4142135623731,1.);
#46=ELLIPSE('',#2932,1.41421356237309,1.);
#47=ELLIPSE('',#2935,1.41421356237309,1.);
#48=ELLIPSE('',#2936,1.41421356237309,1.);
#49=ELLIPSE('',#2938,1.41421356237309,1.);
#50=ELLIPSE('',#2939,1.41421356237309,1.);
#51=ELLIPSE('',#2940,1.41421356237309,1.);
#52=ELLIPSE('',#2944,1.4142135623731,1.);
#53=ELLIPSE('',#2947,1.4142135623731,1.);
#54=ELLIPSE('',#2949,1.41421356237309,1.);
#55=ELLIPSE('',#2965,1.41421356237309,1.);
#56=ELLIPSE('',#2966,1.4142135623731,1.);
#57=ELLIPSE('',#2968,1.4142135623731,1.);
#58=ELLIPSE('',#2969,1.41421356237309,1.);
#59=ELLIPSE('',#2970,1.4142135623731,1.);
#60=ELLIPSE('',#2974,1.4142135623731,1.);
#61=ELLIPSE('',#2977,1.4142135623731,1.);
#62=ELLIPSE('',#2981,1.41421356237309,1.);
#63=FACE_BOUND('',#375,.T.);
#64=FACE_BOUND('',#393,.T.);
#65=FACE_BOUND('',#410,.T.);
#66=FACE_BOUND('',#413,.T.);
#67=FACE_BOUND('',#456,.T.);
#68=FACE_BOUND('',#466,.T.);
#69=FACE_BOUND('',#468,.T.);
#70=FACE_BOUND('',#470,.T.);
#71=FACE_BOUND('',#471,.T.);
#72=FACE_BOUND('',#472,.T.);
#73=FACE_BOUND('',#473,.T.);
#74=FACE_BOUND('',#474,.T.);
#75=FACE_BOUND('',#476,.T.);
#76=FACE_BOUND('',#478,.T.);
#77=FACE_BOUND('',#482,.T.);
#78=FACE_BOUND('',#483,.T.);
#79=FACE_BOUND('',#485,.T.);
#80=FACE_BOUND('',#486,.T.);
#81=FACE_BOUND('',#514,.T.);
#82=FACE_BOUND('',#517,.T.);
#83=FACE_BOUND('',#520,.T.);
#84=FACE_BOUND('',#521,.T.);
#85=FACE_BOUND('',#523,.T.);
#86=FACE_BOUND('',#526,.T.);
#87=FACE_BOUND('',#529,.T.);
#88=FACE_BOUND('',#530,.T.);
#89=FACE_BOUND('',#547,.T.);
#90=FACE_BOUND('',#548,.T.);
#91=FACE_BOUND('',#551,.T.);
#92=FACE_BOUND('',#552,.T.);
#93=FACE_BOUND('',#559,.T.);
#94=FACE_BOUND('',#560,.T.);
#95=FACE_BOUND('',#562,.T.);
#96=FACE_BOUND('',#563,.T.);
#97=FACE_BOUND('',#564,.T.);
#98=FACE_BOUND('',#565,.T.);
#99=PLANE('',#2888);
#100=PLANE('',#2893);
#101=PLANE('',#2897);
#102=PLANE('',#2898);
#103=PLANE('',#2904);
#104=PLANE('',#2907);
#105=PLANE('',#2909);
#106=PLANE('',#2913);
#107=PLANE('',#2917);
#108=PLANE('',#2918);
#109=PLANE('',#2925);
#110=PLANE('',#2929);
#111=PLANE('',#2930);
#112=PLANE('',#2937);
#113=PLANE('',#2941);
#114=PLANE('',#2942);
#115=PLANE('',#2948);
#116=PLANE('',#2951);
#117=PLANE('',#2953);
#118=PLANE('',#2957);
#119=PLANE('',#2962);
#120=PLANE('',#2967);
#121=PLANE('',#2971);
#122=PLANE('',#2972);
#123=PLANE('',#2978);
#124=PLANE('',#2979);
#125=PLANE('',#2991);
#126=PLANE('',#2992);
#127=PLANE('',#2993);
#128=PLANE('',#2994);
#129=PLANE('',#2995);
#130=PLANE('',#2996);
#131=PLANE('',#2997);
#132=PLANE('',#2998);
#133=PLANE('',#3000);
#134=PLANE('',#3001);
#135=PLANE('',#3003);
#136=PLANE('',#3005);
#137=PLANE('',#3006);
#138=PLANE('',#3008);
#139=PLANE('',#3010);
#140=PLANE('',#3011);
#141=PLANE('',#3013);
#142=PLANE('',#3015);
#143=PLANE('',#3017);
#144=PLANE('',#3018);
#145=PLANE('',#3019);
#146=PLANE('',#3020);
#147=PLANE('',#3021);
#148=PLANE('',#3022);
#149=PLANE('',#3023);
#150=PLANE('',#3024);
#151=PLANE('',#3034);
#152=PLANE('',#3035);
#153=PLANE('',#3036);
#154=PLANE('',#3037);
#155=PLANE('',#3038);
#156=PLANE('',#3039);
#157=PLANE('',#3040);
#158=PLANE('',#3041);
#159=PLANE('',#3042);
#160=PLANE('',#3043);
#161=PLANE('',#3044);
#162=PLANE('',#3045);
#163=PLANE('',#3047);
#164=PLANE('',#3048);
#165=PLANE('',#3049);
#166=PLANE('',#3050);
#167=PLANE('',#3051);
#168=PLANE('',#3054);
#169=PLANE('',#3057);
#170=PLANE('',#3058);
#171=PLANE('',#3061);
#172=PLANE('',#3064);
#173=PLANE('',#3067);
#174=PLANE('',#3070);
#175=PLANE('',#3071);
#176=PLANE('',#3072);
#177=PLANE('',#3073);
#178=PLANE('',#3074);
#179=PLANE('',#3075);
#180=PLANE('',#3076);
#181=PLANE('',#3077);
#182=PLANE('',#3078);
#183=PLANE('',#3082);
#184=PLANE('',#3086);
#185=PLANE('',#3090);
#186=PLANE('',#3094);
#187=PLANE('',#3095);
#188=PLANE('',#3096);
#189=PLANE('',#3097);
#190=PLANE('',#3098);
#191=PLANE('',#3099);
#192=PLANE('',#3100);
#193=PLANE('',#3101);
#194=PLANE('',#3102);
#195=PLANE('',#3103);
#196=PLANE('',#3104);
#197=PLANE('',#3110);
#198=PLANE('',#3111);
#199=PLANE('',#3112);
#200=PLANE('',#3113);
#201=PLANE('',#3117);
#202=PLANE('',#3121);
#203=PLANE('',#3125);
#204=PLANE('',#3129);
#205=PLANE('',#3130);
#206=PLANE('',#3131);
#207=PLANE('',#3132);
#208=PLANE('',#3133);
#209=PLANE('',#3134);
#210=PLANE('',#3135);
#211=PLANE('',#3136);
#212=PLANE('',#3137);
#213=PLANE('',#3138);
#214=PLANE('',#3139);
#215=PLANE('',#3140);
#216=FACE_OUTER_BOUND('',#373,.T.);
#217=FACE_OUTER_BOUND('',#374,.T.);
#218=FACE_OUTER_BOUND('',#376,.T.);
#219=FACE_OUTER_BOUND('',#377,.T.);
#220=FACE_OUTER_BOUND('',#378,.T.);
#221=FACE_OUTER_BOUND('',#379,.T.);
#222=FACE_OUTER_BOUND('',#380,.T.);
#223=FACE_OUTER_BOUND('',#381,.T.);
#224=FACE_OUTER_BOUND('',#382,.T.);
#225=FACE_OUTER_BOUND('',#383,.T.);
#226=FACE_OUTER_BOUND('',#384,.T.);
#227=FACE_OUTER_BOUND('',#385,.T.);
#228=FACE_OUTER_BOUND('',#386,.T.);
#229=FACE_OUTER_BOUND('',#387,.T.);
#230=FACE_OUTER_BOUND('',#388,.T.);
#231=FACE_OUTER_BOUND('',#389,.T.);
#232=FACE_OUTER_BOUND('',#390,.T.);
#233=FACE_OUTER_BOUND('',#391,.T.);
#234=FACE_OUTER_BOUND('',#392,.T.);
#235=FACE_OUTER_BOUND('',#394,.T.);
#236=FACE_OUTER_BOUND('',#395,.T.);
#237=FACE_OUTER_BOUND('',#396,.T.);
#238=FACE_OUTER_BOUND('',#397,.T.);
#239=FACE_OUTER_BOUND('',#398,.T.);
#240=FACE_OUTER_BOUND('',#399,.T.);
#241=FACE_OUTER_BOUND('',#400,.T.);
#242=FACE_OUTER_BOUND('',#401,.T.);
#243=FACE_OUTER_BOUND('',#402,.T.);
#244=FACE_OUTER_BOUND('',#403,.T.);
#245=FACE_OUTER_BOUND('',#404,.T.);
#246=FACE_OUTER_BOUND('',#405,.T.);
#247=FACE_OUTER_BOUND('',#406,.T.);
#248=FACE_OUTER_BOUND('',#407,.T.);
#249=FACE_OUTER_BOUND('',#408,.T.);
#250=FACE_OUTER_BOUND('',#409,.T.);
#251=FACE_OUTER_BOUND('',#411,.T.);
#252=FACE_OUTER_BOUND('',#412,.T.);
#253=FACE_OUTER_BOUND('',#414,.T.);
#254=FACE_OUTER_BOUND('',#415,.T.);
#255=FACE_OUTER_BOUND('',#416,.T.);
#256=FACE_OUTER_BOUND('',#417,.T.);
#257=FACE_OUTER_BOUND('',#418,.T.);
#258=FACE_OUTER_BOUND('',#419,.T.);
#259=FACE_OUTER_BOUND('',#420,.T.);
#260=FACE_OUTER_BOUND('',#421,.T.);
#261=FACE_OUTER_BOUND('',#422,.T.);
#262=FACE_OUTER_BOUND('',#423,.T.);
#263=FACE_OUTER_BOUND('',#424,.T.);
#264=FACE_OUTER_BOUND('',#425,.T.);
#265=FACE_OUTER_BOUND('',#426,.T.);
#266=FACE_OUTER_BOUND('',#427,.T.);
#267=FACE_OUTER_BOUND('',#428,.T.);
#268=FACE_OUTER_BOUND('',#429,.T.);
#269=FACE_OUTER_BOUND('',#430,.T.);
#270=FACE_OUTER_BOUND('',#431,.T.);
#271=FACE_OUTER_BOUND('',#432,.T.);
#272=FACE_OUTER_BOUND('',#433,.T.);
#273=FACE_OUTER_BOUND('',#434,.T.);
#274=FACE_OUTER_BOUND('',#435,.T.);
#275=FACE_OUTER_BOUND('',#436,.T.);
#276=FACE_OUTER_BOUND('',#437,.T.);
#277=FACE_OUTER_BOUND('',#438,.T.);
#278=FACE_OUTER_BOUND('',#439,.T.);
#279=FACE_OUTER_BOUND('',#440,.T.);
#280=FACE_OUTER_BOUND('',#441,.T.);
#281=FACE_OUTER_BOUND('',#442,.T.);
#282=FACE_OUTER_BOUND('',#443,.T.);
#283=FACE_OUTER_BOUND('',#444,.T.);
#284=FACE_OUTER_BOUND('',#445,.T.);
#285=FACE_OUTER_BOUND('',#446,.T.);
#286=FACE_OUTER_BOUND('',#447,.T.);
#287=FACE_OUTER_BOUND('',#448,.T.);
#288=FACE_OUTER_BOUND('',#449,.T.);
#289=FACE_OUTER_BOUND('',#450,.T.);
#290=FACE_OUTER_BOUND('',#451,.T.);
#291=FACE_OUTER_BOUND('',#452,.T.);
#292=FACE_OUTER_BOUND('',#453,.T.);
#293=FACE_OUTER_BOUND('',#454,.T.);
#294=FACE_OUTER_BOUND('',#455,.T.);
#295=FACE_OUTER_BOUND('',#457,.T.);
#296=FACE_OUTER_BOUND('',#458,.T.);
#297=FACE_OUTER_BOUND('',#459,.T.);
#298=FACE_OUTER_BOUND('',#460,.T.);
#299=FACE_OUTER_BOUND('',#461,.T.);
#300=FACE_OUTER_BOUND('',#462,.T.);
#301=FACE_OUTER_BOUND('',#463,.T.);
#302=FACE_OUTER_BOUND('',#464,.T.);
#303=FACE_OUTER_BOUND('',#465,.T.);
#304=FACE_OUTER_BOUND('',#467,.T.);
#305=FACE_OUTER_BOUND('',#469,.T.);
#306=FACE_OUTER_BOUND('',#475,.T.);
#307=FACE_OUTER_BOUND('',#477,.T.);
#308=FACE_OUTER_BOUND('',#479,.T.);
#309=FACE_OUTER_BOUND('',#480,.T.);
#310=FACE_OUTER_BOUND('',#481,.T.);
#311=FACE_OUTER_BOUND('',#484,.T.);
#312=FACE_OUTER_BOUND('',#487,.T.);
#313=FACE_OUTER_BOUND('',#488,.T.);
#314=FACE_OUTER_BOUND('',#489,.T.);
#315=FACE_OUTER_BOUND('',#490,.T.);
#316=FACE_OUTER_BOUND('',#491,.T.);
#317=FACE_OUTER_BOUND('',#492,.T.);
#318=FACE_OUTER_BOUND('',#493,.T.);
#319=FACE_OUTER_BOUND('',#494,.T.);
#320=FACE_OUTER_BOUND('',#495,.T.);
#321=FACE_OUTER_BOUND('',#496,.T.);
#322=FACE_OUTER_BOUND('',#497,.T.);
#323=FACE_OUTER_BOUND('',#498,.T.);
#324=FACE_OUTER_BOUND('',#499,.T.);
#325=FACE_OUTER_BOUND('',#500,.T.);
#326=FACE_OUTER_BOUND('',#501,.T.);
#327=FACE_OUTER_BOUND('',#502,.T.);
#328=FACE_OUTER_BOUND('',#503,.T.);
#329=FACE_OUTER_BOUND('',#504,.T.);
#330=FACE_OUTER_BOUND('',#505,.T.);
#331=FACE_OUTER_BOUND('',#506,.T.);
#332=FACE_OUTER_BOUND('',#507,.T.);
#333=FACE_OUTER_BOUND('',#508,.T.);
#334=FACE_OUTER_BOUND('',#509,.T.);
#335=FACE_OUTER_BOUND('',#510,.T.);
#336=FACE_OUTER_BOUND('',#511,.T.);
#337=FACE_OUTER_BOUND('',#512,.T.);
#338=FACE_OUTER_BOUND('',#513,.T.);
#339=FACE_OUTER_BOUND('',#515,.T.);
#340=FACE_OUTER_BOUND('',#516,.T.);
#341=FACE_OUTER_BOUND('',#518,.T.);
#342=FACE_OUTER_BOUND('',#519,.T.);
#343=FACE_OUTER_BOUND('',#522,.T.);
#344=FACE_OUTER_BOUND('',#524,.T.);
#345=FACE_OUTER_BOUND('',#525,.T.);
#346=FACE_OUTER_BOUND('',#527,.T.);
#347=FACE_OUTER_BOUND('',#528,.T.);
#348=FACE_OUTER_BOUND('',#531,.T.);
#349=FACE_OUTER_BOUND('',#532,.T.);
#350=FACE_OUTER_BOUND('',#533,.T.);
#351=FACE_OUTER_BOUND('',#534,.T.);
#352=FACE_OUTER_BOUND('',#535,.T.);
#353=FACE_OUTER_BOUND('',#536,.T.);
#354=FACE_OUTER_BOUND('',#537,.T.);
#355=FACE_OUTER_BOUND('',#538,.T.);
#356=FACE_OUTER_BOUND('',#539,.T.);
#357=FACE_OUTER_BOUND('',#540,.T.);
#358=FACE_OUTER_BOUND('',#541,.T.);
#359=FACE_OUTER_BOUND('',#542,.T.);
#360=FACE_OUTER_BOUND('',#543,.T.);
#361=FACE_OUTER_BOUND('',#544,.T.);
#362=FACE_OUTER_BOUND('',#545,.T.);
#363=FACE_OUTER_BOUND('',#546,.T.);
#364=FACE_OUTER_BOUND('',#549,.T.);
#365=FACE_OUTER_BOUND('',#550,.T.);
#366=FACE_OUTER_BOUND('',#553,.T.);
#367=FACE_OUTER_BOUND('',#554,.T.);
#368=FACE_OUTER_BOUND('',#555,.T.);
#369=FACE_OUTER_BOUND('',#556,.T.);
#370=FACE_OUTER_BOUND('',#557,.T.);
#371=FACE_OUTER_BOUND('',#558,.T.);
#372=FACE_OUTER_BOUND('',#561,.T.);
#373=EDGE_LOOP('',(#1868,#1869,#1870,#1871));
#374=EDGE_LOOP('',(#1872,#1873,#1874,#1875));
#375=EDGE_LOOP('',(#1876));
#376=EDGE_LOOP('',(#1877,#1878,#1879,#1880,#1881));
#377=EDGE_LOOP('',(#1882,#1883,#1884,#1885,#1886,#1887,#1888,#1889,#1890,
#1891,#1892,#1893));
#378=EDGE_LOOP('',(#1894,#1895,#1896,#1897));
#379=EDGE_LOOP('',(#1898,#1899,#1900,#1901));
#380=EDGE_LOOP('',(#1902,#1903,#1904,#1905,#1906));
#381=EDGE_LOOP('',(#1907,#1908,#1909,#1910,#1911));
#382=EDGE_LOOP('',(#1912,#1913,#1914,#1915));
#383=EDGE_LOOP('',(#1916,#1917,#1918,#1919));
#384=EDGE_LOOP('',(#1920,#1921,#1922,#1923,#1924));
#385=EDGE_LOOP('',(#1925,#1926,#1927,#1928,#1929,#1930,#1931));
#386=EDGE_LOOP('',(#1932,#1933,#1934,#1935,#1936));
#387=EDGE_LOOP('',(#1937,#1938,#1939,#1940,#1941,#1942,#1943,#1944,#1945,
#1946,#1947,#1948));
#388=EDGE_LOOP('',(#1949,#1950,#1951,#1952));
#389=EDGE_LOOP('',(#1953,#1954,#1955,#1956));
#390=EDGE_LOOP('',(#1957,#1958,#1959,#1960,#1961));
#391=EDGE_LOOP('',(#1962,#1963,#1964,#1965));
#392=EDGE_LOOP('',(#1966,#1967,#1968,#1969));
#393=EDGE_LOOP('',(#1970));
#394=EDGE_LOOP('',(#1971,#1972,#1973,#1974,#1975));
#395=EDGE_LOOP('',(#1976,#1977,#1978,#1979));
#396=EDGE_LOOP('',(#1980,#1981,#1982,#1983));
#397=EDGE_LOOP('',(#1984,#1985,#1986,#1987,#1988));
#398=EDGE_LOOP('',(#1989,#1990,#1991,#1992,#1993));
#399=EDGE_LOOP('',(#1994,#1995,#1996,#1997,#1998,#1999,#2000,#2001,#2002,
#2003,#2004,#2005));
#400=EDGE_LOOP('',(#2006,#2007,#2008,#2009));
#401=EDGE_LOOP('',(#2010,#2011,#2012,#2013));
#402=EDGE_LOOP('',(#2014,#2015,#2016,#2017,#2018));
#403=EDGE_LOOP('',(#2019,#2020,#2021,#2022,#2023));
#404=EDGE_LOOP('',(#2024,#2025,#2026,#2027));
#405=EDGE_LOOP('',(#2028,#2029,#2030,#2031));
#406=EDGE_LOOP('',(#2032,#2033,#2034,#2035,#2036));
#407=EDGE_LOOP('',(#2037,#2038,#2039,#2040,#2041,#2042,#2043));
#408=EDGE_LOOP('',(#2044,#2045,#2046,#2047));
#409=EDGE_LOOP('',(#2048,#2049,#2050,#2051));
#410=EDGE_LOOP('',(#2052));
#411=EDGE_LOOP('',(#2053,#2054,#2055,#2056));
#412=EDGE_LOOP('',(#2057,#2058,#2059,#2060));
#413=EDGE_LOOP('',(#2061));
#414=EDGE_LOOP('',(#2062,#2063,#2064,#2065,#2066));
#415=EDGE_LOOP('',(#2067,#2068,#2069,#2070,#2071,#2072,#2073,#2074,#2075,
#2076,#2077,#2078));
#416=EDGE_LOOP('',(#2079,#2080,#2081,#2082));
#417=EDGE_LOOP('',(#2083,#2084,#2085,#2086));
#418=EDGE_LOOP('',(#2087,#2088,#2089,#2090,#2091));
#419=EDGE_LOOP('',(#2092,#2093,#2094,#2095,#2096));
#420=EDGE_LOOP('',(#2097,#2098,#2099,#2100));
#421=EDGE_LOOP('',(#2101,#2102,#2103,#2104));
#422=EDGE_LOOP('',(#2105,#2106,#2107,#2108,#2109));
#423=EDGE_LOOP('',(#2110,#2111,#2112,#2113));
#424=EDGE_LOOP('',(#2114,#2115,#2116,#2117));
#425=EDGE_LOOP('',(#2118,#2119,#2120,#2121));
#426=EDGE_LOOP('',(#2122,#2123,#2124,#2125));
#427=EDGE_LOOP('',(#2126,#2127,#2128,#2129,#2130,#2131,#2132));
#428=EDGE_LOOP('',(#2133,#2134,#2135,#2136,#2137,#2138,#2139));
#429=EDGE_LOOP('',(#2140,#2141,#2142,#2143));
#430=EDGE_LOOP('',(#2144,#2145,#2146,#2147,#2148,#2149,#2150));
#431=EDGE_LOOP('',(#2151,#2152,#2153,#2154,#2155,#2156,#2157));
#432=EDGE_LOOP('',(#2158,#2159,#2160,#2161,#2162,#2163,#2164));
#433=EDGE_LOOP('',(#2165,#2166,#2167,#2168,#2169));
#434=EDGE_LOOP('',(#2170,#2171,#2172));
#435=EDGE_LOOP('',(#2173,#2174,#2175,#2176,#2177));
#436=EDGE_LOOP('',(#2178,#2179,#2180));
#437=EDGE_LOOP('',(#2181,#2182,#2183));
#438=EDGE_LOOP('',(#2184,#2185,#2186,#2187,#2188));
#439=EDGE_LOOP('',(#2189,#2190,#2191));
#440=EDGE_LOOP('',(#2192,#2193,#2194));
#441=EDGE_LOOP('',(#2195,#2196,#2197,#2198,#2199,#2200,#2201));
#442=EDGE_LOOP('',(#2202,#2203,#2204));
#443=EDGE_LOOP('',(#2205,#2206,#2207));
#444=EDGE_LOOP('',(#2208,#2209,#2210));
#445=EDGE_LOOP('',(#2211,#2212,#2213,#2214,#2215));
#446=EDGE_LOOP('',(#2216,#2217,#2218,#2219));
#447=EDGE_LOOP('',(#2220,#2221,#2222,#2223));
#448=EDGE_LOOP('',(#2224,#2225,#2226,#2227));
#449=EDGE_LOOP('',(#2228,#2229,#2230,#2231));
#450=EDGE_LOOP('',(#2232,#2233,#2234,#2235));
#451=EDGE_LOOP('',(#2236,#2237,#2238,#2239));
#452=EDGE_LOOP('',(#2240,#2241,#2242,#2243));
#453=EDGE_LOOP('',(#2244,#2245,#2246,#2247,#2248,#2249,#2250,#2251,#2252,
#2253,#2254,#2255,#2256,#2257,#2258,#2259,#2260,#2261,#2262,#2263,#2264,
#2265,#2266,#2267,#2268,#2269,#2270,#2271,#2272,#2273,#2274,#2275,#2276,
#2277,#2278,#2279,#2280,#2281,#2282,#2283,#2284,#2285,#2286,#2287,#2288,
#2289,#2290,#2291,#2292,#2293,#2294,#2295,#2296,#2297,#2298));
#454=EDGE_LOOP('',(#2299,#2300,#2301,#2302));
#455=EDGE_LOOP('',(#2303));
#456=EDGE_LOOP('',(#2304));
#457=EDGE_LOOP('',(#2305,#2306,#2307,#2308));
#458=EDGE_LOOP('',(#2309,#2310,#2311,#2312));
#459=EDGE_LOOP('',(#2313,#2314,#2315,#2316));
#460=EDGE_LOOP('',(#2317,#2318,#2319,#2320));
#461=EDGE_LOOP('',(#2321,#2322,#2323,#2324));
#462=EDGE_LOOP('',(#2325,#2326,#2327,#2328));
#463=EDGE_LOOP('',(#2329,#2330,#2331,#2332));
#464=EDGE_LOOP('',(#2333,#2334,#2335,#2336));
#465=EDGE_LOOP('',(#2337,#2338,#2339,#2340));
#466=EDGE_LOOP('',(#2341,#2342,#2343,#2344));
#467=EDGE_LOOP('',(#2345,#2346,#2347,#2348));
#468=EDGE_LOOP('',(#2349,#2350,#2351,#2352));
#469=EDGE_LOOP('',(#2353));
#470=EDGE_LOOP('',(#2354));
#471=EDGE_LOOP('',(#2355,#2356,#2357,#2358));
#472=EDGE_LOOP('',(#2359,#2360,#2361,#2362));
#473=EDGE_LOOP('',(#2363,#2364,#2365,#2366));
#474=EDGE_LOOP('',(#2367,#2368,#2369,#2370));
#475=EDGE_LOOP('',(#2371,#2372,#2373,#2374));
#476=EDGE_LOOP('',(#2375,#2376,#2377,#2378));
#477=EDGE_LOOP('',(#2379,#2380,#2381,#2382));
#478=EDGE_LOOP('',(#2383,#2384,#2385,#2386));
#479=EDGE_LOOP('',(#2387,#2388,#2389,#2390));
#480=EDGE_LOOP('',(#2391,#2392,#2393,#2394));
#481=EDGE_LOOP('',(#2395,#2396,#2397,#2398));
#482=EDGE_LOOP('',(#2399));
#483=EDGE_LOOP('',(#2400));
#484=EDGE_LOOP('',(#2401,#2402,#2403,#2404));
#485=EDGE_LOOP('',(#2405));
#486=EDGE_LOOP('',(#2406));
#487=EDGE_LOOP('',(#2407,#2408,#2409,#2410));
#488=EDGE_LOOP('',(#2411,#2412,#2413,#2414));
#489=EDGE_LOOP('',(#2415,#2416,#2417,#2418));
#490=EDGE_LOOP('',(#2419));
#491=EDGE_LOOP('',(#2420,#2421,#2422,#2423));
#492=EDGE_LOOP('',(#2424));
#493=EDGE_LOOP('',(#2425,#2426,#2427,#2428));
#494=EDGE_LOOP('',(#2429));
#495=EDGE_LOOP('',(#2430,#2431,#2432,#2433));
#496=EDGE_LOOP('',(#2434));
#497=EDGE_LOOP('',(#2435,#2436,#2437,#2438));
#498=EDGE_LOOP('',(#2439,#2440,#2441,#2442));
#499=EDGE_LOOP('',(#2443,#2444,#2445,#2446));
#500=EDGE_LOOP('',(#2447,#2448,#2449,#2450));
#501=EDGE_LOOP('',(#2451,#2452,#2453,#2454));
#502=EDGE_LOOP('',(#2455,#2456,#2457,#2458));
#503=EDGE_LOOP('',(#2459,#2460,#2461,#2462));
#504=EDGE_LOOP('',(#2463,#2464,#2465,#2466));
#505=EDGE_LOOP('',(#2467,#2468,#2469,#2470));
#506=EDGE_LOOP('',(#2471));
#507=EDGE_LOOP('',(#2472,#2473,#2474,#2475));
#508=EDGE_LOOP('',(#2476));
#509=EDGE_LOOP('',(#2477,#2478,#2479,#2480));
#510=EDGE_LOOP('',(#2481));
#511=EDGE_LOOP('',(#2482,#2483,#2484,#2485));
#512=EDGE_LOOP('',(#2486));
#513=EDGE_LOOP('',(#2487,#2488,#2489,#2490));
#514=EDGE_LOOP('',(#2491,#2492,#2493,#2494));
#515=EDGE_LOOP('',(#2495,#2496,#2497,#2498));
#516=EDGE_LOOP('',(#2499,#2500,#2501,#2502));
#517=EDGE_LOOP('',(#2503,#2504,#2505,#2506));
#518=EDGE_LOOP('',(#2507,#2508,#2509,#2510));
#519=EDGE_LOOP('',(#2511,#2512,#2513,#2514));
#520=EDGE_LOOP('',(#2515));
#521=EDGE_LOOP('',(#2516));
#522=EDGE_LOOP('',(#2517,#2518,#2519,#2520));
#523=EDGE_LOOP('',(#2521,#2522,#2523,#2524));
#524=EDGE_LOOP('',(#2525,#2526,#2527,#2528));
#525=EDGE_LOOP('',(#2529,#2530,#2531,#2532));
#526=EDGE_LOOP('',(#2533,#2534,#2535,#2536));
#527=EDGE_LOOP('',(#2537,#2538,#2539,#2540));
#528=EDGE_LOOP('',(#2541,#2542,#2543,#2544));
#529=EDGE_LOOP('',(#2545));
#530=EDGE_LOOP('',(#2546));
#531=EDGE_LOOP('',(#2547,#2548,#2549,#2550));
#532=EDGE_LOOP('',(#2551,#2552,#2553,#2554));
#533=EDGE_LOOP('',(#2555,#2556,#2557,#2558));
#534=EDGE_LOOP('',(#2559,#2560,#2561,#2562));
#535=EDGE_LOOP('',(#2563,#2564,#2565,#2566));
#536=EDGE_LOOP('',(#2567,#2568,#2569,#2570));
#537=EDGE_LOOP('',(#2571,#2572,#2573,#2574));
#538=EDGE_LOOP('',(#2575));
#539=EDGE_LOOP('',(#2576,#2577,#2578,#2579));
#540=EDGE_LOOP('',(#2580));
#541=EDGE_LOOP('',(#2581,#2582,#2583,#2584));
#542=EDGE_LOOP('',(#2585));
#543=EDGE_LOOP('',(#2586,#2587,#2588,#2589));
#544=EDGE_LOOP('',(#2590));
#545=EDGE_LOOP('',(#2591,#2592,#2593,#2594));
#546=EDGE_LOOP('',(#2595,#2596,#2597,#2598));
#547=EDGE_LOOP('',(#2599));
#548=EDGE_LOOP('',(#2600));
#549=EDGE_LOOP('',(#2601,#2602,#2603,#2604));
#550=EDGE_LOOP('',(#2605,#2606,#2607,#2608));
#551=EDGE_LOOP('',(#2609));
#552=EDGE_LOOP('',(#2610));
#553=EDGE_LOOP('',(#2611,#2612,#2613,#2614));
#554=EDGE_LOOP('',(#2615,#2616,#2617,#2618));
#555=EDGE_LOOP('',(#2619,#2620,#2621,#2622,#2623,#2624,#2625,#2626));
#556=EDGE_LOOP('',(#2627,#2628,#2629,#2630,#2631,#2632,#2633,#2634));
#557=EDGE_LOOP('',(#2635,#2636,#2637,#2638));
#558=EDGE_LOOP('',(#2639));
#559=EDGE_LOOP('',(#2640,#2641,#2642,#2643));
#560=EDGE_LOOP('',(#2644,#2645,#2646,#2647));
#561=EDGE_LOOP('',(#2648,#2649,#2650,#2651,#2652,#2653,#2654,#2655,#2656,
#2657,#2658,#2659,#2660,#2661,#2662,#2663));
#562=EDGE_LOOP('',(#2664));
#563=EDGE_LOOP('',(#2665));
#564=EDGE_LOOP('',(#2666));
#565=EDGE_LOOP('',(#2667));
#566=LINE('',#3946,#851);
#567=LINE('',#3949,#852);
#568=LINE('',#3952,#853);
#569=LINE('',#3954,#854);
#570=LINE('',#3955,#855);
#571=LINE('',#3963,#856);
#572=LINE('',#3967,#857);
#573=LINE('',#3974,#858);
#574=LINE('',#3978,#859);
#575=LINE('',#3982,#860);
#576=LINE('',#3984,#861);
#577=LINE('',#3985,#862);
#578=LINE('',#3987,#863);
#579=LINE('',#3990,#864);
#580=LINE('',#3993,#865);
#581=LINE('',#3994,#866);
#582=LINE('',#4007,#867);
#583=LINE('',#4010,#868);
#584=LINE('',#4018,#869);
#585=LINE('',#4021,#870);
#586=LINE('',#4026,#871);
#587=LINE('',#4029,#872);
#588=LINE('',#4038,#873);
#589=LINE('',#4040,#874);
#590=LINE('',#4041,#875);
#591=LINE('',#4047,#876);
#592=LINE('',#4051,#877);
#593=LINE('',#4058,#878);
#594=LINE('',#4062,#879);
#595=LINE('',#4064,#880);
#596=LINE('',#4066,#881);
#597=LINE('',#4070,#882);
#598=LINE('',#4074,#883);
#599=LINE('',#4076,#884);
#600=LINE('',#4077,#885);
#601=LINE('',#4080,#886);
#602=LINE('',#4081,#887);
#603=LINE('',#4094,#888);
#604=LINE('',#4099,#889);
#605=LINE('',#4103,#890);
#606=LINE('',#4105,#891);
#607=LINE('',#4106,#892);
#608=LINE('',#4113,#893);
#609=LINE('',#4115,#894);
#610=LINE('',#4124,#895);
#611=LINE('',#4125,#896);
#612=LINE('',#4136,#897);
#613=LINE('',#4142,#898);
#614=LINE('',#4146,#899);
#615=LINE('',#4153,#900);
#616=LINE('',#4157,#901);
#617=LINE('',#4159,#902);
#618=LINE('',#4161,#903);
#619=LINE('',#4165,#904);
#620=LINE('',#4169,#905);
#621=LINE('',#4171,#906);
#622=LINE('',#4172,#907);
#623=LINE('',#4175,#908);
#624=LINE('',#4176,#909);
#625=LINE('',#4189,#910);
#626=LINE('',#4192,#911);
#627=LINE('',#4200,#912);
#628=LINE('',#4203,#913);
#629=LINE('',#4208,#914);
#630=LINE('',#4211,#915);
#631=LINE('',#4222,#916);
#632=LINE('',#4224,#917);
#633=LINE('',#4226,#918);
#634=LINE('',#4227,#919);
#635=LINE('',#4231,#920);
#636=LINE('',#4234,#921);
#637=LINE('',#4235,#922);
#638=LINE('',#4243,#923);
#639=LINE('',#4246,#924);
#640=LINE('',#4249,#925);
#641=LINE('',#4251,#926);
#642=LINE('',#4252,#927);
#643=LINE('',#4260,#928);
#644=LINE('',#4264,#929);
#645=LINE('',#4271,#930);
#646=LINE('',#4275,#931);
#647=LINE('',#4279,#932);
#648=LINE('',#4281,#933);
#649=LINE('',#4282,#934);
#650=LINE('',#4284,#935);
#651=LINE('',#4287,#936);
#652=LINE('',#4290,#937);
#653=LINE('',#4291,#938);
#654=LINE('',#4304,#939);
#655=LINE('',#4309,#940);
#656=LINE('',#4311,#941);
#657=LINE('',#4320,#942);
#658=LINE('',#4321,#943);
#659=LINE('',#4332,#944);
#660=LINE('',#4335,#945);
#661=LINE('',#4339,#946);
#662=LINE('',#4343,#947);
#663=LINE('',#4347,#948);
#664=LINE('',#4351,#949);
#665=LINE('',#4353,#950);
#666=LINE('',#4354,#951);
#667=LINE('',#4357,#952);
#668=LINE('',#4359,#953);
#669=LINE('',#4360,#954);
#670=LINE('',#4363,#955);
#671=LINE('',#4364,#956);
#672=LINE('',#4367,#957);
#673=LINE('',#4369,#958);
#674=LINE('',#4370,#959);
#675=LINE('',#4373,#960);
#676=LINE('',#4375,#961);
#677=LINE('',#4376,#962);
#678=LINE('',#4379,#963);
#679=LINE('',#4381,#964);
#680=LINE('',#4382,#965);
#681=LINE('',#4385,#966);
#682=LINE('',#4387,#967);
#683=LINE('',#4388,#968);
#684=LINE('',#4393,#969);
#685=LINE('',#4394,#970);
#686=LINE('',#4401,#971);
#687=LINE('',#4402,#972);
#688=LINE('',#4409,#973);
#689=LINE('',#4410,#974);
#690=LINE('',#4415,#975);
#691=LINE('',#4418,#976);
#692=LINE('',#4423,#977);
#693=LINE('',#4424,#978);
#694=LINE('',#4427,#979);
#695=LINE('',#4428,#980);
#696=LINE('',#4431,#981);
#697=LINE('',#4432,#982);
#698=LINE('',#4435,#983);
#699=LINE('',#4436,#984);
#700=LINE('',#4439,#985);
#701=LINE('',#4440,#986);
#702=LINE('',#4443,#987);
#703=LINE('',#4444,#988);
#704=LINE('',#4447,#989);
#705=LINE('',#4448,#990);
#706=LINE('',#4452,#991);
#707=LINE('',#4461,#992);
#708=LINE('',#4467,#993);
#709=LINE('',#4469,#994);
#710=LINE('',#4471,#995);
#711=LINE('',#4472,#996);
#712=LINE('',#4476,#997);
#713=LINE('',#4478,#998);
#714=LINE('',#4480,#999);
#715=LINE('',#4481,#1000);
#716=LINE('',#4484,#1001);
#717=LINE('',#4486,#1002);
#718=LINE('',#4487,#1003);
#719=LINE('',#4490,#1004);
#720=LINE('',#4492,#1005);
#721=LINE('',#4493,#1006);
#722=LINE('',#4496,#1007);
#723=LINE('',#4498,#1008);
#724=LINE('',#4499,#1009);
#725=LINE('',#4501,#1010);
#726=LINE('',#4502,#1011);
#727=LINE('',#4505,#1012);
#728=LINE('',#4507,#1013);
#729=LINE('',#4508,#1014);
#730=LINE('',#4510,#1015);
#731=LINE('',#4511,#1016);
#732=LINE('',#4515,#1017);
#733=LINE('',#4517,#1018);
#734=LINE('',#4519,#1019);
#735=LINE('',#4520,#1020);
#736=LINE('',#4524,#1021);
#737=LINE('',#4526,#1022);
#738=LINE('',#4528,#1023);
#739=LINE('',#4529,#1024);
#740=LINE('',#4535,#1025);
#741=LINE('',#4537,#1026);
#742=LINE('',#4539,#1027);
#743=LINE('',#4540,#1028);
#744=LINE('',#4543,#1029);
#745=LINE('',#4545,#1030);
#746=LINE('',#4547,#1031);
#747=LINE('',#4548,#1032);
#748=LINE('',#4550,#1033);
#749=LINE('',#4552,#1034);
#750=LINE('',#4553,#1035);
#751=LINE('',#4555,#1036);
#752=LINE('',#4557,#1037);
#753=LINE('',#4558,#1038);
#754=LINE('',#4562,#1039);
#755=LINE('',#4563,#1040);
#756=LINE('',#4564,#1041);
#757=LINE('',#4568,#1042);
#758=LINE('',#4569,#1043);
#759=LINE('',#4570,#1044);
#760=LINE('',#4572,#1045);
#761=LINE('',#4574,#1046);
#762=LINE('',#4576,#1047);
#763=LINE('',#4582,#1048);
#764=LINE('',#4591,#1049);
#765=LINE('',#4596,#1050);
#766=LINE('',#4601,#1051);
#767=LINE('',#4606,#1052);
#768=LINE('',#4612,#1053);
#769=LINE('',#4614,#1054);
#770=LINE('',#4616,#1055);
#771=LINE('',#4617,#1056);
#772=LINE('',#4621,#1057);
#773=LINE('',#4623,#1058);
#774=LINE('',#4625,#1059);
#775=LINE('',#4626,#1060);
#776=LINE('',#4629,#1061);
#777=LINE('',#4631,#1062);
#778=LINE('',#4632,#1063);
#779=LINE('',#4635,#1064);
#780=LINE('',#4637,#1065);
#781=LINE('',#4638,#1066);
#782=LINE('',#4641,#1067);
#783=LINE('',#4643,#1068);
#784=LINE('',#4644,#1069);
#785=LINE('',#4646,#1070);
#786=LINE('',#4647,#1071);
#787=LINE('',#4650,#1072);
#788=LINE('',#4652,#1073);
#789=LINE('',#4653,#1074);
#790=LINE('',#4655,#1075);
#791=LINE('',#4656,#1076);
#792=LINE('',#4661,#1077);
#793=LINE('',#4668,#1078);
#794=LINE('',#4675,#1079);
#795=LINE('',#4682,#1080);
#796=LINE('',#4687,#1081);
#797=LINE('',#4689,#1082);
#798=LINE('',#4690,#1083);
#799=LINE('',#4693,#1084);
#800=LINE('',#4694,#1085);
#801=LINE('',#4697,#1086);
#802=LINE('',#4698,#1087);
#803=LINE('',#4700,#1088);
#804=LINE('',#4704,#1089);
#805=LINE('',#4706,#1090);
#806=LINE('',#4707,#1091);
#807=LINE('',#4710,#1092);
#808=LINE('',#4711,#1093);
#809=LINE('',#4714,#1094);
#810=LINE('',#4715,#1095);
#811=LINE('',#4717,#1096);
#812=LINE('',#4722,#1097);
#813=LINE('',#4726,#1098);
#814=LINE('',#4731,#1099);
#815=LINE('',#4734,#1100);
#816=LINE('',#4736,#1101);
#817=LINE('',#4737,#1102);
#818=LINE('',#4740,#1103);
#819=LINE('',#4741,#1104);
#820=LINE('',#4744,#1105);
#821=LINE('',#4745,#1106);
#822=LINE('',#4747,#1107);
#823=LINE('',#4752,#1108);
#824=LINE('',#4759,#1109);
#825=LINE('',#4766,#1110);
#826=LINE('',#4773,#1111);
#827=LINE('',#4779,#1112);
#828=LINE('',#4781,#1113);
#829=LINE('',#4783,#1114);
#830=LINE('',#4784,#1115);
#831=LINE('',#4788,#1116);
#832=LINE('',#4789,#1117);
#833=LINE('',#4790,#1118);
#834=LINE('',#4794,#1119);
#835=LINE('',#4796,#1120);
#836=LINE('',#4798,#1121);
#837=LINE('',#4799,#1122);
#838=LINE('',#4802,#1123);
#839=LINE('',#4804,#1124);
#840=LINE('',#4805,#1125);
#841=LINE('',#4808,#1126);
#842=LINE('',#4810,#1127);
#843=LINE('',#4811,#1128);
#844=LINE('',#4814,#1129);
#845=LINE('',#4816,#1130);
#846=LINE('',#4817,#1131);
#847=LINE('',#4819,#1132);
#848=LINE('',#4820,#1133);
#849=LINE('',#4822,#1134);
#850=LINE('',#4823,#1135);
#851=VECTOR('',#3147,10.);
#852=VECTOR('',#3150,10.);
#853=VECTOR('',#3153,10.);
#854=VECTOR('',#3154,10.);
#855=VECTOR('',#3155,10.);
#856=VECTOR('',#3162,10.);
#857=VECTOR('',#3165,10.);
#858=VECTOR('',#3168,10.);
#859=VECTOR('',#3171,10.);
#860=VECTOR('',#3174,10.);
#861=VECTOR('',#3175,10.);
#862=VECTOR('',#3176,10.);
#863=VECTOR('',#3177,10.);
#864=VECTOR('',#3180,10.);
#865=VECTOR('',#3183,10.);
#866=VECTOR('',#3184,10.);
#867=VECTOR('',#3193,10.);
#868=VECTOR('',#3196,10.);
#869=VECTOR('',#3199,10.);
#870=VECTOR('',#3202,10.);
#871=VECTOR('',#3209,10.);
#872=VECTOR('',#3212,10.);
#873=VECTOR('',#3215,10.);
#874=VECTOR('',#3216,10.);
#875=VECTOR('',#3217,10.);
#876=VECTOR('',#3222,10.);
#877=VECTOR('',#3225,10.);
#878=VECTOR('',#3228,10.);
#879=VECTOR('',#3231,10.);
#880=VECTOR('',#3232,10.);
#881=VECTOR('',#3233,10.);
#882=VECTOR('',#3236,10.);
#883=VECTOR('',#3239,10.);
#884=VECTOR('',#3240,10.);
#885=VECTOR('',#3241,10.);
#886=VECTOR('',#3244,10.);
#887=VECTOR('',#3245,10.);
#888=VECTOR('',#3254,10.);
#889=VECTOR('',#3259,10.);
#890=VECTOR('',#3264,10.);
#891=VECTOR('',#3265,10.);
#892=VECTOR('',#3266,10.);
#893=VECTOR('',#3273,10.);
#894=VECTOR('',#3274,10.);
#895=VECTOR('',#3277,10.);
#896=VECTOR('',#3278,10.);
#897=VECTOR('',#3287,10.);
#898=VECTOR('',#3292,10.);
#899=VECTOR('',#3295,10.);
#900=VECTOR('',#3298,10.);
#901=VECTOR('',#3301,10.);
#902=VECTOR('',#3302,10.);
#903=VECTOR('',#3303,10.);
#904=VECTOR('',#3306,10.);
#905=VECTOR('',#3309,10.);
#906=VECTOR('',#3310,10.);
#907=VECTOR('',#3311,10.);
#908=VECTOR('',#3314,10.);
#909=VECTOR('',#3315,10.);
#910=VECTOR('',#3324,10.);
#911=VECTOR('',#3327,10.);
#912=VECTOR('',#3330,10.);
#913=VECTOR('',#3333,10.);
#914=VECTOR('',#3340,10.);
#915=VECTOR('',#3343,10.);
#916=VECTOR('',#3348,10.);
#917=VECTOR('',#3349,10.);
#918=VECTOR('',#3350,10.);
#919=VECTOR('',#3351,10.);
#920=VECTOR('',#3356,10.);
#921=VECTOR('',#3359,10.);
#922=VECTOR('',#3360,10.);
#923=VECTOR('',#3367,10.);
#924=VECTOR('',#3370,10.);
#925=VECTOR('',#3373,10.);
#926=VECTOR('',#3374,10.);
#927=VECTOR('',#3375,10.);
#928=VECTOR('',#3382,10.);
#929=VECTOR('',#3385,10.);
#930=VECTOR('',#3388,10.);
#931=VECTOR('',#3391,10.);
#932=VECTOR('',#3394,10.);
#933=VECTOR('',#3395,10.);
#934=VECTOR('',#3396,10.);
#935=VECTOR('',#3397,10.);
#936=VECTOR('',#3400,10.);
#937=VECTOR('',#3403,10.);
#938=VECTOR('',#3404,10.);
#939=VECTOR('',#3413,10.);
#940=VECTOR('',#3418,10.);
#941=VECTOR('',#3419,10.);
#942=VECTOR('',#3422,10.);
#943=VECTOR('',#3423,10.);
#944=VECTOR('',#3432,10.);
#945=VECTOR('',#3435,1.49999999999999);
#946=VECTOR('',#3440,1.5);
#947=VECTOR('',#3445,1.5);
#948=VECTOR('',#3450,1.49999999999999);
#949=VECTOR('',#3455,10.);
#950=VECTOR('',#3456,10.);
#951=VECTOR('',#3457,10.);
#952=VECTOR('',#3460,10.);
#953=VECTOR('',#3461,10.);
#954=VECTOR('',#3462,10.);
#955=VECTOR('',#3465,10.);
#956=VECTOR('',#3466,10.);
#957=VECTOR('',#3469,10.);
#958=VECTOR('',#3470,10.);
#959=VECTOR('',#3471,10.);
#960=VECTOR('',#3474,10.);
#961=VECTOR('',#3475,10.);
#962=VECTOR('',#3476,10.);
#963=VECTOR('',#3479,10.);
#964=VECTOR('',#3480,10.);
#965=VECTOR('',#3481,10.);
#966=VECTOR('',#3484,10.);
#967=VECTOR('',#3485,10.);
#968=VECTOR('',#3486,10.);
#969=VECTOR('',#3493,10.);
#970=VECTOR('',#3494,10.);
#971=VECTOR('',#3505,10.);
#972=VECTOR('',#3506,10.);
#973=VECTOR('',#3517,10.);
#974=VECTOR('',#3518,10.);
#975=VECTOR('',#3525,10.);
#976=VECTOR('',#3530,10.);
#977=VECTOR('',#3537,10.);
#978=VECTOR('',#3538,10.);
#979=VECTOR('',#3541,10.);
#980=VECTOR('',#3542,10.);
#981=VECTOR('',#3545,10.);
#982=VECTOR('',#3546,10.);
#983=VECTOR('',#3549,10.);
#984=VECTOR('',#3550,10.);
#985=VECTOR('',#3553,10.);
#986=VECTOR('',#3554,10.);
#987=VECTOR('',#3557,10.);
#988=VECTOR('',#3558,10.);
#989=VECTOR('',#3561,10.);
#990=VECTOR('',#3562,10.);
#991=VECTOR('',#3567,100.);
#992=VECTOR('',#3580,97.);
#993=VECTOR('',#3587,10.);
#994=VECTOR('',#3588,10.);
#995=VECTOR('',#3589,10.);
#996=VECTOR('',#3590,10.);
#997=VECTOR('',#3593,10.);
#998=VECTOR('',#3594,10.);
#999=VECTOR('',#3595,10.);
#1000=VECTOR('',#3596,10.);
#1001=VECTOR('',#3599,10.);
#1002=VECTOR('',#3600,10.);
#1003=VECTOR('',#3601,10.);
#1004=VECTOR('',#3604,10.);
#1005=VECTOR('',#3605,10.);
#1006=VECTOR('',#3606,10.);
#1007=VECTOR('',#3609,10.);
#1008=VECTOR('',#3610,10.);
#1009=VECTOR('',#3611,10.);
#1010=VECTOR('',#3614,10.);
#1011=VECTOR('',#3615,10.);
#1012=VECTOR('',#3618,10.);
#1013=VECTOR('',#3619,10.);
#1014=VECTOR('',#3620,10.);
#1015=VECTOR('',#3623,10.);
#1016=VECTOR('',#3624,10.);
#1017=VECTOR('',#3627,10.);
#1018=VECTOR('',#3628,10.);
#1019=VECTOR('',#3629,10.);
#1020=VECTOR('',#3630,10.);
#1021=VECTOR('',#3633,10.);
#1022=VECTOR('',#3634,10.);
#1023=VECTOR('',#3635,10.);
#1024=VECTOR('',#3636,10.);
#1025=VECTOR('',#3641,10.);
#1026=VECTOR('',#3642,10.);
#1027=VECTOR('',#3643,10.);
#1028=VECTOR('',#3644,10.);
#1029=VECTOR('',#3645,10.);
#1030=VECTOR('',#3646,10.);
#1031=VECTOR('',#3647,10.);
#1032=VECTOR('',#3648,10.);
#1033=VECTOR('',#3649,10.);
#1034=VECTOR('',#3650,10.);
#1035=VECTOR('',#3651,10.);
#1036=VECTOR('',#3652,10.);
#1037=VECTOR('',#3653,10.);
#1038=VECTOR('',#3654,10.);
#1039=VECTOR('',#3657,10.);
#1040=VECTOR('',#3658,10.);
#1041=VECTOR('',#3659,10.);
#1042=VECTOR('',#3662,10.);
#1043=VECTOR('',#3663,10.);
#1044=VECTOR('',#3664,10.);
#1045=VECTOR('',#3667,10.);
#1046=VECTOR('',#3670,10.);
#1047=VECTOR('',#3673,10.);
#1048=VECTOR('',#3680,10.);
#1049=VECTOR('',#3691,1.);
#1050=VECTOR('',#3698,1.);
#1051=VECTOR('',#3705,0.999999999999999);
#1052=VECTOR('',#3712,0.999999999999999);
#1053=VECTOR('',#3719,10.);
#1054=VECTOR('',#3720,10.);
#1055=VECTOR('',#3721,10.);
#1056=VECTOR('',#3722,10.);
#1057=VECTOR('',#3725,10.);
#1058=VECTOR('',#3726,10.);
#1059=VECTOR('',#3727,10.);
#1060=VECTOR('',#3728,10.);
#1061=VECTOR('',#3731,10.);
#1062=VECTOR('',#3732,10.);
#1063=VECTOR('',#3733,10.);
#1064=VECTOR('',#3736,10.);
#1065=VECTOR('',#3737,10.);
#1066=VECTOR('',#3738,10.);
#1067=VECTOR('',#3741,10.);
#1068=VECTOR('',#3742,10.);
#1069=VECTOR('',#3743,10.);
#1070=VECTOR('',#3746,10.);
#1071=VECTOR('',#3747,10.);
#1072=VECTOR('',#3750,10.);
#1073=VECTOR('',#3751,10.);
#1074=VECTOR('',#3752,10.);
#1075=VECTOR('',#3755,10.);
#1076=VECTOR('',#3756,10.);
#1077=VECTOR('',#3761,1.);
#1078=VECTOR('',#3770,0.999999999999997);
#1079=VECTOR('',#3779,0.999999999999996);
#1080=VECTOR('',#3788,1.);
#1081=VECTOR('',#3795,10.);
#1082=VECTOR('',#3796,10.);
#1083=VECTOR('',#3797,10.);
#1084=VECTOR('',#3800,10.);
#1085=VECTOR('',#3801,10.);
#1086=VECTOR('',#3804,10.);
#1087=VECTOR('',#3805,10.);
#1088=VECTOR('',#3808,10.);
#1089=VECTOR('',#3813,10.);
#1090=VECTOR('',#3814,10.);
#1091=VECTOR('',#3815,10.);
#1092=VECTOR('',#3818,10.);
#1093=VECTOR('',#3819,10.);
#1094=VECTOR('',#3822,10.);
#1095=VECTOR('',#3823,10.);
#1096=VECTOR('',#3826,10.);
#1097=VECTOR('',#3831,10.);
#1098=VECTOR('',#3834,10.);
#1099=VECTOR('',#3841,42.5);
#1100=VECTOR('',#3844,10.);
#1101=VECTOR('',#3845,10.);
#1102=VECTOR('',#3846,10.);
#1103=VECTOR('',#3849,10.);
#1104=VECTOR('',#3850,10.);
#1105=VECTOR('',#3853,10.);
#1106=VECTOR('',#3854,10.);
#1107=VECTOR('',#3857,10.);
#1108=VECTOR('',#3862,1.5);
#1109=VECTOR('',#3871,1.5);
#1110=VECTOR('',#3880,1.5);
#1111=VECTOR('',#3889,1.5);
#1112=VECTOR('',#3896,10.);
#1113=VECTOR('',#3897,10.);
#1114=VECTOR('',#3898,10.);
#1115=VECTOR('',#3899,10.);
#1116=VECTOR('',#3902,10.);
#1117=VECTOR('',#3903,10.);
#1118=VECTOR('',#3904,10.);
#1119=VECTOR('',#3907,10.);
#1120=VECTOR('',#3908,10.);
#1121=VECTOR('',#3909,10.);
#1122=VECTOR('',#3910,10.);
#1123=VECTOR('',#3913,10.);
#1124=VECTOR('',#3914,10.);
#1125=VECTOR('',#3915,10.);
#1126=VECTOR('',#3918,10.);
#1127=VECTOR('',#3919,10.);
#1128=VECTOR('',#3920,10.);
#1129=VECTOR('',#3923,10.);
#1130=VECTOR('',#3924,10.);
#1131=VECTOR('',#3925,10.);
#1132=VECTOR('',#3928,10.);
#1133=VECTOR('',#3929,10.);
#1134=VECTOR('',#3932,10.);
#1135=VECTOR('',#3933,10.);
#1136=CIRCLE('',#2886,1.);
#1137=CIRCLE('',#2887,1.);
#1138=CIRCLE('',#2889,1.5);
#1139=CIRCLE('',#2899,100.);
#1140=CIRCLE('',#2906,100.);
#1141=CIRCLE('',#2919,100.);
#1142=CIRCLE('',#2923,1.);
#1143=CIRCLE('',#2924,1.);
#1144=CIRCLE('',#2926,1.49999999999999);
#1145=CIRCLE('',#2931,100.);
#1146=CIRCLE('',#2943,100.);
#1147=CIRCLE('',#2950,100.);
#1148=CIRCLE('',#2954,1.);
#1149=CIRCLE('',#2956,1.);
#1150=CIRCLE('',#2958,1.49999999999999);
#1151=CIRCLE('',#2960,1.);
#1152=CIRCLE('',#2961,1.);
#1153=CIRCLE('',#2963,1.5);
#1154=CIRCLE('',#2973,100.);
#1155=CIRCLE('',#2980,100.);
#1156=CIRCLE('',#2984,1.49999999999999);
#1157=CIRCLE('',#2986,1.5);
#1158=CIRCLE('',#2988,1.5);
#1159=CIRCLE('',#2990,1.49999999999999);
#1160=CIRCLE('',#2999,100.000000000001);
#1161=CIRCLE('',#3002,100.000000000001);
#1162=CIRCLE('',#3004,100.000000000001);
#1163=CIRCLE('',#3007,100.000000000001);
#1164=CIRCLE('',#3009,100.000000000001);
#1165=CIRCLE('',#3012,100.000000000001);
#1166=CIRCLE('',#3014,100.);
#1167=CIRCLE('',#3016,100.);
#1168=CIRCLE('',#3026,100.);
#1169=CIRCLE('',#3027,100.);
#1170=CIRCLE('',#3028,100.);
#1171=CIRCLE('',#3029,100.);
#1172=CIRCLE('',#3030,100.);
#1173=CIRCLE('',#3032,97.);
#1174=CIRCLE('',#3033,97.);
#1175=CIRCLE('',#3046,42.5);
#1176=CIRCLE('',#3052,1.);
#1177=CIRCLE('',#3053,0.999999999999999);
#1178=CIRCLE('',#3055,0.999999999999999);
#1179=CIRCLE('',#3056,1.);
#1180=CIRCLE('',#3060,1.);
#1181=CIRCLE('',#3063,1.);
#1182=CIRCLE('',#3066,0.999999999999999);
#1183=CIRCLE('',#3069,0.999999999999999);
#1184=CIRCLE('',#3080,1.);
#1185=CIRCLE('',#3081,1.);
#1186=CIRCLE('',#3084,0.999999999999997);
#1187=CIRCLE('',#3085,0.999999999999997);
#1188=CIRCLE('',#3088,0.999999999999996);
#1189=CIRCLE('',#3089,0.999999999999996);
#1190=CIRCLE('',#3092,1.);
#1191=CIRCLE('',#3093,1.);
#1192=CIRCLE('',#3106,39.5);
#1193=CIRCLE('',#3107,39.5);
#1194=CIRCLE('',#3109,42.5);
#1195=CIRCLE('',#3115,1.5);
#1196=CIRCLE('',#3116,1.5);
#1197=CIRCLE('',#3119,1.5);
#1198=CIRCLE('',#3120,1.5);
#1199=CIRCLE('',#3123,1.5);
#1200=CIRCLE('',#3124,1.5);
#1201=CIRCLE('',#3127,1.5);
#1202=CIRCLE('',#3128,1.5);
#1203=VERTEX_POINT('',#3942);
#1204=VERTEX_POINT('',#3943);
#1205=VERTEX_POINT('',#3945);
#1206=VERTEX_POINT('',#3947);
#1207=VERTEX_POINT('',#3951);
#1208=VERTEX_POINT('',#3953);
#1209=VERTEX_POINT('',#3956);
#1210=VERTEX_POINT('',#3959);
#1211=VERTEX_POINT('',#3960);
#1212=VERTEX_POINT('',#3962);
#1213=VERTEX_POINT('',#3964);
#1214=VERTEX_POINT('',#3966);
#1215=VERTEX_POINT('',#3973);
#1216=VERTEX_POINT('',#3975);
#1217=VERTEX_POINT('',#3977);
#1218=VERTEX_POINT('',#3979);
#1219=VERTEX_POINT('',#3981);
#1220=VERTEX_POINT('',#3983);
#1221=VERTEX_POINT('',#3986);
#1222=VERTEX_POINT('',#3988);
#1223=VERTEX_POINT('',#3992);
#1224=VERTEX_POINT('',#3996);
#1225=VERTEX_POINT('',#4000);
#1226=VERTEX_POINT('',#4009);
#1227=VERTEX_POINT('',#4011);
#1228=VERTEX_POINT('',#4013);
#1229=VERTEX_POINT('',#4020);
#1230=VERTEX_POINT('',#4022);
#1231=VERTEX_POINT('',#4028);
#1232=VERTEX_POINT('',#4037);
#1233=VERTEX_POINT('',#4039);
#1234=VERTEX_POINT('',#4043);
#1235=VERTEX_POINT('',#4044);
#1236=VERTEX_POINT('',#4046);
#1237=VERTEX_POINT('',#4048);
#1238=VERTEX_POINT('',#4050);
#1239=VERTEX_POINT('',#4057);
#1240=VERTEX_POINT('',#4059);
#1241=VERTEX_POINT('',#4061);
#1242=VERTEX_POINT('',#4063);
#1243=VERTEX_POINT('',#4065);
#1244=VERTEX_POINT('',#4067);
#1245=VERTEX_POINT('',#4069);
#1246=VERTEX_POINT('',#4071);
#1247=VERTEX_POINT('',#4073);
#1248=VERTEX_POINT('',#4075);
#1249=VERTEX_POINT('',#4079);
#1250=VERTEX_POINT('',#4083);
#1251=VERTEX_POINT('',#4087);
#1252=VERTEX_POINT('',#4096);
#1253=VERTEX_POINT('',#4098);
#1254=VERTEX_POINT('',#4102);
#1255=VERTEX_POINT('',#4104);
#1256=VERTEX_POINT('',#4107);
#1257=VERTEX_POINT('',#4110);
#1258=VERTEX_POINT('',#4111);
#1259=VERTEX_POINT('',#4114);
#1260=VERTEX_POINT('',#4123);
#1261=VERTEX_POINT('',#4127);
#1262=VERTEX_POINT('',#4131);
#1263=VERTEX_POINT('',#4138);
#1264=VERTEX_POINT('',#4139);
#1265=VERTEX_POINT('',#4141);
#1266=VERTEX_POINT('',#4143);
#1267=VERTEX_POINT('',#4145);
#1268=VERTEX_POINT('',#4152);
#1269=VERTEX_POINT('',#4154);
#1270=VERTEX_POINT('',#4156);
#1271=VERTEX_POINT('',#4158);
#1272=VERTEX_POINT('',#4160);
#1273=VERTEX_POINT('',#4162);
#1274=VERTEX_POINT('',#4164);
#1275=VERTEX_POINT('',#4166);
#1276=VERTEX_POINT('',#4168);
#1277=VERTEX_POINT('',#4170);
#1278=VERTEX_POINT('',#4174);
#1279=VERTEX_POINT('',#4178);
#1280=VERTEX_POINT('',#4182);
#1281=VERTEX_POINT('',#4191);
#1282=VERTEX_POINT('',#4193);
#1283=VERTEX_POINT('',#4195);
#1284=VERTEX_POINT('',#4202);
#1285=VERTEX_POINT('',#4204);
#1286=VERTEX_POINT('',#4210);
#1287=VERTEX_POINT('',#4219);
#1288=VERTEX_POINT('',#4221);
#1289=VERTEX_POINT('',#4223);
#1290=VERTEX_POINT('',#4225);
#1291=VERTEX_POINT('',#4229);
#1292=VERTEX_POINT('',#4233);
#1293=VERTEX_POINT('',#4236);
#1294=VERTEX_POINT('',#4239);
#1295=VERTEX_POINT('',#4240);
#1296=VERTEX_POINT('',#4242);
#1297=VERTEX_POINT('',#4244);
#1298=VERTEX_POINT('',#4248);
#1299=VERTEX_POINT('',#4250);
#1300=VERTEX_POINT('',#4253);
#1301=VERTEX_POINT('',#4256);
#1302=VERTEX_POINT('',#4257);
#1303=VERTEX_POINT('',#4259);
#1304=VERTEX_POINT('',#4261);
#1305=VERTEX_POINT('',#4263);
#1306=VERTEX_POINT('',#4270);
#1307=VERTEX_POINT('',#4272);
#1308=VERTEX_POINT('',#4274);
#1309=VERTEX_POINT('',#4276);
#1310=VERTEX_POINT('',#4278);
#1311=VERTEX_POINT('',#4280);
#1312=VERTEX_POINT('',#4283);
#1313=VERTEX_POINT('',#4285);
#1314=VERTEX_POINT('',#4289);
#1315=VERTEX_POINT('',#4293);
#1316=VERTEX_POINT('',#4297);
#1317=VERTEX_POINT('',#4306);
#1318=VERTEX_POINT('',#4307);
#1319=VERTEX_POINT('',#4310);
#1320=VERTEX_POINT('',#4319);
#1321=VERTEX_POINT('',#4323);
#1322=VERTEX_POINT('',#4327);
#1323=VERTEX_POINT('',#4334);
#1324=VERTEX_POINT('',#4338);
#1325=VERTEX_POINT('',#4342);
#1326=VERTEX_POINT('',#4346);
#1327=VERTEX_POINT('',#4350);
#1328=VERTEX_POINT('',#4352);
#1329=VERTEX_POINT('',#4356);
#1330=VERTEX_POINT('',#4358);
#1331=VERTEX_POINT('',#4362);
#1332=VERTEX_POINT('',#4366);
#1333=VERTEX_POINT('',#4368);
#1334=VERTEX_POINT('',#4372);
#1335=VERTEX_POINT('',#4374);
#1336=VERTEX_POINT('',#4378);
#1337=VERTEX_POINT('',#4380);
#1338=VERTEX_POINT('',#4384);
#1339=VERTEX_POINT('',#4386);
#1340=VERTEX_POINT('',#4392);
#1341=VERTEX_POINT('',#4400);
#1342=VERTEX_POINT('',#4408);
#1343=VERTEX_POINT('',#4414);
#1344=VERTEX_POINT('',#4422);
#1345=VERTEX_POINT('',#4426);
#1346=VERTEX_POINT('',#4430);
#1347=VERTEX_POINT('',#4434);
#1348=VERTEX_POINT('',#4438);
#1349=VERTEX_POINT('',#4442);
#1350=VERTEX_POINT('',#4446);
#1351=VERTEX_POINT('',#4450);
#1352=VERTEX_POINT('',#4458);
#1353=VERTEX_POINT('',#4460);
#1354=VERTEX_POINT('',#4465);
#1355=VERTEX_POINT('',#4466);
#1356=VERTEX_POINT('',#4468);
#1357=VERTEX_POINT('',#4470);
#1358=VERTEX_POINT('',#4474);
#1359=VERTEX_POINT('',#4475);
#1360=VERTEX_POINT('',#4477);
#1361=VERTEX_POINT('',#4479);
#1362=VERTEX_POINT('',#4483);
#1363=VERTEX_POINT('',#4485);
#1364=VERTEX_POINT('',#4489);
#1365=VERTEX_POINT('',#4491);
#1366=VERTEX_POINT('',#4495);
#1367=VERTEX_POINT('',#4497);
#1368=VERTEX_POINT('',#4504);
#1369=VERTEX_POINT('',#4506);
#1370=VERTEX_POINT('',#4513);
#1371=VERTEX_POINT('',#4514);
#1372=VERTEX_POINT('',#4516);
#1373=VERTEX_POINT('',#4518);
#1374=VERTEX_POINT('',#4522);
#1375=VERTEX_POINT('',#4523);
#1376=VERTEX_POINT('',#4525);
#1377=VERTEX_POINT('',#4527);
#1378=VERTEX_POINT('',#4531);
#1379=VERTEX_POINT('',#4533);
#1380=VERTEX_POINT('',#4534);
#1381=VERTEX_POINT('',#4536);
#1382=VERTEX_POINT('',#4538);
#1383=VERTEX_POINT('',#4541);
#1384=VERTEX_POINT('',#4542);
#1385=VERTEX_POINT('',#4544);
#1386=VERTEX_POINT('',#4546);
#1387=VERTEX_POINT('',#4549);
#1388=VERTEX_POINT('',#4551);
#1389=VERTEX_POINT('',#4554);
#1390=VERTEX_POINT('',#4556);
#1391=VERTEX_POINT('',#4560);
#1392=VERTEX_POINT('',#4561);
#1393=VERTEX_POINT('',#4566);
#1394=VERTEX_POINT('',#4567);
#1395=VERTEX_POINT('',#4577);
#1396=VERTEX_POINT('',#4579);
#1397=VERTEX_POINT('',#4583);
#1398=VERTEX_POINT('',#4585);
#1399=VERTEX_POINT('',#4590);
#1400=VERTEX_POINT('',#4595);
#1401=VERTEX_POINT('',#4600);
#1402=VERTEX_POINT('',#4605);
#1403=VERTEX_POINT('',#4610);
#1404=VERTEX_POINT('',#4611);
#1405=VERTEX_POINT('',#4613);
#1406=VERTEX_POINT('',#4615);
#1407=VERTEX_POINT('',#4619);
#1408=VERTEX_POINT('',#4620);
#1409=VERTEX_POINT('',#4622);
#1410=VERTEX_POINT('',#4624);
#1411=VERTEX_POINT('',#4628);
#1412=VERTEX_POINT('',#4630);
#1413=VERTEX_POINT('',#4634);
#1414=VERTEX_POINT('',#4636);
#1415=VERTEX_POINT('',#4640);
#1416=VERTEX_POINT('',#4642);
#1417=VERTEX_POINT('',#4649);
#1418=VERTEX_POINT('',#4651);
#1419=VERTEX_POINT('',#4658);
#1420=VERTEX_POINT('',#4660);
#1421=VERTEX_POINT('',#4665);
#1422=VERTEX_POINT('',#4667);
#1423=VERTEX_POINT('',#4672);
#1424=VERTEX_POINT('',#4674);
#1425=VERTEX_POINT('',#4679);
#1426=VERTEX_POINT('',#4681);
#1427=VERTEX_POINT('',#4686);
#1428=VERTEX_POINT('',#4688);
#1429=VERTEX_POINT('',#4692);
#1430=VERTEX_POINT('',#4696);
#1431=VERTEX_POINT('',#4703);
#1432=VERTEX_POINT('',#4705);
#1433=VERTEX_POINT('',#4709);
#1434=VERTEX_POINT('',#4713);
#1435=VERTEX_POINT('',#4720);
#1436=VERTEX_POINT('',#4721);
#1437=VERTEX_POINT('',#4723);
#1438=VERTEX_POINT('',#4725);
#1439=VERTEX_POINT('',#4729);
#1440=VERTEX_POINT('',#4733);
#1441=VERTEX_POINT('',#4735);
#1442=VERTEX_POINT('',#4739);
#1443=VERTEX_POINT('',#4743);
#1444=VERTEX_POINT('',#4749);
#1445=VERTEX_POINT('',#4751);
#1446=VERTEX_POINT('',#4756);
#1447=VERTEX_POINT('',#4758);
#1448=VERTEX_POINT('',#4763);
#1449=VERTEX_POINT('',#4765);
#1450=VERTEX_POINT('',#4770);
#1451=VERTEX_POINT('',#4772);
#1452=VERTEX_POINT('',#4777);
#1453=VERTEX_POINT('',#4778);
#1454=VERTEX_POINT('',#4780);
#1455=VERTEX_POINT('',#4782);
#1456=VERTEX_POINT('',#4786);
#1457=VERTEX_POINT('',#4787);
#1458=VERTEX_POINT('',#4792);
#1459=VERTEX_POINT('',#4793);
#1460=VERTEX_POINT('',#4795);
#1461=VERTEX_POINT('',#4797);
#1462=VERTEX_POINT('',#4801);
#1463=VERTEX_POINT('',#4803);
#1464=VERTEX_POINT('',#4807);
#1465=VERTEX_POINT('',#4809);
#1466=VERTEX_POINT('',#4813);
#1467=VERTEX_POINT('',#4815);
#1468=EDGE_CURVE('',#1203,#1204,#1136,.F.);
#1469=EDGE_CURVE('',#1204,#1205,#566,.T.);
#1470=EDGE_CURVE('',#1205,#1206,#1137,.F.);
#1471=EDGE_CURVE('',#1206,#1203,#567,.T.);
#1472=EDGE_CURVE('',#1204,#1207,#568,.T.);
#1473=EDGE_CURVE('',#1207,#1208,#569,.T.);
#1474=EDGE_CURVE('',#1205,#1208,#570,.T.);
#1475=EDGE_CURVE('',#1209,#1209,#1138,.T.);
#1476=EDGE_CURVE('',#1210,#1211,#31,.T.);
#1477=EDGE_CURVE('',#1211,#1212,#571,.T.);
#1478=EDGE_CURVE('',#1212,#1213,#32,.T.);
#1479=EDGE_CURVE('',#1213,#1214,#572,.T.);
#1480=EDGE_CURVE('',#1214,#1210,#15,.F.);
#1481=EDGE_CURVE('',#1206,#1215,#573,.T.);
#1482=EDGE_CURVE('',#1216,#1215,#33,.T.);
#1483=EDGE_CURVE('',#1217,#1216,#574,.T.);
#1484=EDGE_CURVE('',#1218,#1217,#34,.T.);
#1485=EDGE_CURVE('',#1219,#1218,#575,.T.);
#1486=EDGE_CURVE('',#1220,#1219,#576,.T.);
#1487=EDGE_CURVE('',#1220,#1213,#577,.T.);
#1488=EDGE_CURVE('',#1221,#1212,#578,.T.);
#1489=EDGE_CURVE('',#1222,#1221,#35,.T.);
#1490=EDGE_CURVE('',#1222,#1203,#579,.T.);
#1491=EDGE_CURVE('',#1211,#1223,#580,.T.);
#1492=EDGE_CURVE('',#1221,#1223,#581,.T.);
#1493=EDGE_CURVE('',#1224,#1210,#1139,.T.);
#1494=EDGE_CURVE('',#1223,#1224,#36,.T.);
#1495=EDGE_CURVE('',#1225,#1224,#16,.T.);
#1496=EDGE_CURVE('',#1225,#1222,#582,.T.);
#1497=EDGE_CURVE('',#1217,#1226,#583,.T.);
#1498=EDGE_CURVE('',#1226,#1227,#37,.T.);
#1499=EDGE_CURVE('',#1228,#1227,#17,.T.);
#1500=EDGE_CURVE('',#1228,#1218,#584,.T.);
#1501=EDGE_CURVE('',#1229,#1226,#585,.T.);
#1502=EDGE_CURVE('',#1230,#1229,#38,.T.);
#1503=EDGE_CURVE('',#1227,#1230,#1140,.T.);
#1504=EDGE_CURVE('',#1229,#1216,#586,.T.);
#1505=EDGE_CURVE('',#1215,#1231,#587,.T.);
#1506=EDGE_CURVE('',#1231,#1230,#18,.F.);
#1507=EDGE_CURVE('',#1208,#1232,#588,.T.);
#1508=EDGE_CURVE('',#1232,#1233,#589,.T.);
#1509=EDGE_CURVE('',#1231,#1233,#590,.T.);
#1510=EDGE_CURVE('',#1234,#1235,#39,.T.);
#1511=EDGE_CURVE('',#1235,#1236,#591,.T.);
#1512=EDGE_CURVE('',#1236,#1237,#40,.T.);
#1513=EDGE_CURVE('',#1237,#1238,#592,.T.);
#1514=EDGE_CURVE('',#1238,#1234,#19,.F.);
#1515=EDGE_CURVE('',#1239,#1236,#593,.T.);
#1516=EDGE_CURVE('',#1240,#1239,#41,.T.);
#1517=EDGE_CURVE('',#1240,#1241,#594,.T.);
#1518=EDGE_CURVE('',#1242,#1241,#595,.T.);
#1519=EDGE_CURVE('',#1242,#1243,#596,.T.);
#1520=EDGE_CURVE('',#1244,#1243,#42,.T.);
#1521=EDGE_CURVE('',#1245,#1244,#597,.T.);
#1522=EDGE_CURVE('',#1246,#1245,#43,.T.);
#1523=EDGE_CURVE('',#1247,#1246,#598,.T.);
#1524=EDGE_CURVE('',#1248,#1247,#599,.T.);
#1525=EDGE_CURVE('',#1248,#1237,#600,.T.);
#1526=EDGE_CURVE('',#1235,#1249,#601,.T.);
#1527=EDGE_CURVE('',#1239,#1249,#602,.T.);
#1528=EDGE_CURVE('',#1250,#1234,#1141,.T.);
#1529=EDGE_CURVE('',#1249,#1250,#44,.T.);
#1530=EDGE_CURVE('',#1251,#1250,#20,.T.);
#1531=EDGE_CURVE('',#1251,#1240,#603,.T.);
#1532=EDGE_CURVE('',#1241,#1252,#1142,.F.);
#1533=EDGE_CURVE('',#1252,#1253,#604,.T.);
#1534=EDGE_CURVE('',#1253,#1242,#1143,.F.);
#1535=EDGE_CURVE('',#1252,#1254,#605,.T.);
#1536=EDGE_CURVE('',#1254,#1255,#606,.T.);
#1537=EDGE_CURVE('',#1253,#1255,#607,.T.);
#1538=EDGE_CURVE('',#1256,#1256,#1144,.T.);
#1539=EDGE_CURVE('',#1257,#1258,#45,.T.);
#1540=EDGE_CURVE('',#1258,#1244,#608,.T.);
#1541=EDGE_CURVE('',#1243,#1259,#609,.T.);
#1542=EDGE_CURVE('',#1259,#1257,#21,.F.);
#1543=EDGE_CURVE('',#1258,#1260,#610,.T.);
#1544=EDGE_CURVE('',#1245,#1260,#611,.T.);
#1545=EDGE_CURVE('',#1261,#1257,#1145,.T.);
#1546=EDGE_CURVE('',#1260,#1261,#46,.T.);
#1547=EDGE_CURVE('',#1262,#1261,#22,.T.);
#1548=EDGE_CURVE('',#1262,#1246,#612,.T.);
#1549=EDGE_CURVE('',#1263,#1264,#47,.T.);
#1550=EDGE_CURVE('',#1264,#1265,#613,.T.);
#1551=EDGE_CURVE('',#1265,#1266,#48,.T.);
#1552=EDGE_CURVE('',#1266,#1267,#614,.T.);
#1553=EDGE_CURVE('',#1267,#1263,#23,.F.);
#1554=EDGE_CURVE('',#1268,#1265,#615,.T.);
#1555=EDGE_CURVE('',#1269,#1268,#49,.T.);
#1556=EDGE_CURVE('',#1269,#1270,#616,.T.);
#1557=EDGE_CURVE('',#1271,#1270,#617,.T.);
#1558=EDGE_CURVE('',#1271,#1272,#618,.T.);
#1559=EDGE_CURVE('',#1273,#1272,#50,.T.);
#1560=EDGE_CURVE('',#1274,#1273,#619,.T.);
#1561=EDGE_CURVE('',#1275,#1274,#51,.T.);
#1562=EDGE_CURVE('',#1276,#1275,#620,.T.);
#1563=EDGE_CURVE('',#1277,#1276,#621,.T.);
#1564=EDGE_CURVE('',#1277,#1266,#622,.T.);
#1565=EDGE_CURVE('',#1264,#1278,#623,.T.);
#1566=EDGE_CURVE('',#1268,#1278,#624,.T.);
#1567=EDGE_CURVE('',#1279,#1263,#1146,.T.);
#1568=EDGE_CURVE('',#1278,#1279,#52,.T.);
#1569=EDGE_CURVE('',#1280,#1279,#24,.T.);
#1570=EDGE_CURVE('',#1280,#1269,#625,.T.);
#1571=EDGE_CURVE('',#1274,#1281,#626,.T.);
#1572=EDGE_CURVE('',#1281,#1282,#53,.T.);
#1573=EDGE_CURVE('',#1283,#1282,#25,.T.);
#1574=EDGE_CURVE('',#1283,#1275,#627,.T.);
#1575=EDGE_CURVE('',#1284,#1281,#628,.T.);
#1576=EDGE_CURVE('',#1285,#1284,#54,.T.);
#1577=EDGE_CURVE('',#1282,#1285,#1147,.T.);
#1578=EDGE_CURVE('',#1284,#1273,#629,.T.);
#1579=EDGE_CURVE('',#1272,#1286,#630,.T.);
#1580=EDGE_CURVE('',#1286,#1285,#26,.F.);
#1581=EDGE_CURVE('',#1287,#1271,#1148,.F.);
#1582=EDGE_CURVE('',#1287,#1288,#631,.T.);
#1583=EDGE_CURVE('',#1288,#1289,#632,.T.);
#1584=EDGE_CURVE('',#1289,#1290,#633,.T.);
#1585=EDGE_CURVE('',#1286,#1290,#634,.T.);
#1586=EDGE_CURVE('',#1270,#1291,#1149,.F.);
#1587=EDGE_CURVE('',#1291,#1287,#635,.T.);
#1588=EDGE_CURVE('',#1291,#1292,#636,.T.);
#1589=EDGE_CURVE('',#1292,#1288,#637,.T.);
#1590=EDGE_CURVE('',#1293,#1293,#1150,.T.);
#1591=EDGE_CURVE('',#1294,#1295,#1151,.F.);
#1592=EDGE_CURVE('',#1295,#1296,#638,.T.);
#1593=EDGE_CURVE('',#1296,#1297,#1152,.F.);
#1594=EDGE_CURVE('',#1297,#1294,#639,.T.);
#1595=EDGE_CURVE('',#1295,#1298,#640,.T.);
#1596=EDGE_CURVE('',#1298,#1299,#641,.T.);
#1597=EDGE_CURVE('',#1296,#1299,#642,.T.);
#1598=EDGE_CURVE('',#1300,#1300,#1153,.T.);
#1599=EDGE_CURVE('',#1301,#1302,#55,.T.);
#1600=EDGE_CURVE('',#1302,#1303,#643,.T.);
#1601=EDGE_CURVE('',#1303,#1304,#56,.T.);
#1602=EDGE_CURVE('',#1304,#1305,#644,.T.);
#1603=EDGE_CURVE('',#1305,#1301,#27,.F.);
#1604=EDGE_CURVE('',#1297,#1306,#645,.T.);
#1605=EDGE_CURVE('',#1307,#1306,#57,.T.);
#1606=EDGE_CURVE('',#1308,#1307,#646,.T.);
#1607=EDGE_CURVE('',#1309,#1308,#58,.T.);
#1608=EDGE_CURVE('',#1310,#1309,#647,.T.);
#1609=EDGE_CURVE('',#1311,#1310,#648,.T.);
#1610=EDGE_CURVE('',#1311,#1304,#649,.T.);
#1611=EDGE_CURVE('',#1312,#1303,#650,.T.);
#1612=EDGE_CURVE('',#1313,#1312,#59,.T.);
#1613=EDGE_CURVE('',#1313,#1294,#651,.T.);
#1614=EDGE_CURVE('',#1302,#1314,#652,.T.);
#1615=EDGE_CURVE('',#1312,#1314,#653,.T.);
#1616=EDGE_CURVE('',#1315,#1301,#1154,.T.);
#1617=EDGE_CURVE('',#1314,#1315,#60,.T.);
#1618=EDGE_CURVE('',#1316,#1315,#28,.T.);
#1619=EDGE_CURVE('',#1316,#1313,#654,.T.);
#1620=EDGE_CURVE('',#1317,#1318,#61,.T.);
#1621=EDGE_CURVE('',#1318,#1307,#655,.T.);
#1622=EDGE_CURVE('',#1306,#1319,#656,.T.);
#1623=EDGE_CURVE('',#1319,#1317,#29,.F.);
#1624=EDGE_CURVE('',#1318,#1320,#657,.T.);
#1625=EDGE_CURVE('',#1308,#1320,#658,.T.);
#1626=EDGE_CURVE('',#1321,#1317,#1155,.T.);
#1627=EDGE_CURVE('',#1320,#1321,#62,.T.);
#1628=EDGE_CURVE('',#1322,#1321,#30,.T.);
#1629=EDGE_CURVE('',#1322,#1309,#659,.T.);
#1630=EDGE_CURVE('',#1293,#1323,#660,.T.);
#1631=EDGE_CURVE('',#1323,#1323,#1156,.T.);
#1632=EDGE_CURVE('',#1300,#1324,#661,.T.);
#1633=EDGE_CURVE('',#1324,#1324,#1157,.T.);
#1634=EDGE_CURVE('',#1209,#1325,#662,.T.);
#1635=EDGE_CURVE('',#1325,#1325,#1158,.T.);
#1636=EDGE_CURVE('',#1256,#1326,#663,.T.);
#1637=EDGE_CURVE('',#1326,#1326,#1159,.T.);
#1638=EDGE_CURVE('',#1316,#1327,#664,.T.);
#1639=EDGE_CURVE('',#1327,#1328,#665,.T.);
#1640=EDGE_CURVE('',#1328,#1298,#666,.T.);
#1641=EDGE_CURVE('',#1299,#1329,#667,.T.);
#1642=EDGE_CURVE('',#1329,#1330,#668,.T.);
#1643=EDGE_CURVE('',#1319,#1330,#669,.T.);
#1644=EDGE_CURVE('',#1331,#1277,#670,.T.);
#1645=EDGE_CURVE('',#1267,#1331,#671,.T.);
#1646=EDGE_CURVE('',#1225,#1332,#672,.T.);
#1647=EDGE_CURVE('',#1332,#1333,#673,.T.);
#1648=EDGE_CURVE('',#1333,#1207,#674,.T.);
#1649=EDGE_CURVE('',#1255,#1334,#675,.T.);
#1650=EDGE_CURVE('',#1334,#1335,#676,.T.);
#1651=EDGE_CURVE('',#1259,#1335,#677,.T.);
#1652=EDGE_CURVE('',#1251,#1336,#678,.T.);
#1653=EDGE_CURVE('',#1336,#1337,#679,.T.);
#1654=EDGE_CURVE('',#1337,#1254,#680,.T.);
#1655=EDGE_CURVE('',#1338,#1292,#681,.T.);
#1656=EDGE_CURVE('',#1339,#1338,#682,.T.);
#1657=EDGE_CURVE('',#1289,#1339,#683,.T.);
#1658=EDGE_CURVE('',#1290,#1339,#1160,.T.);
#1659=EDGE_CURVE('',#1340,#1333,#684,.T.);
#1660=EDGE_CURVE('',#1232,#1340,#685,.T.);
#1661=EDGE_CURVE('',#1340,#1332,#1161,.T.);
#1662=EDGE_CURVE('',#1233,#1340,#1162,.T.);
#1663=EDGE_CURVE('',#1334,#1341,#686,.T.);
#1664=EDGE_CURVE('',#1341,#1337,#687,.T.);
#1665=EDGE_CURVE('',#1341,#1336,#1163,.T.);
#1666=EDGE_CURVE('',#1335,#1341,#1164,.T.);
#1667=EDGE_CURVE('',#1280,#1342,#688,.T.);
#1668=EDGE_CURVE('',#1342,#1338,#689,.T.);
#1669=EDGE_CURVE('',#1339,#1342,#1165,.T.);
#1670=EDGE_CURVE('',#1329,#1343,#690,.T.);
#1671=EDGE_CURVE('',#1330,#1343,#1166,.T.);
#1672=EDGE_CURVE('',#1343,#1328,#691,.T.);
#1673=EDGE_CURVE('',#1343,#1327,#1167,.T.);
#1674=EDGE_CURVE('',#1344,#1248,#692,.T.);
#1675=EDGE_CURVE('',#1238,#1344,#693,.T.);
#1676=EDGE_CURVE('',#1345,#1262,#694,.T.);
#1677=EDGE_CURVE('',#1247,#1345,#695,.T.);
#1678=EDGE_CURVE('',#1346,#1220,#696,.T.);
#1679=EDGE_CURVE('',#1214,#1346,#697,.T.);
#1680=EDGE_CURVE('',#1347,#1228,#698,.T.);
#1681=EDGE_CURVE('',#1219,#1347,#699,.T.);
#1682=EDGE_CURVE('',#1348,#1311,#700,.T.);
#1683=EDGE_CURVE('',#1305,#1348,#701,.T.);
#1684=EDGE_CURVE('',#1349,#1322,#702,.T.);
#1685=EDGE_CURVE('',#1310,#1349,#703,.T.);
#1686=EDGE_CURVE('',#1350,#1283,#704,.T.);
#1687=EDGE_CURVE('',#1276,#1350,#705,.T.);
#1688=EDGE_CURVE('',#1351,#1351,#1168,.T.);
#1689=EDGE_CURVE('',#1351,#1339,#706,.T.);
#1690=EDGE_CURVE('',#1349,#1331,#1169,.T.);
#1691=EDGE_CURVE('',#1345,#1348,#1170,.T.);
#1692=EDGE_CURVE('',#1347,#1344,#1171,.T.);
#1693=EDGE_CURVE('',#1350,#1346,#1172,.T.);
#1694=EDGE_CURVE('',#1352,#1352,#1173,.T.);
#1695=EDGE_CURVE('',#1352,#1353,#707,.T.);
#1696=EDGE_CURVE('',#1353,#1353,#1174,.T.);
#1697=EDGE_CURVE('',#1354,#1355,#708,.T.);
#1698=EDGE_CURVE('',#1356,#1354,#709,.T.);
#1699=EDGE_CURVE('',#1357,#1356,#710,.T.);
#1700=EDGE_CURVE('',#1357,#1355,#711,.T.);
#1701=EDGE_CURVE('',#1358,#1359,#712,.T.);
#1702=EDGE_CURVE('',#1360,#1358,#713,.T.);
#1703=EDGE_CURVE('',#1361,#1360,#714,.T.);
#1704=EDGE_CURVE('',#1361,#1359,#715,.T.);
#1705=EDGE_CURVE('',#1355,#1362,#716,.T.);
#1706=EDGE_CURVE('',#1363,#1357,#717,.T.);
#1707=EDGE_CURVE('',#1363,#1362,#718,.T.);
#1708=EDGE_CURVE('',#1359,#1364,#719,.T.);
#1709=EDGE_CURVE('',#1365,#1361,#720,.T.);
#1710=EDGE_CURVE('',#1365,#1364,#721,.T.);
#1711=EDGE_CURVE('',#1366,#1354,#722,.T.);
#1712=EDGE_CURVE('',#1367,#1366,#723,.T.);
#1713=EDGE_CURVE('',#1356,#1367,#724,.T.);
#1714=EDGE_CURVE('',#1362,#1366,#725,.T.);
#1715=EDGE_CURVE('',#1367,#1363,#726,.T.);
#1716=EDGE_CURVE('',#1364,#1368,#727,.T.);
#1717=EDGE_CURVE('',#1369,#1365,#728,.T.);
#1718=EDGE_CURVE('',#1369,#1368,#729,.T.);
#1719=EDGE_CURVE('',#1368,#1358,#730,.T.);
#1720=EDGE_CURVE('',#1360,#1369,#731,.T.);
#1721=EDGE_CURVE('',#1370,#1371,#732,.T.);
#1722=EDGE_CURVE('',#1370,#1372,#733,.T.);
#1723=EDGE_CURVE('',#1373,#1372,#734,.T.);
#1724=EDGE_CURVE('',#1371,#1373,#735,.T.);
#1725=EDGE_CURVE('',#1374,#1375,#736,.T.);
#1726=EDGE_CURVE('',#1374,#1376,#737,.T.);
#1727=EDGE_CURVE('',#1377,#1376,#738,.T.);
#1728=EDGE_CURVE('',#1375,#1377,#739,.T.);
#1729=EDGE_CURVE('',#1378,#1378,#1175,.T.);
#1730=EDGE_CURVE('',#1379,#1380,#740,.T.);
#1731=EDGE_CURVE('',#1380,#1381,#741,.T.);
#1732=EDGE_CURVE('',#1381,#1382,#742,.T.);
#1733=EDGE_CURVE('',#1382,#1379,#743,.T.);
#1734=EDGE_CURVE('',#1383,#1384,#744,.T.);
#1735=EDGE_CURVE('',#1384,#1385,#745,.T.);
#1736=EDGE_CURVE('',#1385,#1386,#746,.T.);
#1737=EDGE_CURVE('',#1386,#1383,#747,.T.);
#1738=EDGE_CURVE('',#1387,#1377,#748,.T.);
#1739=EDGE_CURVE('',#1376,#1388,#749,.T.);
#1740=EDGE_CURVE('',#1387,#1388,#750,.T.);
#1741=EDGE_CURVE('',#1372,#1389,#751,.T.);
#1742=EDGE_CURVE('',#1390,#1389,#752,.T.);
#1743=EDGE_CURVE('',#1390,#1373,#753,.T.);
#1744=EDGE_CURVE('',#1391,#1392,#754,.T.);
#1745=EDGE_CURVE('',#1387,#1391,#755,.T.);
#1746=EDGE_CURVE('',#1392,#1388,#756,.T.);
#1747=EDGE_CURVE('',#1393,#1394,#757,.T.);
#1748=EDGE_CURVE('',#1390,#1393,#758,.T.);
#1749=EDGE_CURVE('',#1394,#1389,#759,.T.);
#1750=EDGE_CURVE('',#1392,#1374,#760,.T.);
#1751=EDGE_CURVE('',#1371,#1393,#761,.T.);
#1752=EDGE_CURVE('',#1375,#1391,#762,.T.);
#1753=EDGE_CURVE('',#1395,#1395,#1176,.T.);
#1754=EDGE_CURVE('',#1396,#1396,#1177,.T.);
#1755=EDGE_CURVE('',#1394,#1370,#763,.T.);
#1756=EDGE_CURVE('',#1397,#1397,#1178,.T.);
#1757=EDGE_CURVE('',#1398,#1398,#1179,.T.);
#1758=EDGE_CURVE('',#1395,#1399,#764,.T.);
#1759=EDGE_CURVE('',#1399,#1399,#1180,.T.);
#1760=EDGE_CURVE('',#1398,#1400,#765,.T.);
#1761=EDGE_CURVE('',#1400,#1400,#1181,.T.);
#1762=EDGE_CURVE('',#1396,#1401,#766,.T.);
#1763=EDGE_CURVE('',#1401,#1401,#1182,.T.);
#1764=EDGE_CURVE('',#1397,#1402,#767,.T.);
#1765=EDGE_CURVE('',#1402,#1402,#1183,.T.);
#1766=EDGE_CURVE('',#1403,#1404,#768,.T.);
#1767=EDGE_CURVE('',#1403,#1405,#769,.T.);
#1768=EDGE_CURVE('',#1406,#1405,#770,.T.);
#1769=EDGE_CURVE('',#1404,#1406,#771,.T.);
#1770=EDGE_CURVE('',#1407,#1408,#772,.T.);
#1771=EDGE_CURVE('',#1409,#1407,#773,.T.);
#1772=EDGE_CURVE('',#1410,#1409,#774,.T.);
#1773=EDGE_CURVE('',#1410,#1408,#775,.T.);
#1774=EDGE_CURVE('',#1404,#1411,#776,.T.);
#1775=EDGE_CURVE('',#1412,#1406,#777,.T.);
#1776=EDGE_CURVE('',#1411,#1412,#778,.T.);
#1777=EDGE_CURVE('',#1413,#1403,#779,.T.);
#1778=EDGE_CURVE('',#1413,#1414,#780,.T.);
#1779=EDGE_CURVE('',#1405,#1414,#781,.T.);
#1780=EDGE_CURVE('',#1408,#1415,#782,.T.);
#1781=EDGE_CURVE('',#1416,#1410,#783,.T.);
#1782=EDGE_CURVE('',#1416,#1415,#784,.T.);
#1783=EDGE_CURVE('',#1411,#1413,#785,.T.);
#1784=EDGE_CURVE('',#1414,#1412,#786,.T.);
#1785=EDGE_CURVE('',#1415,#1417,#787,.T.);
#1786=EDGE_CURVE('',#1418,#1416,#788,.T.);
#1787=EDGE_CURVE('',#1418,#1417,#789,.T.);
#1788=EDGE_CURVE('',#1417,#1407,#790,.T.);
#1789=EDGE_CURVE('',#1409,#1418,#791,.T.);
#1790=EDGE_CURVE('',#1419,#1419,#1184,.T.);
#1791=EDGE_CURVE('',#1419,#1420,#792,.T.);
#1792=EDGE_CURVE('',#1420,#1420,#1185,.T.);
#1793=EDGE_CURVE('',#1421,#1421,#1186,.T.);
#1794=EDGE_CURVE('',#1421,#1422,#793,.T.);
#1795=EDGE_CURVE('',#1422,#1422,#1187,.T.);
#1796=EDGE_CURVE('',#1423,#1423,#1188,.T.);
#1797=EDGE_CURVE('',#1423,#1424,#794,.T.);
#1798=EDGE_CURVE('',#1424,#1424,#1189,.T.);
#1799=EDGE_CURVE('',#1425,#1425,#1190,.T.);
#1800=EDGE_CURVE('',#1425,#1426,#795,.T.);
#1801=EDGE_CURVE('',#1426,#1426,#1191,.T.);
#1802=EDGE_CURVE('',#1383,#1427,#796,.T.);
#1803=EDGE_CURVE('',#1428,#1427,#797,.T.);
#1804=EDGE_CURVE('',#1384,#1428,#798,.T.);
#1805=EDGE_CURVE('',#1429,#1428,#799,.T.);
#1806=EDGE_CURVE('',#1385,#1429,#800,.T.);
#1807=EDGE_CURVE('',#1430,#1429,#801,.T.);
#1808=EDGE_CURVE('',#1386,#1430,#802,.T.);
#1809=EDGE_CURVE('',#1427,#1430,#803,.T.);
#1810=EDGE_CURVE('',#1379,#1431,#804,.T.);
#1811=EDGE_CURVE('',#1432,#1431,#805,.T.);
#1812=EDGE_CURVE('',#1380,#1432,#806,.T.);
#1813=EDGE_CURVE('',#1433,#1432,#807,.T.);
#1814=EDGE_CURVE('',#1381,#1433,#808,.T.);
#1815=EDGE_CURVE('',#1434,#1433,#809,.T.);
#1816=EDGE_CURVE('',#1382,#1434,#810,.T.);
#1817=EDGE_CURVE('',#1431,#1434,#811,.T.);
#1818=EDGE_CURVE('',#1435,#1436,#812,.T.);
#1819=EDGE_CURVE('',#1437,#1435,#1192,.T.);
#1820=EDGE_CURVE('',#1438,#1437,#813,.T.);
#1821=EDGE_CURVE('',#1436,#1438,#1193,.T.);
#1822=EDGE_CURVE('',#1439,#1439,#1194,.T.);
#1823=EDGE_CURVE('',#1439,#1378,#814,.T.);
#1824=EDGE_CURVE('',#1436,#1440,#815,.T.);
#1825=EDGE_CURVE('',#1441,#1440,#816,.T.);
#1826=EDGE_CURVE('',#1435,#1441,#817,.T.);
#1827=EDGE_CURVE('',#1442,#1438,#818,.T.);
#1828=EDGE_CURVE('',#1440,#1442,#819,.T.);
#1829=EDGE_CURVE('',#1443,#1437,#820,.T.);
#1830=EDGE_CURVE('',#1443,#1442,#821,.T.);
#1831=EDGE_CURVE('',#1441,#1443,#822,.T.);
#1832=EDGE_CURVE('',#1444,#1444,#1195,.T.);
#1833=EDGE_CURVE('',#1444,#1445,#823,.T.);
#1834=EDGE_CURVE('',#1445,#1445,#1196,.T.);
#1835=EDGE_CURVE('',#1446,#1446,#1197,.T.);
#1836=EDGE_CURVE('',#1446,#1447,#824,.T.);
#1837=EDGE_CURVE('',#1447,#1447,#1198,.T.);
#1838=EDGE_CURVE('',#1448,#1448,#1199,.T.);
#1839=EDGE_CURVE('',#1448,#1449,#825,.T.);
#1840=EDGE_CURVE('',#1449,#1449,#1200,.T.);
#1841=EDGE_CURVE('',#1450,#1450,#1201,.T.);
#1842=EDGE_CURVE('',#1450,#1451,#826,.T.);
#1843=EDGE_CURVE('',#1451,#1451,#1202,.T.);
#1844=EDGE_CURVE('',#1452,#1453,#827,.T.);
#1845=EDGE_CURVE('',#1452,#1454,#828,.T.);
#1846=EDGE_CURVE('',#1454,#1455,#829,.T.);
#1847=EDGE_CURVE('',#1453,#1455,#830,.T.);
#1848=EDGE_CURVE('',#1456,#1457,#831,.T.);
#1849=EDGE_CURVE('',#1455,#1456,#832,.T.);
#1850=EDGE_CURVE('',#1457,#1454,#833,.T.);
#1851=EDGE_CURVE('',#1458,#1459,#834,.T.);
#1852=EDGE_CURVE('',#1458,#1460,#835,.T.);
#1853=EDGE_CURVE('',#1460,#1461,#836,.T.);
#1854=EDGE_CURVE('',#1459,#1461,#837,.T.);
#1855=EDGE_CURVE('',#1462,#1460,#838,.T.);
#1856=EDGE_CURVE('',#1463,#1462,#839,.T.);
#1857=EDGE_CURVE('',#1461,#1463,#840,.T.);
#1858=EDGE_CURVE('',#1457,#1464,#841,.T.);
#1859=EDGE_CURVE('',#1464,#1465,#842,.T.);
#1860=EDGE_CURVE('',#1456,#1465,#843,.T.);
#1861=EDGE_CURVE('',#1462,#1466,#844,.T.);
#1862=EDGE_CURVE('',#1466,#1467,#845,.T.);
#1863=EDGE_CURVE('',#1463,#1467,#846,.T.);
#1864=EDGE_CURVE('',#1453,#1458,#847,.T.);
#1865=EDGE_CURVE('',#1465,#1466,#848,.T.);
#1866=EDGE_CURVE('',#1459,#1452,#849,.T.);
#1867=EDGE_CURVE('',#1467,#1464,#850,.T.);
#1868=ORIENTED_EDGE('',*,*,#1468,.T.);
#1869=ORIENTED_EDGE('',*,*,#1469,.T.);
#1870=ORIENTED_EDGE('',*,*,#1470,.T.);
#1871=ORIENTED_EDGE('',*,*,#1471,.T.);
#1872=ORIENTED_EDGE('',*,*,#1469,.F.);
#1873=ORIENTED_EDGE('',*,*,#1472,.T.);
#1874=ORIENTED_EDGE('',*,*,#1473,.T.);
#1875=ORIENTED_EDGE('',*,*,#1474,.F.);
#1876=ORIENTED_EDGE('',*,*,#1475,.T.);
#1877=ORIENTED_EDGE('',*,*,#1476,.T.);
#1878=ORIENTED_EDGE('',*,*,#1477,.T.);
#1879=ORIENTED_EDGE('',*,*,#1478,.T.);
#1880=ORIENTED_EDGE('',*,*,#1479,.T.);
#1881=ORIENTED_EDGE('',*,*,#1480,.T.);
#1882=ORIENTED_EDGE('',*,*,#1481,.T.);
#1883=ORIENTED_EDGE('',*,*,#1482,.F.);
#1884=ORIENTED_EDGE('',*,*,#1483,.F.);
#1885=ORIENTED_EDGE('',*,*,#1484,.F.);
#1886=ORIENTED_EDGE('',*,*,#1485,.F.);
#1887=ORIENTED_EDGE('',*,*,#1486,.F.);
#1888=ORIENTED_EDGE('',*,*,#1487,.T.);
#1889=ORIENTED_EDGE('',*,*,#1478,.F.);
#1890=ORIENTED_EDGE('',*,*,#1488,.F.);
#1891=ORIENTED_EDGE('',*,*,#1489,.F.);
#1892=ORIENTED_EDGE('',*,*,#1490,.T.);
#1893=ORIENTED_EDGE('',*,*,#1471,.F.);
#1894=ORIENTED_EDGE('',*,*,#1477,.F.);
#1895=ORIENTED_EDGE('',*,*,#1491,.T.);
#1896=ORIENTED_EDGE('',*,*,#1492,.F.);
#1897=ORIENTED_EDGE('',*,*,#1488,.T.);
#1898=ORIENTED_EDGE('',*,*,#1476,.F.);
#1899=ORIENTED_EDGE('',*,*,#1493,.F.);
#1900=ORIENTED_EDGE('',*,*,#1494,.F.);
#1901=ORIENTED_EDGE('',*,*,#1491,.F.);
#1902=ORIENTED_EDGE('',*,*,#1489,.T.);
#1903=ORIENTED_EDGE('',*,*,#1492,.T.);
#1904=ORIENTED_EDGE('',*,*,#1494,.T.);
#1905=ORIENTED_EDGE('',*,*,#1495,.F.);
#1906=ORIENTED_EDGE('',*,*,#1496,.T.);
#1907=ORIENTED_EDGE('',*,*,#1484,.T.);
#1908=ORIENTED_EDGE('',*,*,#1497,.T.);
#1909=ORIENTED_EDGE('',*,*,#1498,.T.);
#1910=ORIENTED_EDGE('',*,*,#1499,.F.);
#1911=ORIENTED_EDGE('',*,*,#1500,.T.);
#1912=ORIENTED_EDGE('',*,*,#1498,.F.);
#1913=ORIENTED_EDGE('',*,*,#1501,.F.);
#1914=ORIENTED_EDGE('',*,*,#1502,.F.);
#1915=ORIENTED_EDGE('',*,*,#1503,.F.);
#1916=ORIENTED_EDGE('',*,*,#1497,.F.);
#1917=ORIENTED_EDGE('',*,*,#1483,.T.);
#1918=ORIENTED_EDGE('',*,*,#1504,.F.);
#1919=ORIENTED_EDGE('',*,*,#1501,.T.);
#1920=ORIENTED_EDGE('',*,*,#1502,.T.);
#1921=ORIENTED_EDGE('',*,*,#1504,.T.);
#1922=ORIENTED_EDGE('',*,*,#1482,.T.);
#1923=ORIENTED_EDGE('',*,*,#1505,.T.);
#1924=ORIENTED_EDGE('',*,*,#1506,.T.);
#1925=ORIENTED_EDGE('',*,*,#1505,.F.);
#1926=ORIENTED_EDGE('',*,*,#1481,.F.);
#1927=ORIENTED_EDGE('',*,*,#1470,.F.);
#1928=ORIENTED_EDGE('',*,*,#1474,.T.);
#1929=ORIENTED_EDGE('',*,*,#1507,.T.);
#1930=ORIENTED_EDGE('',*,*,#1508,.T.);
#1931=ORIENTED_EDGE('',*,*,#1509,.F.);
#1932=ORIENTED_EDGE('',*,*,#1510,.T.);
#1933=ORIENTED_EDGE('',*,*,#1511,.T.);
#1934=ORIENTED_EDGE('',*,*,#1512,.T.);
#1935=ORIENTED_EDGE('',*,*,#1513,.T.);
#1936=ORIENTED_EDGE('',*,*,#1514,.T.);
#1937=ORIENTED_EDGE('',*,*,#1512,.F.);
#1938=ORIENTED_EDGE('',*,*,#1515,.F.);
#1939=ORIENTED_EDGE('',*,*,#1516,.F.);
#1940=ORIENTED_EDGE('',*,*,#1517,.T.);
#1941=ORIENTED_EDGE('',*,*,#1518,.F.);
#1942=ORIENTED_EDGE('',*,*,#1519,.T.);
#1943=ORIENTED_EDGE('',*,*,#1520,.F.);
#1944=ORIENTED_EDGE('',*,*,#1521,.F.);
#1945=ORIENTED_EDGE('',*,*,#1522,.F.);
#1946=ORIENTED_EDGE('',*,*,#1523,.F.);
#1947=ORIENTED_EDGE('',*,*,#1524,.F.);
#1948=ORIENTED_EDGE('',*,*,#1525,.T.);
#1949=ORIENTED_EDGE('',*,*,#1511,.F.);
#1950=ORIENTED_EDGE('',*,*,#1526,.T.);
#1951=ORIENTED_EDGE('',*,*,#1527,.F.);
#1952=ORIENTED_EDGE('',*,*,#1515,.T.);
#1953=ORIENTED_EDGE('',*,*,#1510,.F.);
#1954=ORIENTED_EDGE('',*,*,#1528,.F.);
#1955=ORIENTED_EDGE('',*,*,#1529,.F.);
#1956=ORIENTED_EDGE('',*,*,#1526,.F.);
#1957=ORIENTED_EDGE('',*,*,#1516,.T.);
#1958=ORIENTED_EDGE('',*,*,#1527,.T.);
#1959=ORIENTED_EDGE('',*,*,#1529,.T.);
#1960=ORIENTED_EDGE('',*,*,#1530,.F.);
#1961=ORIENTED_EDGE('',*,*,#1531,.T.);
#1962=ORIENTED_EDGE('',*,*,#1532,.T.);
#1963=ORIENTED_EDGE('',*,*,#1533,.T.);
#1964=ORIENTED_EDGE('',*,*,#1534,.T.);
#1965=ORIENTED_EDGE('',*,*,#1518,.T.);
#1966=ORIENTED_EDGE('',*,*,#1533,.F.);
#1967=ORIENTED_EDGE('',*,*,#1535,.T.);
#1968=ORIENTED_EDGE('',*,*,#1536,.T.);
#1969=ORIENTED_EDGE('',*,*,#1537,.F.);
#1970=ORIENTED_EDGE('',*,*,#1538,.T.);
#1971=ORIENTED_EDGE('',*,*,#1539,.T.);
#1972=ORIENTED_EDGE('',*,*,#1540,.T.);
#1973=ORIENTED_EDGE('',*,*,#1520,.T.);
#1974=ORIENTED_EDGE('',*,*,#1541,.T.);
#1975=ORIENTED_EDGE('',*,*,#1542,.T.);
#1976=ORIENTED_EDGE('',*,*,#1540,.F.);
#1977=ORIENTED_EDGE('',*,*,#1543,.T.);
#1978=ORIENTED_EDGE('',*,*,#1544,.F.);
#1979=ORIENTED_EDGE('',*,*,#1521,.T.);
#1980=ORIENTED_EDGE('',*,*,#1539,.F.);
#1981=ORIENTED_EDGE('',*,*,#1545,.F.);
#1982=ORIENTED_EDGE('',*,*,#1546,.F.);
#1983=ORIENTED_EDGE('',*,*,#1543,.F.);
#1984=ORIENTED_EDGE('',*,*,#1522,.T.);
#1985=ORIENTED_EDGE('',*,*,#1544,.T.);
#1986=ORIENTED_EDGE('',*,*,#1546,.T.);
#1987=ORIENTED_EDGE('',*,*,#1547,.F.);
#1988=ORIENTED_EDGE('',*,*,#1548,.T.);
#1989=ORIENTED_EDGE('',*,*,#1549,.T.);
#1990=ORIENTED_EDGE('',*,*,#1550,.T.);
#1991=ORIENTED_EDGE('',*,*,#1551,.T.);
#1992=ORIENTED_EDGE('',*,*,#1552,.T.);
#1993=ORIENTED_EDGE('',*,*,#1553,.T.);
#1994=ORIENTED_EDGE('',*,*,#1551,.F.);
#1995=ORIENTED_EDGE('',*,*,#1554,.F.);
#1996=ORIENTED_EDGE('',*,*,#1555,.F.);
#1997=ORIENTED_EDGE('',*,*,#1556,.T.);
#1998=ORIENTED_EDGE('',*,*,#1557,.F.);
#1999=ORIENTED_EDGE('',*,*,#1558,.T.);
#2000=ORIENTED_EDGE('',*,*,#1559,.F.);
#2001=ORIENTED_EDGE('',*,*,#1560,.F.);
#2002=ORIENTED_EDGE('',*,*,#1561,.F.);
#2003=ORIENTED_EDGE('',*,*,#1562,.F.);
#2004=ORIENTED_EDGE('',*,*,#1563,.F.);
#2005=ORIENTED_EDGE('',*,*,#1564,.T.);
#2006=ORIENTED_EDGE('',*,*,#1550,.F.);
#2007=ORIENTED_EDGE('',*,*,#1565,.T.);
#2008=ORIENTED_EDGE('',*,*,#1566,.F.);
#2009=ORIENTED_EDGE('',*,*,#1554,.T.);
#2010=ORIENTED_EDGE('',*,*,#1549,.F.);
#2011=ORIENTED_EDGE('',*,*,#1567,.F.);
#2012=ORIENTED_EDGE('',*,*,#1568,.F.);
#2013=ORIENTED_EDGE('',*,*,#1565,.F.);
#2014=ORIENTED_EDGE('',*,*,#1555,.T.);
#2015=ORIENTED_EDGE('',*,*,#1566,.T.);
#2016=ORIENTED_EDGE('',*,*,#1568,.T.);
#2017=ORIENTED_EDGE('',*,*,#1569,.F.);
#2018=ORIENTED_EDGE('',*,*,#1570,.T.);
#2019=ORIENTED_EDGE('',*,*,#1561,.T.);
#2020=ORIENTED_EDGE('',*,*,#1571,.T.);
#2021=ORIENTED_EDGE('',*,*,#1572,.T.);
#2022=ORIENTED_EDGE('',*,*,#1573,.F.);
#2023=ORIENTED_EDGE('',*,*,#1574,.T.);
#2024=ORIENTED_EDGE('',*,*,#1572,.F.);
#2025=ORIENTED_EDGE('',*,*,#1575,.F.);
#2026=ORIENTED_EDGE('',*,*,#1576,.F.);
#2027=ORIENTED_EDGE('',*,*,#1577,.F.);
#2028=ORIENTED_EDGE('',*,*,#1571,.F.);
#2029=ORIENTED_EDGE('',*,*,#1560,.T.);
#2030=ORIENTED_EDGE('',*,*,#1578,.F.);
#2031=ORIENTED_EDGE('',*,*,#1575,.T.);
#2032=ORIENTED_EDGE('',*,*,#1576,.T.);
#2033=ORIENTED_EDGE('',*,*,#1578,.T.);
#2034=ORIENTED_EDGE('',*,*,#1559,.T.);
#2035=ORIENTED_EDGE('',*,*,#1579,.T.);
#2036=ORIENTED_EDGE('',*,*,#1580,.T.);
#2037=ORIENTED_EDGE('',*,*,#1579,.F.);
#2038=ORIENTED_EDGE('',*,*,#1558,.F.);
#2039=ORIENTED_EDGE('',*,*,#1581,.F.);
#2040=ORIENTED_EDGE('',*,*,#1582,.T.);
#2041=ORIENTED_EDGE('',*,*,#1583,.T.);
#2042=ORIENTED_EDGE('',*,*,#1584,.T.);
#2043=ORIENTED_EDGE('',*,*,#1585,.F.);
#2044=ORIENTED_EDGE('',*,*,#1586,.T.);
#2045=ORIENTED_EDGE('',*,*,#1587,.T.);
#2046=ORIENTED_EDGE('',*,*,#1581,.T.);
#2047=ORIENTED_EDGE('',*,*,#1557,.T.);
#2048=ORIENTED_EDGE('',*,*,#1587,.F.);
#2049=ORIENTED_EDGE('',*,*,#1588,.T.);
#2050=ORIENTED_EDGE('',*,*,#1589,.T.);
#2051=ORIENTED_EDGE('',*,*,#1582,.F.);
#2052=ORIENTED_EDGE('',*,*,#1590,.T.);
#2053=ORIENTED_EDGE('',*,*,#1591,.T.);
#2054=ORIENTED_EDGE('',*,*,#1592,.T.);
#2055=ORIENTED_EDGE('',*,*,#1593,.T.);
#2056=ORIENTED_EDGE('',*,*,#1594,.T.);
#2057=ORIENTED_EDGE('',*,*,#1592,.F.);
#2058=ORIENTED_EDGE('',*,*,#1595,.T.);
#2059=ORIENTED_EDGE('',*,*,#1596,.T.);
#2060=ORIENTED_EDGE('',*,*,#1597,.F.);
#2061=ORIENTED_EDGE('',*,*,#1598,.T.);
#2062=ORIENTED_EDGE('',*,*,#1599,.T.);
#2063=ORIENTED_EDGE('',*,*,#1600,.T.);
#2064=ORIENTED_EDGE('',*,*,#1601,.T.);
#2065=ORIENTED_EDGE('',*,*,#1602,.T.);
#2066=ORIENTED_EDGE('',*,*,#1603,.T.);
#2067=ORIENTED_EDGE('',*,*,#1604,.T.);
#2068=ORIENTED_EDGE('',*,*,#1605,.F.);
#2069=ORIENTED_EDGE('',*,*,#1606,.F.);
#2070=ORIENTED_EDGE('',*,*,#1607,.F.);
#2071=ORIENTED_EDGE('',*,*,#1608,.F.);
#2072=ORIENTED_EDGE('',*,*,#1609,.F.);
#2073=ORIENTED_EDGE('',*,*,#1610,.T.);
#2074=ORIENTED_EDGE('',*,*,#1601,.F.);
#2075=ORIENTED_EDGE('',*,*,#1611,.F.);
#2076=ORIENTED_EDGE('',*,*,#1612,.F.);
#2077=ORIENTED_EDGE('',*,*,#1613,.T.);
#2078=ORIENTED_EDGE('',*,*,#1594,.F.);
#2079=ORIENTED_EDGE('',*,*,#1600,.F.);
#2080=ORIENTED_EDGE('',*,*,#1614,.T.);
#2081=ORIENTED_EDGE('',*,*,#1615,.F.);
#2082=ORIENTED_EDGE('',*,*,#1611,.T.);
#2083=ORIENTED_EDGE('',*,*,#1599,.F.);
#2084=ORIENTED_EDGE('',*,*,#1616,.F.);
#2085=ORIENTED_EDGE('',*,*,#1617,.F.);
#2086=ORIENTED_EDGE('',*,*,#1614,.F.);
#2087=ORIENTED_EDGE('',*,*,#1612,.T.);
#2088=ORIENTED_EDGE('',*,*,#1615,.T.);
#2089=ORIENTED_EDGE('',*,*,#1617,.T.);
#2090=ORIENTED_EDGE('',*,*,#1618,.F.);
#2091=ORIENTED_EDGE('',*,*,#1619,.T.);
#2092=ORIENTED_EDGE('',*,*,#1620,.T.);
#2093=ORIENTED_EDGE('',*,*,#1621,.T.);
#2094=ORIENTED_EDGE('',*,*,#1605,.T.);
#2095=ORIENTED_EDGE('',*,*,#1622,.T.);
#2096=ORIENTED_EDGE('',*,*,#1623,.T.);
#2097=ORIENTED_EDGE('',*,*,#1621,.F.);
#2098=ORIENTED_EDGE('',*,*,#1624,.T.);
#2099=ORIENTED_EDGE('',*,*,#1625,.F.);
#2100=ORIENTED_EDGE('',*,*,#1606,.T.);
#2101=ORIENTED_EDGE('',*,*,#1620,.F.);
#2102=ORIENTED_EDGE('',*,*,#1626,.F.);
#2103=ORIENTED_EDGE('',*,*,#1627,.F.);
#2104=ORIENTED_EDGE('',*,*,#1624,.F.);
#2105=ORIENTED_EDGE('',*,*,#1607,.T.);
#2106=ORIENTED_EDGE('',*,*,#1625,.T.);
#2107=ORIENTED_EDGE('',*,*,#1627,.T.);
#2108=ORIENTED_EDGE('',*,*,#1628,.F.);
#2109=ORIENTED_EDGE('',*,*,#1629,.T.);
#2110=ORIENTED_EDGE('',*,*,#1590,.F.);
#2111=ORIENTED_EDGE('',*,*,#1630,.T.);
#2112=ORIENTED_EDGE('',*,*,#1631,.F.);
#2113=ORIENTED_EDGE('',*,*,#1630,.F.);
#2114=ORIENTED_EDGE('',*,*,#1598,.F.);
#2115=ORIENTED_EDGE('',*,*,#1632,.T.);
#2116=ORIENTED_EDGE('',*,*,#1633,.F.);
#2117=ORIENTED_EDGE('',*,*,#1632,.F.);
#2118=ORIENTED_EDGE('',*,*,#1475,.F.);
#2119=ORIENTED_EDGE('',*,*,#1634,.T.);
#2120=ORIENTED_EDGE('',*,*,#1635,.F.);
#2121=ORIENTED_EDGE('',*,*,#1634,.F.);
#2122=ORIENTED_EDGE('',*,*,#1538,.F.);
#2123=ORIENTED_EDGE('',*,*,#1636,.T.);
#2124=ORIENTED_EDGE('',*,*,#1637,.F.);
#2125=ORIENTED_EDGE('',*,*,#1636,.F.);
#2126=ORIENTED_EDGE('',*,*,#1619,.F.);
#2127=ORIENTED_EDGE('',*,*,#1638,.T.);
#2128=ORIENTED_EDGE('',*,*,#1639,.T.);
#2129=ORIENTED_EDGE('',*,*,#1640,.T.);
#2130=ORIENTED_EDGE('',*,*,#1595,.F.);
#2131=ORIENTED_EDGE('',*,*,#1591,.F.);
#2132=ORIENTED_EDGE('',*,*,#1613,.F.);
#2133=ORIENTED_EDGE('',*,*,#1622,.F.);
#2134=ORIENTED_EDGE('',*,*,#1604,.F.);
#2135=ORIENTED_EDGE('',*,*,#1593,.F.);
#2136=ORIENTED_EDGE('',*,*,#1597,.T.);
#2137=ORIENTED_EDGE('',*,*,#1641,.T.);
#2138=ORIENTED_EDGE('',*,*,#1642,.T.);
#2139=ORIENTED_EDGE('',*,*,#1643,.F.);
#2140=ORIENTED_EDGE('',*,*,#1552,.F.);
#2141=ORIENTED_EDGE('',*,*,#1564,.F.);
#2142=ORIENTED_EDGE('',*,*,#1644,.F.);
#2143=ORIENTED_EDGE('',*,*,#1645,.F.);
#2144=ORIENTED_EDGE('',*,*,#1496,.F.);
#2145=ORIENTED_EDGE('',*,*,#1646,.T.);
#2146=ORIENTED_EDGE('',*,*,#1647,.T.);
#2147=ORIENTED_EDGE('',*,*,#1648,.T.);
#2148=ORIENTED_EDGE('',*,*,#1472,.F.);
#2149=ORIENTED_EDGE('',*,*,#1468,.F.);
#2150=ORIENTED_EDGE('',*,*,#1490,.F.);
#2151=ORIENTED_EDGE('',*,*,#1541,.F.);
#2152=ORIENTED_EDGE('',*,*,#1519,.F.);
#2153=ORIENTED_EDGE('',*,*,#1534,.F.);
#2154=ORIENTED_EDGE('',*,*,#1537,.T.);
#2155=ORIENTED_EDGE('',*,*,#1649,.T.);
#2156=ORIENTED_EDGE('',*,*,#1650,.T.);
#2157=ORIENTED_EDGE('',*,*,#1651,.F.);
#2158=ORIENTED_EDGE('',*,*,#1531,.F.);
#2159=ORIENTED_EDGE('',*,*,#1652,.T.);
#2160=ORIENTED_EDGE('',*,*,#1653,.T.);
#2161=ORIENTED_EDGE('',*,*,#1654,.T.);
#2162=ORIENTED_EDGE('',*,*,#1535,.F.);
#2163=ORIENTED_EDGE('',*,*,#1532,.F.);
#2164=ORIENTED_EDGE('',*,*,#1517,.F.);
#2165=ORIENTED_EDGE('',*,*,#1583,.F.);
#2166=ORIENTED_EDGE('',*,*,#1589,.F.);
#2167=ORIENTED_EDGE('',*,*,#1655,.F.);
#2168=ORIENTED_EDGE('',*,*,#1656,.F.);
#2169=ORIENTED_EDGE('',*,*,#1657,.F.);
#2170=ORIENTED_EDGE('',*,*,#1657,.T.);
#2171=ORIENTED_EDGE('',*,*,#1658,.F.);
#2172=ORIENTED_EDGE('',*,*,#1584,.F.);
#2173=ORIENTED_EDGE('',*,*,#1648,.F.);
#2174=ORIENTED_EDGE('',*,*,#1659,.F.);
#2175=ORIENTED_EDGE('',*,*,#1660,.F.);
#2176=ORIENTED_EDGE('',*,*,#1507,.F.);
#2177=ORIENTED_EDGE('',*,*,#1473,.F.);
#2178=ORIENTED_EDGE('',*,*,#1659,.T.);
#2179=ORIENTED_EDGE('',*,*,#1647,.F.);
#2180=ORIENTED_EDGE('',*,*,#1661,.F.);
#2181=ORIENTED_EDGE('',*,*,#1660,.T.);
#2182=ORIENTED_EDGE('',*,*,#1662,.F.);
#2183=ORIENTED_EDGE('',*,*,#1508,.F.);
#2184=ORIENTED_EDGE('',*,*,#1663,.F.);
#2185=ORIENTED_EDGE('',*,*,#1649,.F.);
#2186=ORIENTED_EDGE('',*,*,#1536,.F.);
#2187=ORIENTED_EDGE('',*,*,#1654,.F.);
#2188=ORIENTED_EDGE('',*,*,#1664,.F.);
#2189=ORIENTED_EDGE('',*,*,#1664,.T.);
#2190=ORIENTED_EDGE('',*,*,#1653,.F.);
#2191=ORIENTED_EDGE('',*,*,#1665,.F.);
#2192=ORIENTED_EDGE('',*,*,#1663,.T.);
#2193=ORIENTED_EDGE('',*,*,#1666,.F.);
#2194=ORIENTED_EDGE('',*,*,#1650,.F.);
#2195=ORIENTED_EDGE('',*,*,#1570,.F.);
#2196=ORIENTED_EDGE('',*,*,#1667,.T.);
#2197=ORIENTED_EDGE('',*,*,#1668,.T.);
#2198=ORIENTED_EDGE('',*,*,#1655,.T.);
#2199=ORIENTED_EDGE('',*,*,#1588,.F.);
#2200=ORIENTED_EDGE('',*,*,#1586,.F.);
#2201=ORIENTED_EDGE('',*,*,#1556,.F.);
#2202=ORIENTED_EDGE('',*,*,#1656,.T.);
#2203=ORIENTED_EDGE('',*,*,#1668,.F.);
#2204=ORIENTED_EDGE('',*,*,#1669,.F.);
#2205=ORIENTED_EDGE('',*,*,#1670,.T.);
#2206=ORIENTED_EDGE('',*,*,#1671,.F.);
#2207=ORIENTED_EDGE('',*,*,#1642,.F.);
#2208=ORIENTED_EDGE('',*,*,#1672,.T.);
#2209=ORIENTED_EDGE('',*,*,#1639,.F.);
#2210=ORIENTED_EDGE('',*,*,#1673,.F.);
#2211=ORIENTED_EDGE('',*,*,#1641,.F.);
#2212=ORIENTED_EDGE('',*,*,#1596,.F.);
#2213=ORIENTED_EDGE('',*,*,#1640,.F.);
#2214=ORIENTED_EDGE('',*,*,#1672,.F.);
#2215=ORIENTED_EDGE('',*,*,#1670,.F.);
#2216=ORIENTED_EDGE('',*,*,#1513,.F.);
#2217=ORIENTED_EDGE('',*,*,#1525,.F.);
#2218=ORIENTED_EDGE('',*,*,#1674,.F.);
#2219=ORIENTED_EDGE('',*,*,#1675,.F.);
#2220=ORIENTED_EDGE('',*,*,#1548,.F.);
#2221=ORIENTED_EDGE('',*,*,#1676,.F.);
#2222=ORIENTED_EDGE('',*,*,#1677,.F.);
#2223=ORIENTED_EDGE('',*,*,#1523,.T.);
#2224=ORIENTED_EDGE('',*,*,#1479,.F.);
#2225=ORIENTED_EDGE('',*,*,#1487,.F.);
#2226=ORIENTED_EDGE('',*,*,#1678,.F.);
#2227=ORIENTED_EDGE('',*,*,#1679,.F.);
#2228=ORIENTED_EDGE('',*,*,#1500,.F.);
#2229=ORIENTED_EDGE('',*,*,#1680,.F.);
#2230=ORIENTED_EDGE('',*,*,#1681,.F.);
#2231=ORIENTED_EDGE('',*,*,#1485,.T.);
#2232=ORIENTED_EDGE('',*,*,#1602,.F.);
#2233=ORIENTED_EDGE('',*,*,#1610,.F.);
#2234=ORIENTED_EDGE('',*,*,#1682,.F.);
#2235=ORIENTED_EDGE('',*,*,#1683,.F.);
#2236=ORIENTED_EDGE('',*,*,#1629,.F.);
#2237=ORIENTED_EDGE('',*,*,#1684,.F.);
#2238=ORIENTED_EDGE('',*,*,#1685,.F.);
#2239=ORIENTED_EDGE('',*,*,#1608,.T.);
#2240=ORIENTED_EDGE('',*,*,#1574,.F.);
#2241=ORIENTED_EDGE('',*,*,#1686,.F.);
#2242=ORIENTED_EDGE('',*,*,#1687,.F.);
#2243=ORIENTED_EDGE('',*,*,#1562,.T.);
#2244=ORIENTED_EDGE('',*,*,#1688,.F.);
#2245=ORIENTED_EDGE('',*,*,#1689,.T.);
#2246=ORIENTED_EDGE('',*,*,#1669,.T.);
#2247=ORIENTED_EDGE('',*,*,#1667,.F.);
#2248=ORIENTED_EDGE('',*,*,#1569,.T.);
#2249=ORIENTED_EDGE('',*,*,#1567,.T.);
#2250=ORIENTED_EDGE('',*,*,#1553,.F.);
#2251=ORIENTED_EDGE('',*,*,#1645,.T.);
#2252=ORIENTED_EDGE('',*,*,#1690,.F.);
#2253=ORIENTED_EDGE('',*,*,#1684,.T.);
#2254=ORIENTED_EDGE('',*,*,#1628,.T.);
#2255=ORIENTED_EDGE('',*,*,#1626,.T.);
#2256=ORIENTED_EDGE('',*,*,#1623,.F.);
#2257=ORIENTED_EDGE('',*,*,#1643,.T.);
#2258=ORIENTED_EDGE('',*,*,#1671,.T.);
#2259=ORIENTED_EDGE('',*,*,#1673,.T.);
#2260=ORIENTED_EDGE('',*,*,#1638,.F.);
#2261=ORIENTED_EDGE('',*,*,#1618,.T.);
#2262=ORIENTED_EDGE('',*,*,#1616,.T.);
#2263=ORIENTED_EDGE('',*,*,#1603,.F.);
#2264=ORIENTED_EDGE('',*,*,#1683,.T.);
#2265=ORIENTED_EDGE('',*,*,#1691,.F.);
#2266=ORIENTED_EDGE('',*,*,#1676,.T.);
#2267=ORIENTED_EDGE('',*,*,#1547,.T.);
#2268=ORIENTED_EDGE('',*,*,#1545,.T.);
#2269=ORIENTED_EDGE('',*,*,#1542,.F.);
#2270=ORIENTED_EDGE('',*,*,#1651,.T.);
#2271=ORIENTED_EDGE('',*,*,#1666,.T.);
#2272=ORIENTED_EDGE('',*,*,#1665,.T.);
#2273=ORIENTED_EDGE('',*,*,#1652,.F.);
#2274=ORIENTED_EDGE('',*,*,#1530,.T.);
#2275=ORIENTED_EDGE('',*,*,#1528,.T.);
#2276=ORIENTED_EDGE('',*,*,#1514,.F.);
#2277=ORIENTED_EDGE('',*,*,#1675,.T.);
#2278=ORIENTED_EDGE('',*,*,#1692,.F.);
#2279=ORIENTED_EDGE('',*,*,#1680,.T.);
#2280=ORIENTED_EDGE('',*,*,#1499,.T.);
#2281=ORIENTED_EDGE('',*,*,#1503,.T.);
#2282=ORIENTED_EDGE('',*,*,#1506,.F.);
#2283=ORIENTED_EDGE('',*,*,#1509,.T.);
#2284=ORIENTED_EDGE('',*,*,#1662,.T.);
#2285=ORIENTED_EDGE('',*,*,#1661,.T.);
#2286=ORIENTED_EDGE('',*,*,#1646,.F.);
#2287=ORIENTED_EDGE('',*,*,#1495,.T.);
#2288=ORIENTED_EDGE('',*,*,#1493,.T.);
#2289=ORIENTED_EDGE('',*,*,#1480,.F.);
#2290=ORIENTED_EDGE('',*,*,#1679,.T.);
#2291=ORIENTED_EDGE('',*,*,#1693,.F.);
#2292=ORIENTED_EDGE('',*,*,#1686,.T.);
#2293=ORIENTED_EDGE('',*,*,#1573,.T.);
#2294=ORIENTED_EDGE('',*,*,#1577,.T.);
#2295=ORIENTED_EDGE('',*,*,#1580,.F.);
#2296=ORIENTED_EDGE('',*,*,#1585,.T.);
#2297=ORIENTED_EDGE('',*,*,#1658,.T.);
#2298=ORIENTED_EDGE('',*,*,#1689,.F.);
#2299=ORIENTED_EDGE('',*,*,#1694,.F.);
#2300=ORIENTED_EDGE('',*,*,#1695,.T.);
#2301=ORIENTED_EDGE('',*,*,#1696,.F.);
#2302=ORIENTED_EDGE('',*,*,#1695,.F.);
#2303=ORIENTED_EDGE('',*,*,#1688,.T.);
#2304=ORIENTED_EDGE('',*,*,#1694,.T.);
#2305=ORIENTED_EDGE('',*,*,#1697,.F.);
#2306=ORIENTED_EDGE('',*,*,#1698,.F.);
#2307=ORIENTED_EDGE('',*,*,#1699,.F.);
#2308=ORIENTED_EDGE('',*,*,#1700,.T.);
#2309=ORIENTED_EDGE('',*,*,#1701,.F.);
#2310=ORIENTED_EDGE('',*,*,#1702,.F.);
#2311=ORIENTED_EDGE('',*,*,#1703,.F.);
#2312=ORIENTED_EDGE('',*,*,#1704,.T.);
#2313=ORIENTED_EDGE('',*,*,#1705,.F.);
#2314=ORIENTED_EDGE('',*,*,#1700,.F.);
#2315=ORIENTED_EDGE('',*,*,#1706,.F.);
#2316=ORIENTED_EDGE('',*,*,#1707,.T.);
#2317=ORIENTED_EDGE('',*,*,#1708,.F.);
#2318=ORIENTED_EDGE('',*,*,#1704,.F.);
#2319=ORIENTED_EDGE('',*,*,#1709,.F.);
#2320=ORIENTED_EDGE('',*,*,#1710,.T.);
#2321=ORIENTED_EDGE('',*,*,#1711,.F.);
#2322=ORIENTED_EDGE('',*,*,#1712,.F.);
#2323=ORIENTED_EDGE('',*,*,#1713,.F.);
#2324=ORIENTED_EDGE('',*,*,#1698,.T.);
#2325=ORIENTED_EDGE('',*,*,#1714,.F.);
#2326=ORIENTED_EDGE('',*,*,#1707,.F.);
#2327=ORIENTED_EDGE('',*,*,#1715,.F.);
#2328=ORIENTED_EDGE('',*,*,#1712,.T.);
#2329=ORIENTED_EDGE('',*,*,#1716,.F.);
#2330=ORIENTED_EDGE('',*,*,#1710,.F.);
#2331=ORIENTED_EDGE('',*,*,#1717,.F.);
#2332=ORIENTED_EDGE('',*,*,#1718,.T.);
#2333=ORIENTED_EDGE('',*,*,#1719,.F.);
#2334=ORIENTED_EDGE('',*,*,#1718,.F.);
#2335=ORIENTED_EDGE('',*,*,#1720,.F.);
#2336=ORIENTED_EDGE('',*,*,#1702,.T.);
#2337=ORIENTED_EDGE('',*,*,#1721,.F.);
#2338=ORIENTED_EDGE('',*,*,#1722,.T.);
#2339=ORIENTED_EDGE('',*,*,#1723,.F.);
#2340=ORIENTED_EDGE('',*,*,#1724,.F.);
#2341=ORIENTED_EDGE('',*,*,#1716,.T.);
#2342=ORIENTED_EDGE('',*,*,#1719,.T.);
#2343=ORIENTED_EDGE('',*,*,#1701,.T.);
#2344=ORIENTED_EDGE('',*,*,#1708,.T.);
#2345=ORIENTED_EDGE('',*,*,#1725,.F.);
#2346=ORIENTED_EDGE('',*,*,#1726,.T.);
#2347=ORIENTED_EDGE('',*,*,#1727,.F.);
#2348=ORIENTED_EDGE('',*,*,#1728,.F.);
#2349=ORIENTED_EDGE('',*,*,#1715,.T.);
#2350=ORIENTED_EDGE('',*,*,#1706,.T.);
#2351=ORIENTED_EDGE('',*,*,#1699,.T.);
#2352=ORIENTED_EDGE('',*,*,#1713,.T.);
#2353=ORIENTED_EDGE('',*,*,#1696,.T.);
#2354=ORIENTED_EDGE('',*,*,#1729,.T.);
#2355=ORIENTED_EDGE('',*,*,#1730,.T.);
#2356=ORIENTED_EDGE('',*,*,#1731,.T.);
#2357=ORIENTED_EDGE('',*,*,#1732,.T.);
#2358=ORIENTED_EDGE('',*,*,#1733,.T.);
#2359=ORIENTED_EDGE('',*,*,#1734,.T.);
#2360=ORIENTED_EDGE('',*,*,#1735,.T.);
#2361=ORIENTED_EDGE('',*,*,#1736,.T.);
#2362=ORIENTED_EDGE('',*,*,#1737,.T.);
#2363=ORIENTED_EDGE('',*,*,#1738,.T.);
#2364=ORIENTED_EDGE('',*,*,#1727,.T.);
#2365=ORIENTED_EDGE('',*,*,#1739,.T.);
#2366=ORIENTED_EDGE('',*,*,#1740,.F.);
#2367=ORIENTED_EDGE('',*,*,#1741,.T.);
#2368=ORIENTED_EDGE('',*,*,#1742,.F.);
#2369=ORIENTED_EDGE('',*,*,#1743,.T.);
#2370=ORIENTED_EDGE('',*,*,#1723,.T.);
#2371=ORIENTED_EDGE('',*,*,#1744,.F.);
#2372=ORIENTED_EDGE('',*,*,#1745,.F.);
#2373=ORIENTED_EDGE('',*,*,#1740,.T.);
#2374=ORIENTED_EDGE('',*,*,#1746,.F.);
#2375=ORIENTED_EDGE('',*,*,#1714,.T.);
#2376=ORIENTED_EDGE('',*,*,#1711,.T.);
#2377=ORIENTED_EDGE('',*,*,#1697,.T.);
#2378=ORIENTED_EDGE('',*,*,#1705,.T.);
#2379=ORIENTED_EDGE('',*,*,#1747,.F.);
#2380=ORIENTED_EDGE('',*,*,#1748,.F.);
#2381=ORIENTED_EDGE('',*,*,#1742,.T.);
#2382=ORIENTED_EDGE('',*,*,#1749,.F.);
#2383=ORIENTED_EDGE('',*,*,#1717,.T.);
#2384=ORIENTED_EDGE('',*,*,#1709,.T.);
#2385=ORIENTED_EDGE('',*,*,#1703,.T.);
#2386=ORIENTED_EDGE('',*,*,#1720,.T.);
#2387=ORIENTED_EDGE('',*,*,#1746,.T.);
#2388=ORIENTED_EDGE('',*,*,#1739,.F.);
#2389=ORIENTED_EDGE('',*,*,#1726,.F.);
#2390=ORIENTED_EDGE('',*,*,#1750,.F.);
#2391=ORIENTED_EDGE('',*,*,#1748,.T.);
#2392=ORIENTED_EDGE('',*,*,#1751,.F.);
#2393=ORIENTED_EDGE('',*,*,#1724,.T.);
#2394=ORIENTED_EDGE('',*,*,#1743,.F.);
#2395=ORIENTED_EDGE('',*,*,#1744,.T.);
#2396=ORIENTED_EDGE('',*,*,#1750,.T.);
#2397=ORIENTED_EDGE('',*,*,#1725,.T.);
#2398=ORIENTED_EDGE('',*,*,#1752,.T.);
#2399=ORIENTED_EDGE('',*,*,#1753,.T.);
#2400=ORIENTED_EDGE('',*,*,#1754,.T.);
#2401=ORIENTED_EDGE('',*,*,#1747,.T.);
#2402=ORIENTED_EDGE('',*,*,#1755,.T.);
#2403=ORIENTED_EDGE('',*,*,#1721,.T.);
#2404=ORIENTED_EDGE('',*,*,#1751,.T.);
#2405=ORIENTED_EDGE('',*,*,#1756,.T.);
#2406=ORIENTED_EDGE('',*,*,#1757,.T.);
#2407=ORIENTED_EDGE('',*,*,#1745,.T.);
#2408=ORIENTED_EDGE('',*,*,#1752,.F.);
#2409=ORIENTED_EDGE('',*,*,#1728,.T.);
#2410=ORIENTED_EDGE('',*,*,#1738,.F.);
#2411=ORIENTED_EDGE('',*,*,#1749,.T.);
#2412=ORIENTED_EDGE('',*,*,#1741,.F.);
#2413=ORIENTED_EDGE('',*,*,#1722,.F.);
#2414=ORIENTED_EDGE('',*,*,#1755,.F.);
#2415=ORIENTED_EDGE('',*,*,#1753,.F.);
#2416=ORIENTED_EDGE('',*,*,#1758,.T.);
#2417=ORIENTED_EDGE('',*,*,#1759,.T.);
#2418=ORIENTED_EDGE('',*,*,#1758,.F.);
#2419=ORIENTED_EDGE('',*,*,#1759,.F.);
#2420=ORIENTED_EDGE('',*,*,#1757,.F.);
#2421=ORIENTED_EDGE('',*,*,#1760,.T.);
#2422=ORIENTED_EDGE('',*,*,#1761,.T.);
#2423=ORIENTED_EDGE('',*,*,#1760,.F.);
#2424=ORIENTED_EDGE('',*,*,#1761,.F.);
#2425=ORIENTED_EDGE('',*,*,#1754,.F.);
#2426=ORIENTED_EDGE('',*,*,#1762,.T.);
#2427=ORIENTED_EDGE('',*,*,#1763,.T.);
#2428=ORIENTED_EDGE('',*,*,#1762,.F.);
#2429=ORIENTED_EDGE('',*,*,#1763,.F.);
#2430=ORIENTED_EDGE('',*,*,#1756,.F.);
#2431=ORIENTED_EDGE('',*,*,#1764,.T.);
#2432=ORIENTED_EDGE('',*,*,#1765,.T.);
#2433=ORIENTED_EDGE('',*,*,#1764,.F.);
#2434=ORIENTED_EDGE('',*,*,#1765,.F.);
#2435=ORIENTED_EDGE('',*,*,#1766,.F.);
#2436=ORIENTED_EDGE('',*,*,#1767,.T.);
#2437=ORIENTED_EDGE('',*,*,#1768,.F.);
#2438=ORIENTED_EDGE('',*,*,#1769,.F.);
#2439=ORIENTED_EDGE('',*,*,#1770,.F.);
#2440=ORIENTED_EDGE('',*,*,#1771,.F.);
#2441=ORIENTED_EDGE('',*,*,#1772,.F.);
#2442=ORIENTED_EDGE('',*,*,#1773,.T.);
#2443=ORIENTED_EDGE('',*,*,#1774,.F.);
#2444=ORIENTED_EDGE('',*,*,#1769,.T.);
#2445=ORIENTED_EDGE('',*,*,#1775,.F.);
#2446=ORIENTED_EDGE('',*,*,#1776,.F.);
#2447=ORIENTED_EDGE('',*,*,#1777,.F.);
#2448=ORIENTED_EDGE('',*,*,#1778,.T.);
#2449=ORIENTED_EDGE('',*,*,#1779,.F.);
#2450=ORIENTED_EDGE('',*,*,#1767,.F.);
#2451=ORIENTED_EDGE('',*,*,#1780,.F.);
#2452=ORIENTED_EDGE('',*,*,#1773,.F.);
#2453=ORIENTED_EDGE('',*,*,#1781,.F.);
#2454=ORIENTED_EDGE('',*,*,#1782,.T.);
#2455=ORIENTED_EDGE('',*,*,#1783,.F.);
#2456=ORIENTED_EDGE('',*,*,#1776,.T.);
#2457=ORIENTED_EDGE('',*,*,#1784,.F.);
#2458=ORIENTED_EDGE('',*,*,#1778,.F.);
#2459=ORIENTED_EDGE('',*,*,#1785,.F.);
#2460=ORIENTED_EDGE('',*,*,#1782,.F.);
#2461=ORIENTED_EDGE('',*,*,#1786,.F.);
#2462=ORIENTED_EDGE('',*,*,#1787,.T.);
#2463=ORIENTED_EDGE('',*,*,#1788,.F.);
#2464=ORIENTED_EDGE('',*,*,#1787,.F.);
#2465=ORIENTED_EDGE('',*,*,#1789,.F.);
#2466=ORIENTED_EDGE('',*,*,#1771,.T.);
#2467=ORIENTED_EDGE('',*,*,#1790,.F.);
#2468=ORIENTED_EDGE('',*,*,#1791,.T.);
#2469=ORIENTED_EDGE('',*,*,#1792,.T.);
#2470=ORIENTED_EDGE('',*,*,#1791,.F.);
#2471=ORIENTED_EDGE('',*,*,#1792,.F.);
#2472=ORIENTED_EDGE('',*,*,#1793,.F.);
#2473=ORIENTED_EDGE('',*,*,#1794,.T.);
#2474=ORIENTED_EDGE('',*,*,#1795,.T.);
#2475=ORIENTED_EDGE('',*,*,#1794,.F.);
#2476=ORIENTED_EDGE('',*,*,#1795,.F.);
#2477=ORIENTED_EDGE('',*,*,#1796,.F.);
#2478=ORIENTED_EDGE('',*,*,#1797,.T.);
#2479=ORIENTED_EDGE('',*,*,#1798,.T.);
#2480=ORIENTED_EDGE('',*,*,#1797,.F.);
#2481=ORIENTED_EDGE('',*,*,#1798,.F.);
#2482=ORIENTED_EDGE('',*,*,#1799,.F.);
#2483=ORIENTED_EDGE('',*,*,#1800,.T.);
#2484=ORIENTED_EDGE('',*,*,#1801,.T.);
#2485=ORIENTED_EDGE('',*,*,#1800,.F.);
#2486=ORIENTED_EDGE('',*,*,#1801,.F.);
#2487=ORIENTED_EDGE('',*,*,#1734,.F.);
#2488=ORIENTED_EDGE('',*,*,#1802,.T.);
#2489=ORIENTED_EDGE('',*,*,#1803,.F.);
#2490=ORIENTED_EDGE('',*,*,#1804,.F.);
#2491=ORIENTED_EDGE('',*,*,#1785,.T.);
#2492=ORIENTED_EDGE('',*,*,#1788,.T.);
#2493=ORIENTED_EDGE('',*,*,#1770,.T.);
#2494=ORIENTED_EDGE('',*,*,#1780,.T.);
#2495=ORIENTED_EDGE('',*,*,#1735,.F.);
#2496=ORIENTED_EDGE('',*,*,#1804,.T.);
#2497=ORIENTED_EDGE('',*,*,#1805,.F.);
#2498=ORIENTED_EDGE('',*,*,#1806,.F.);
#2499=ORIENTED_EDGE('',*,*,#1736,.F.);
#2500=ORIENTED_EDGE('',*,*,#1806,.T.);
#2501=ORIENTED_EDGE('',*,*,#1807,.F.);
#2502=ORIENTED_EDGE('',*,*,#1808,.F.);
#2503=ORIENTED_EDGE('',*,*,#1786,.T.);
#2504=ORIENTED_EDGE('',*,*,#1781,.T.);
#2505=ORIENTED_EDGE('',*,*,#1772,.T.);
#2506=ORIENTED_EDGE('',*,*,#1789,.T.);
#2507=ORIENTED_EDGE('',*,*,#1737,.F.);
#2508=ORIENTED_EDGE('',*,*,#1808,.T.);
#2509=ORIENTED_EDGE('',*,*,#1809,.F.);
#2510=ORIENTED_EDGE('',*,*,#1802,.F.);
#2511=ORIENTED_EDGE('',*,*,#1809,.T.);
#2512=ORIENTED_EDGE('',*,*,#1807,.T.);
#2513=ORIENTED_EDGE('',*,*,#1805,.T.);
#2514=ORIENTED_EDGE('',*,*,#1803,.T.);
#2515=ORIENTED_EDGE('',*,*,#1790,.T.);
#2516=ORIENTED_EDGE('',*,*,#1796,.T.);
#2517=ORIENTED_EDGE('',*,*,#1730,.F.);
#2518=ORIENTED_EDGE('',*,*,#1810,.T.);
#2519=ORIENTED_EDGE('',*,*,#1811,.F.);
#2520=ORIENTED_EDGE('',*,*,#1812,.F.);
#2521=ORIENTED_EDGE('',*,*,#1783,.T.);
#2522=ORIENTED_EDGE('',*,*,#1777,.T.);
#2523=ORIENTED_EDGE('',*,*,#1766,.T.);
#2524=ORIENTED_EDGE('',*,*,#1774,.T.);
#2525=ORIENTED_EDGE('',*,*,#1731,.F.);
#2526=ORIENTED_EDGE('',*,*,#1812,.T.);
#2527=ORIENTED_EDGE('',*,*,#1813,.F.);
#2528=ORIENTED_EDGE('',*,*,#1814,.F.);
#2529=ORIENTED_EDGE('',*,*,#1732,.F.);
#2530=ORIENTED_EDGE('',*,*,#1814,.T.);
#2531=ORIENTED_EDGE('',*,*,#1815,.F.);
#2532=ORIENTED_EDGE('',*,*,#1816,.F.);
#2533=ORIENTED_EDGE('',*,*,#1784,.T.);
#2534=ORIENTED_EDGE('',*,*,#1775,.T.);
#2535=ORIENTED_EDGE('',*,*,#1768,.T.);
#2536=ORIENTED_EDGE('',*,*,#1779,.T.);
#2537=ORIENTED_EDGE('',*,*,#1733,.F.);
#2538=ORIENTED_EDGE('',*,*,#1816,.T.);
#2539=ORIENTED_EDGE('',*,*,#1817,.F.);
#2540=ORIENTED_EDGE('',*,*,#1810,.F.);
#2541=ORIENTED_EDGE('',*,*,#1817,.T.);
#2542=ORIENTED_EDGE('',*,*,#1815,.T.);
#2543=ORIENTED_EDGE('',*,*,#1813,.T.);
#2544=ORIENTED_EDGE('',*,*,#1811,.T.);
#2545=ORIENTED_EDGE('',*,*,#1793,.T.);
#2546=ORIENTED_EDGE('',*,*,#1799,.T.);
#2547=ORIENTED_EDGE('',*,*,#1818,.F.);
#2548=ORIENTED_EDGE('',*,*,#1819,.F.);
#2549=ORIENTED_EDGE('',*,*,#1820,.F.);
#2550=ORIENTED_EDGE('',*,*,#1821,.F.);
#2551=ORIENTED_EDGE('',*,*,#1822,.F.);
#2552=ORIENTED_EDGE('',*,*,#1823,.T.);
#2553=ORIENTED_EDGE('',*,*,#1729,.F.);
#2554=ORIENTED_EDGE('',*,*,#1823,.F.);
#2555=ORIENTED_EDGE('',*,*,#1818,.T.);
#2556=ORIENTED_EDGE('',*,*,#1824,.T.);
#2557=ORIENTED_EDGE('',*,*,#1825,.F.);
#2558=ORIENTED_EDGE('',*,*,#1826,.F.);
#2559=ORIENTED_EDGE('',*,*,#1821,.T.);
#2560=ORIENTED_EDGE('',*,*,#1827,.F.);
#2561=ORIENTED_EDGE('',*,*,#1828,.F.);
#2562=ORIENTED_EDGE('',*,*,#1824,.F.);
#2563=ORIENTED_EDGE('',*,*,#1820,.T.);
#2564=ORIENTED_EDGE('',*,*,#1829,.F.);
#2565=ORIENTED_EDGE('',*,*,#1830,.T.);
#2566=ORIENTED_EDGE('',*,*,#1827,.T.);
#2567=ORIENTED_EDGE('',*,*,#1831,.F.);
#2568=ORIENTED_EDGE('',*,*,#1825,.T.);
#2569=ORIENTED_EDGE('',*,*,#1828,.T.);
#2570=ORIENTED_EDGE('',*,*,#1830,.F.);
#2571=ORIENTED_EDGE('',*,*,#1832,.F.);
#2572=ORIENTED_EDGE('',*,*,#1833,.T.);
#2573=ORIENTED_EDGE('',*,*,#1834,.T.);
#2574=ORIENTED_EDGE('',*,*,#1833,.F.);
#2575=ORIENTED_EDGE('',*,*,#1834,.F.);
#2576=ORIENTED_EDGE('',*,*,#1835,.F.);
#2577=ORIENTED_EDGE('',*,*,#1836,.T.);
#2578=ORIENTED_EDGE('',*,*,#1837,.T.);
#2579=ORIENTED_EDGE('',*,*,#1836,.F.);
#2580=ORIENTED_EDGE('',*,*,#1837,.F.);
#2581=ORIENTED_EDGE('',*,*,#1838,.F.);
#2582=ORIENTED_EDGE('',*,*,#1839,.T.);
#2583=ORIENTED_EDGE('',*,*,#1840,.T.);
#2584=ORIENTED_EDGE('',*,*,#1839,.F.);
#2585=ORIENTED_EDGE('',*,*,#1840,.F.);
#2586=ORIENTED_EDGE('',*,*,#1841,.F.);
#2587=ORIENTED_EDGE('',*,*,#1842,.T.);
#2588=ORIENTED_EDGE('',*,*,#1843,.T.);
#2589=ORIENTED_EDGE('',*,*,#1842,.F.);
#2590=ORIENTED_EDGE('',*,*,#1843,.F.);
#2591=ORIENTED_EDGE('',*,*,#1844,.F.);
#2592=ORIENTED_EDGE('',*,*,#1845,.T.);
#2593=ORIENTED_EDGE('',*,*,#1846,.T.);
#2594=ORIENTED_EDGE('',*,*,#1847,.F.);
#2595=ORIENTED_EDGE('',*,*,#1848,.F.);
#2596=ORIENTED_EDGE('',*,*,#1849,.F.);
#2597=ORIENTED_EDGE('',*,*,#1846,.F.);
#2598=ORIENTED_EDGE('',*,*,#1850,.F.);
#2599=ORIENTED_EDGE('',*,*,#1832,.T.);
#2600=ORIENTED_EDGE('',*,*,#1838,.T.);
#2601=ORIENTED_EDGE('',*,*,#1851,.F.);
#2602=ORIENTED_EDGE('',*,*,#1852,.T.);
#2603=ORIENTED_EDGE('',*,*,#1853,.T.);
#2604=ORIENTED_EDGE('',*,*,#1854,.F.);
#2605=ORIENTED_EDGE('',*,*,#1853,.F.);
#2606=ORIENTED_EDGE('',*,*,#1855,.F.);
#2607=ORIENTED_EDGE('',*,*,#1856,.F.);
#2608=ORIENTED_EDGE('',*,*,#1857,.F.);
#2609=ORIENTED_EDGE('',*,*,#1835,.T.);
#2610=ORIENTED_EDGE('',*,*,#1841,.T.);
#2611=ORIENTED_EDGE('',*,*,#1848,.T.);
#2612=ORIENTED_EDGE('',*,*,#1858,.T.);
#2613=ORIENTED_EDGE('',*,*,#1859,.T.);
#2614=ORIENTED_EDGE('',*,*,#1860,.F.);
#2615=ORIENTED_EDGE('',*,*,#1856,.T.);
#2616=ORIENTED_EDGE('',*,*,#1861,.T.);
#2617=ORIENTED_EDGE('',*,*,#1862,.T.);
#2618=ORIENTED_EDGE('',*,*,#1863,.F.);
#2619=ORIENTED_EDGE('',*,*,#1864,.F.);
#2620=ORIENTED_EDGE('',*,*,#1847,.T.);
#2621=ORIENTED_EDGE('',*,*,#1849,.T.);
#2622=ORIENTED_EDGE('',*,*,#1860,.T.);
#2623=ORIENTED_EDGE('',*,*,#1865,.T.);
#2624=ORIENTED_EDGE('',*,*,#1861,.F.);
#2625=ORIENTED_EDGE('',*,*,#1855,.T.);
#2626=ORIENTED_EDGE('',*,*,#1852,.F.);
#2627=ORIENTED_EDGE('',*,*,#1866,.F.);
#2628=ORIENTED_EDGE('',*,*,#1854,.T.);
#2629=ORIENTED_EDGE('',*,*,#1857,.T.);
#2630=ORIENTED_EDGE('',*,*,#1863,.T.);
#2631=ORIENTED_EDGE('',*,*,#1867,.T.);
#2632=ORIENTED_EDGE('',*,*,#1858,.F.);
#2633=ORIENTED_EDGE('',*,*,#1850,.T.);
#2634=ORIENTED_EDGE('',*,*,#1845,.F.);
#2635=ORIENTED_EDGE('',*,*,#1867,.F.);
#2636=ORIENTED_EDGE('',*,*,#1862,.F.);
#2637=ORIENTED_EDGE('',*,*,#1865,.F.);
#2638=ORIENTED_EDGE('',*,*,#1859,.F.);
#2639=ORIENTED_EDGE('',*,*,#1822,.T.);
#2640=ORIENTED_EDGE('',*,*,#1826,.T.);
#2641=ORIENTED_EDGE('',*,*,#1831,.T.);
#2642=ORIENTED_EDGE('',*,*,#1829,.T.);
#2643=ORIENTED_EDGE('',*,*,#1819,.T.);
#2644=ORIENTED_EDGE('',*,*,#1864,.T.);
#2645=ORIENTED_EDGE('',*,*,#1851,.T.);
#2646=ORIENTED_EDGE('',*,*,#1866,.T.);
#2647=ORIENTED_EDGE('',*,*,#1844,.T.);
#2648=ORIENTED_EDGE('',*,*,#1692,.T.);
#2649=ORIENTED_EDGE('',*,*,#1674,.T.);
#2650=ORIENTED_EDGE('',*,*,#1524,.T.);
#2651=ORIENTED_EDGE('',*,*,#1677,.T.);
#2652=ORIENTED_EDGE('',*,*,#1691,.T.);
#2653=ORIENTED_EDGE('',*,*,#1682,.T.);
#2654=ORIENTED_EDGE('',*,*,#1609,.T.);
#2655=ORIENTED_EDGE('',*,*,#1685,.T.);
#2656=ORIENTED_EDGE('',*,*,#1690,.T.);
#2657=ORIENTED_EDGE('',*,*,#1644,.T.);
#2658=ORIENTED_EDGE('',*,*,#1563,.T.);
#2659=ORIENTED_EDGE('',*,*,#1687,.T.);
#2660=ORIENTED_EDGE('',*,*,#1693,.T.);
#2661=ORIENTED_EDGE('',*,*,#1678,.T.);
#2662=ORIENTED_EDGE('',*,*,#1486,.T.);
#2663=ORIENTED_EDGE('',*,*,#1681,.T.);
#2664=ORIENTED_EDGE('',*,*,#1631,.T.);
#2665=ORIENTED_EDGE('',*,*,#1633,.T.);
#2666=ORIENTED_EDGE('',*,*,#1635,.T.);
#2667=ORIENTED_EDGE('',*,*,#1637,.T.);
#2668=CYLINDRICAL_SURFACE('',#2885,1.);
#2669=CYLINDRICAL_SURFACE('',#2890,1.);
#2670=CYLINDRICAL_SURFACE('',#2901,1.);
#2671=CYLINDRICAL_SURFACE('',#2902,1.);
#2672=CYLINDRICAL_SURFACE('',#2908,1.);
#2673=CYLINDRICAL_SURFACE('',#2910,1.);
#2674=CYLINDRICAL_SURFACE('',#2921,1.);
#2675=CYLINDRICAL_SURFACE('',#2922,1.);
#2676=CYLINDRICAL_SURFACE('',#2927,1.);
#2677=CYLINDRICAL_SURFACE('',#2933,1.);
#2678=CYLINDRICAL_SURFACE('',#2934,1.);
#2679=CYLINDRICAL_SURFACE('',#2945,1.);
#2680=CYLINDRICAL_SURFACE('',#2946,1.);
#2681=CYLINDRICAL_SURFACE('',#2952,1.);
#2682=CYLINDRICAL_SURFACE('',#2955,1.);
#2683=CYLINDRICAL_SURFACE('',#2959,1.);
#2684=CYLINDRICAL_SURFACE('',#2964,1.);
#2685=CYLINDRICAL_SURFACE('',#2975,1.);
#2686=CYLINDRICAL_SURFACE('',#2976,1.);
#2687=CYLINDRICAL_SURFACE('',#2982,1.);
#2688=CYLINDRICAL_SURFACE('',#2983,1.49999999999999);
#2689=CYLINDRICAL_SURFACE('',#2985,1.5);
#2690=CYLINDRICAL_SURFACE('',#2987,1.5);
#2691=CYLINDRICAL_SURFACE('',#2989,1.49999999999999);
#2692=CYLINDRICAL_SURFACE('',#3025,100.);
#2693=CYLINDRICAL_SURFACE('',#3031,97.);
#2694=CYLINDRICAL_SURFACE('',#3059,1.);
#2695=CYLINDRICAL_SURFACE('',#3062,1.);
#2696=CYLINDRICAL_SURFACE('',#3065,0.999999999999999);
#2697=CYLINDRICAL_SURFACE('',#3068,0.999999999999999);
#2698=CYLINDRICAL_SURFACE('',#3079,1.);
#2699=CYLINDRICAL_SURFACE('',#3083,0.999999999999997);
#2700=CYLINDRICAL_SURFACE('',#3087,0.999999999999996);
#2701=CYLINDRICAL_SURFACE('',#3091,1.);
#2702=CYLINDRICAL_SURFACE('',#3105,39.5);
#2703=CYLINDRICAL_SURFACE('',#3108,42.5);
#2704=CYLINDRICAL_SURFACE('',#3114,1.5);
#2705=CYLINDRICAL_SURFACE('',#3118,1.5);
#2706=CYLINDRICAL_SURFACE('',#3122,1.5);
#2707=CYLINDRICAL_SURFACE('',#3126,1.5);
#2708=ADVANCED_FACE('',(#216),#2668,.T.);
#2709=ADVANCED_FACE('',(#217,#63),#99,.F.);
#2710=ADVANCED_FACE('',(#218),#2669,.T.);
#2711=ADVANCED_FACE('',(#219),#100,.T.);
#2712=ADVANCED_FACE('',(#220),#101,.T.);
#2713=ADVANCED_FACE('',(#221),#102,.T.);
#2714=ADVANCED_FACE('',(#222),#2670,.T.);
#2715=ADVANCED_FACE('',(#223),#2671,.T.);
#2716=ADVANCED_FACE('',(#224),#103,.T.);
#2717=ADVANCED_FACE('',(#225),#104,.T.);
#2718=ADVANCED_FACE('',(#226),#2672,.T.);
#2719=ADVANCED_FACE('',(#227),#105,.F.);
#2720=ADVANCED_FACE('',(#228),#2673,.T.);
#2721=ADVANCED_FACE('',(#229),#106,.T.);
#2722=ADVANCED_FACE('',(#230),#107,.T.);
#2723=ADVANCED_FACE('',(#231),#108,.T.);
#2724=ADVANCED_FACE('',(#232),#2674,.T.);
#2725=ADVANCED_FACE('',(#233),#2675,.T.);
#2726=ADVANCED_FACE('',(#234,#64),#109,.F.);
#2727=ADVANCED_FACE('',(#235),#2676,.T.);
#2728=ADVANCED_FACE('',(#236),#110,.T.);
#2729=ADVANCED_FACE('',(#237),#111,.T.);
#2730=ADVANCED_FACE('',(#238),#2677,.T.);
#2731=ADVANCED_FACE('',(#239),#2678,.T.);
#2732=ADVANCED_FACE('',(#240),#112,.T.);
#2733=ADVANCED_FACE('',(#241),#113,.T.);
#2734=ADVANCED_FACE('',(#242),#114,.T.);
#2735=ADVANCED_FACE('',(#243),#2679,.T.);
#2736=ADVANCED_FACE('',(#244),#2680,.T.);
#2737=ADVANCED_FACE('',(#245),#115,.T.);
#2738=ADVANCED_FACE('',(#246),#116,.T.);
#2739=ADVANCED_FACE('',(#247),#2681,.T.);
#2740=ADVANCED_FACE('',(#248),#117,.F.);
#2741=ADVANCED_FACE('',(#249),#2682,.T.);
#2742=ADVANCED_FACE('',(#250,#65),#118,.F.);
#2743=ADVANCED_FACE('',(#251),#2683,.T.);
#2744=ADVANCED_FACE('',(#252,#66),#119,.F.);
#2745=ADVANCED_FACE('',(#253),#2684,.T.);
#2746=ADVANCED_FACE('',(#254),#120,.T.);
#2747=ADVANCED_FACE('',(#255),#121,.T.);
#2748=ADVANCED_FACE('',(#256),#122,.T.);
#2749=ADVANCED_FACE('',(#257),#2685,.T.);
#2750=ADVANCED_FACE('',(#258),#2686,.T.);
#2751=ADVANCED_FACE('',(#259),#123,.T.);
#2752=ADVANCED_FACE('',(#260),#124,.T.);
#2753=ADVANCED_FACE('',(#261),#2687,.T.);
#2754=ADVANCED_FACE('',(#262),#2688,.F.);
#2755=ADVANCED_FACE('',(#263),#2689,.F.);
#2756=ADVANCED_FACE('',(#264),#2690,.F.);
#2757=ADVANCED_FACE('',(#265),#2691,.F.);
#2758=ADVANCED_FACE('',(#266),#125,.F.);
#2759=ADVANCED_FACE('',(#267),#126,.F.);
#2760=ADVANCED_FACE('',(#268),#127,.T.);
#2761=ADVANCED_FACE('',(#269),#128,.F.);
#2762=ADVANCED_FACE('',(#270),#129,.F.);
#2763=ADVANCED_FACE('',(#271),#130,.F.);
#2764=ADVANCED_FACE('',(#272),#131,.F.);
#2765=ADVANCED_FACE('',(#273),#132,.T.);
#2766=ADVANCED_FACE('',(#274),#133,.F.);
#2767=ADVANCED_FACE('',(#275),#134,.T.);
#2768=ADVANCED_FACE('',(#276),#135,.T.);
#2769=ADVANCED_FACE('',(#277),#136,.F.);
#2770=ADVANCED_FACE('',(#278),#137,.T.);
#2771=ADVANCED_FACE('',(#279),#138,.T.);
#2772=ADVANCED_FACE('',(#280),#139,.F.);
#2773=ADVANCED_FACE('',(#281),#140,.T.);
#2774=ADVANCED_FACE('',(#282),#141,.T.);
#2775=ADVANCED_FACE('',(#283),#142,.T.);
#2776=ADVANCED_FACE('',(#284),#143,.F.);
#2777=ADVANCED_FACE('',(#285),#144,.T.);
#2778=ADVANCED_FACE('',(#286),#145,.T.);
#2779=ADVANCED_FACE('',(#287),#146,.T.);
#2780=ADVANCED_FACE('',(#288),#147,.T.);
#2781=ADVANCED_FACE('',(#289),#148,.T.);
#2782=ADVANCED_FACE('',(#290),#149,.T.);
#2783=ADVANCED_FACE('',(#291),#150,.T.);
#2784=ADVANCED_FACE('',(#292),#2692,.T.);
#2785=ADVANCED_FACE('',(#293),#2693,.F.);
#2786=ADVANCED_FACE('',(#294,#67),#151,.T.);
#2787=ADVANCED_FACE('',(#295),#152,.F.);
#2788=ADVANCED_FACE('',(#296),#153,.F.);
#2789=ADVANCED_FACE('',(#297),#154,.F.);
#2790=ADVANCED_FACE('',(#298),#155,.F.);
#2791=ADVANCED_FACE('',(#299),#156,.F.);
#2792=ADVANCED_FACE('',(#300),#157,.F.);
#2793=ADVANCED_FACE('',(#301),#158,.F.);
#2794=ADVANCED_FACE('',(#302),#159,.F.);
#2795=ADVANCED_FACE('',(#303,#68),#160,.T.);
#2796=ADVANCED_FACE('',(#304,#69),#161,.T.);
#2797=ADVANCED_FACE('',(#305,#70,#71,#72,#73,#74),#162,.T.);
#2798=ADVANCED_FACE('',(#306,#75),#163,.F.);
#2799=ADVANCED_FACE('',(#307,#76),#164,.F.);
#2800=ADVANCED_FACE('',(#308),#165,.T.);
#2801=ADVANCED_FACE('',(#309),#166,.T.);
#2802=ADVANCED_FACE('',(#310,#77,#78),#167,.T.);
#2803=ADVANCED_FACE('',(#311,#79,#80),#168,.T.);
#2804=ADVANCED_FACE('',(#312),#169,.T.);
#2805=ADVANCED_FACE('',(#313),#170,.T.);
#2806=ADVANCED_FACE('',(#314),#2694,.F.);
#2807=ADVANCED_FACE('',(#315),#171,.T.);
#2808=ADVANCED_FACE('',(#316),#2695,.F.);
#2809=ADVANCED_FACE('',(#317),#172,.T.);
#2810=ADVANCED_FACE('',(#318),#2696,.F.);
#2811=ADVANCED_FACE('',(#319),#173,.T.);
#2812=ADVANCED_FACE('',(#320),#2697,.F.);
#2813=ADVANCED_FACE('',(#321),#174,.T.);
#2814=ADVANCED_FACE('',(#322),#175,.F.);
#2815=ADVANCED_FACE('',(#323),#176,.F.);
#2816=ADVANCED_FACE('',(#324),#177,.F.);
#2817=ADVANCED_FACE('',(#325),#178,.F.);
#2818=ADVANCED_FACE('',(#326),#179,.F.);
#2819=ADVANCED_FACE('',(#327),#180,.F.);
#2820=ADVANCED_FACE('',(#328),#181,.F.);
#2821=ADVANCED_FACE('',(#329),#182,.F.);
#2822=ADVANCED_FACE('',(#330),#2698,.F.);
#2823=ADVANCED_FACE('',(#331),#183,.T.);
#2824=ADVANCED_FACE('',(#332),#2699,.F.);
#2825=ADVANCED_FACE('',(#333),#184,.T.);
#2826=ADVANCED_FACE('',(#334),#2700,.F.);
#2827=ADVANCED_FACE('',(#335),#185,.T.);
#2828=ADVANCED_FACE('',(#336),#2701,.F.);
#2829=ADVANCED_FACE('',(#337),#186,.T.);
#2830=ADVANCED_FACE('',(#338,#81),#187,.T.);
#2831=ADVANCED_FACE('',(#339),#188,.T.);
#2832=ADVANCED_FACE('',(#340,#82),#189,.T.);
#2833=ADVANCED_FACE('',(#341),#190,.T.);
#2834=ADVANCED_FACE('',(#342,#83,#84),#191,.T.);
#2835=ADVANCED_FACE('',(#343,#85),#192,.T.);
#2836=ADVANCED_FACE('',(#344),#193,.T.);
#2837=ADVANCED_FACE('',(#345,#86),#194,.T.);
#2838=ADVANCED_FACE('',(#346),#195,.T.);
#2839=ADVANCED_FACE('',(#347,#87,#88),#196,.T.);
#2840=ADVANCED_FACE('',(#348),#2702,.F.);
#2841=ADVANCED_FACE('',(#349),#2703,.T.);
#2842=ADVANCED_FACE('',(#350),#197,.F.);
#2843=ADVANCED_FACE('',(#351),#198,.T.);
#2844=ADVANCED_FACE('',(#352),#199,.F.);
#2845=ADVANCED_FACE('',(#353),#200,.F.);
#2846=ADVANCED_FACE('',(#354),#2704,.F.);
#2847=ADVANCED_FACE('',(#355),#201,.T.);
#2848=ADVANCED_FACE('',(#356),#2705,.F.);
#2849=ADVANCED_FACE('',(#357),#202,.T.);
#2850=ADVANCED_FACE('',(#358),#2706,.F.);
#2851=ADVANCED_FACE('',(#359),#203,.T.);
#2852=ADVANCED_FACE('',(#360),#2707,.F.);
#2853=ADVANCED_FACE('',(#361),#204,.T.);
#2854=ADVANCED_FACE('',(#362),#205,.F.);
#2855=ADVANCED_FACE('',(#363,#89,#90),#206,.F.);
#2856=ADVANCED_FACE('',(#364),#207,.F.);
#2857=ADVANCED_FACE('',(#365,#91,#92),#208,.F.);
#2858=ADVANCED_FACE('',(#366),#209,.F.);
#2859=ADVANCED_FACE('',(#367),#210,.F.);
#2860=ADVANCED_FACE('',(#368),#211,.F.);
#2861=ADVANCED_FACE('',(#369),#212,.F.);
#2862=ADVANCED_FACE('',(#370),#213,.F.);
#2863=ADVANCED_FACE('',(#371,#93,#94),#214,.T.);
#2864=ADVANCED_FACE('',(#372,#95,#96,#97,#98),#215,.F.);
#2865=CLOSED_SHELL('',(#2708,#2709,#2710,#2711,#2712,#2713,#2714,#2715,
#2716,#2717,#2718,#2719,#2720,#2721,#2722,#2723,#2724,#2725,#2726,#2727,
#2728,#2729,#2730,#2731,#2732,#2733,#2734,#2735,#2736,#2737,#2738,#2739,
#2740,#2741,#2742,#2743,#2744,#2745,#2746,#2747,#2748,#2749,#2750,#2751,
#2752,#2753,#2754,#2755,#2756,#2757,#2758,#2759,#2760,#2761,#2762,#2763,
#2764,#2765,#2766,#2767,#2768,#2769,#2770,#2771,#2772,#2773,#2774,#2775,
#2776,#2777,#2778,#2779,#2780,#2781,#2782,#2783,#2784,#2785,#2786,#2787,
#2788,#2789,#2790,#2791,#2792,#2793,#2794,#2795,#2796,#2797,#2798,#2799,
#2800,#2801,#2802,#2803,#2804,#2805,#2806,#2807,#2808,#2809,#2810,#2811,
#2812,#2813,#2814,#2815,#2816,#2817,#2818,#2819,#2820,#2821,#2822,#2823,
#2824,#2825,#2826,#2827,#2828,#2829,#2830,#2831,#2832,#2833,#2834,#2835,
#2836,#2837,#2838,#2839,#2840,#2841,#2842,#2843,#2844,#2845,#2846,#2847,
#2848,#2849,#2850,#2851,#2852,#2853,#2854,#2855,#2856,#2857,#2858,#2859,
#2860,#2861,#2862,#2863,#2864));
#2866=DERIVED_UNIT_ELEMENT(#2868,1.);
#2867=DERIVED_UNIT_ELEMENT(#4832,3.);
#2868=(
MASS_UNIT()
NAMED_UNIT(*)
SI_UNIT($,.GRAM.)
);
#2869=DERIVED_UNIT((#2866,#2867));
#2870=MEASURE_REPRESENTATION_ITEM('density measure',
POSITIVE_RATIO_MEASURE(1.06),#2869);
#2871=PROPERTY_DEFINITION_REPRESENTATION(#2876,#2873);
#2872=PROPERTY_DEFINITION_REPRESENTATION(#2877,#2874);
#2873=REPRESENTATION('material name',(#2875),#4829);
#2874=REPRESENTATION('density',(#2870),#4829);
#2875=DESCRIPTIVE_REPRESENTATION_ITEM('ABS Plastic','ABS Plastic');
#2876=PROPERTY_DEFINITION('material property','material name',#4839);
#2877=PROPERTY_DEFINITION('material property','density of part',#4839);
#2878=DATE_TIME_ROLE('creation_date');
#2879=APPLIED_DATE_AND_TIME_ASSIGNMENT(#2880,#2878,(#4839));
#2880=DATE_AND_TIME(#2881,#2882);
#2881=CALENDAR_DATE(2025,3,11);
#2882=LOCAL_TIME(0,0,0.,#2883);
#2883=COORDINATED_UNIVERSAL_TIME_OFFSET(0,0,.BEHIND.);
#2884=AXIS2_PLACEMENT_3D('placement',#3940,#3141,#3142);
#2885=AXIS2_PLACEMENT_3D('',#3941,#3143,#3144);
#2886=AXIS2_PLACEMENT_3D('',#3944,#3145,#3146);
#2887=AXIS2_PLACEMENT_3D('',#3948,#3148,#3149);
#2888=AXIS2_PLACEMENT_3D('',#3950,#3151,#3152);
#2889=AXIS2_PLACEMENT_3D('',#3957,#3156,#3157);
#2890=AXIS2_PLACEMENT_3D('',#3958,#3158,#3159);
#2891=AXIS2_PLACEMENT_3D('',#3961,#3160,#3161);
#2892=AXIS2_PLACEMENT_3D('',#3965,#3163,#3164);
#2893=AXIS2_PLACEMENT_3D('',#3972,#3166,#3167);
#2894=AXIS2_PLACEMENT_3D('',#3976,#3169,#3170);
#2895=AXIS2_PLACEMENT_3D('',#3980,#3172,#3173);
#2896=AXIS2_PLACEMENT_3D('',#3989,#3178,#3179);
#2897=AXIS2_PLACEMENT_3D('',#3991,#3181,#3182);
#2898=AXIS2_PLACEMENT_3D('',#3995,#3185,#3186);
#2899=AXIS2_PLACEMENT_3D('',#3997,#3187,#3188);
#2900=AXIS2_PLACEMENT_3D('',#3998,#3189,#3190);
#2901=AXIS2_PLACEMENT_3D('',#3999,#3191,#3192);
#2902=AXIS2_PLACEMENT_3D('',#4008,#3194,#3195);
#2903=AXIS2_PLACEMENT_3D('',#4012,#3197,#3198);
#2904=AXIS2_PLACEMENT_3D('',#4019,#3200,#3201);
#2905=AXIS2_PLACEMENT_3D('',#4023,#3203,#3204);
#2906=AXIS2_PLACEMENT_3D('',#4024,#3205,#3206);
#2907=AXIS2_PLACEMENT_3D('',#4025,#3207,#3208);
#2908=AXIS2_PLACEMENT_3D('',#4027,#3210,#3211);
#2909=AXIS2_PLACEMENT_3D('',#4036,#3213,#3214);
#2910=AXIS2_PLACEMENT_3D('',#4042,#3218,#3219);
#2911=AXIS2_PLACEMENT_3D('',#4045,#3220,#3221);
#2912=AXIS2_PLACEMENT_3D('',#4049,#3223,#3224);
#2913=AXIS2_PLACEMENT_3D('',#4056,#3226,#3227);
#2914=AXIS2_PLACEMENT_3D('',#4060,#3229,#3230);
#2915=AXIS2_PLACEMENT_3D('',#4068,#3234,#3235);
#2916=AXIS2_PLACEMENT_3D('',#4072,#3237,#3238);
#2917=AXIS2_PLACEMENT_3D('',#4078,#3242,#3243);
#2918=AXIS2_PLACEMENT_3D('',#4082,#3246,#3247);
#2919=AXIS2_PLACEMENT_3D('',#4084,#3248,#3249);
#2920=AXIS2_PLACEMENT_3D('',#4085,#3250,#3251);
#2921=AXIS2_PLACEMENT_3D('',#4086,#3252,#3253);
#2922=AXIS2_PLACEMENT_3D('',#4095,#3255,#3256);
#2923=AXIS2_PLACEMENT_3D('',#4097,#3257,#3258);
#2924=AXIS2_PLACEMENT_3D('',#4100,#3260,#3261);
#2925=AXIS2_PLACEMENT_3D('',#4101,#3262,#3263);
#2926=AXIS2_PLACEMENT_3D('',#4108,#3267,#3268);
#2927=AXIS2_PLACEMENT_3D('',#4109,#3269,#3270);
#2928=AXIS2_PLACEMENT_3D('',#4112,#3271,#3272);
#2929=AXIS2_PLACEMENT_3D('',#4122,#3275,#3276);
#2930=AXIS2_PLACEMENT_3D('',#4126,#3279,#3280);
#2931=AXIS2_PLACEMENT_3D('',#4128,#3281,#3282);
#2932=AXIS2_PLACEMENT_3D('',#4129,#3283,#3284);
#2933=AXIS2_PLACEMENT_3D('',#4130,#3285,#3286);
#2934=AXIS2_PLACEMENT_3D('',#4137,#3288,#3289);
#2935=AXIS2_PLACEMENT_3D('',#4140,#3290,#3291);
#2936=AXIS2_PLACEMENT_3D('',#4144,#3293,#3294);
#2937=AXIS2_PLACEMENT_3D('',#4151,#3296,#3297);
#2938=AXIS2_PLACEMENT_3D('',#4155,#3299,#3300);
#2939=AXIS2_PLACEMENT_3D('',#4163,#3304,#3305);
#2940=AXIS2_PLACEMENT_3D('',#4167,#3307,#3308);
#2941=AXIS2_PLACEMENT_3D('',#4173,#3312,#3313);
#2942=AXIS2_PLACEMENT_3D('',#4177,#3316,#3317);
#2943=AXIS2_PLACEMENT_3D('',#4179,#3318,#3319);
#2944=AXIS2_PLACEMENT_3D('',#4180,#3320,#3321);
#2945=AXIS2_PLACEMENT_3D('',#4181,#3322,#3323);
#2946=AXIS2_PLACEMENT_3D('',#4190,#3325,#3326);
#2947=AXIS2_PLACEMENT_3D('',#4194,#3328,#3329);
#2948=AXIS2_PLACEMENT_3D('',#4201,#3331,#3332);
#2949=AXIS2_PLACEMENT_3D('',#4205,#3334,#3335);
#2950=AXIS2_PLACEMENT_3D('',#4206,#3336,#3337);
#2951=AXIS2_PLACEMENT_3D('',#4207,#3338,#3339);
#2952=AXIS2_PLACEMENT_3D('',#4209,#3341,#3342);
#2953=AXIS2_PLACEMENT_3D('',#4218,#3344,#3345);
#2954=AXIS2_PLACEMENT_3D('',#4220,#3346,#3347);
#2955=AXIS2_PLACEMENT_3D('',#4228,#3352,#3353);
#2956=AXIS2_PLACEMENT_3D('',#4230,#3354,#3355);
#2957=AXIS2_PLACEMENT_3D('',#4232,#3357,#3358);
#2958=AXIS2_PLACEMENT_3D('',#4237,#3361,#3362);
#2959=AXIS2_PLACEMENT_3D('',#4238,#3363,#3364);
#2960=AXIS2_PLACEMENT_3D('',#4241,#3365,#3366);
#2961=AXIS2_PLACEMENT_3D('',#4245,#3368,#3369);
#2962=AXIS2_PLACEMENT_3D('',#4247,#3371,#3372);
#2963=AXIS2_PLACEMENT_3D('',#4254,#3376,#3377);
#2964=AXIS2_PLACEMENT_3D('',#4255,#3378,#3379);
#2965=AXIS2_PLACEMENT_3D('',#4258,#3380,#3381);
#2966=AXIS2_PLACEMENT_3D('',#4262,#3383,#3384);
#2967=AXIS2_PLACEMENT_3D('',#4269,#3386,#3387);
#2968=AXIS2_PLACEMENT_3D('',#4273,#3389,#3390);
#2969=AXIS2_PLACEMENT_3D('',#4277,#3392,#3393);
#2970=AXIS2_PLACEMENT_3D('',#4286,#3398,#3399);
#2971=AXIS2_PLACEMENT_3D('',#4288,#3401,#3402);
#2972=AXIS2_PLACEMENT_3D('',#4292,#3405,#3406);
#2973=AXIS2_PLACEMENT_3D('',#4294,#3407,#3408);
#2974=AXIS2_PLACEMENT_3D('',#4295,#3409,#3410);
#2975=AXIS2_PLACEMENT_3D('',#4296,#3411,#3412);
#2976=AXIS2_PLACEMENT_3D('',#4305,#3414,#3415);
#2977=AXIS2_PLACEMENT_3D('',#4308,#3416,#3417);
#2978=AXIS2_PLACEMENT_3D('',#4318,#3420,#3421);
#2979=AXIS2_PLACEMENT_3D('',#4322,#3424,#3425);
#2980=AXIS2_PLACEMENT_3D('',#4324,#3426,#3427);
#2981=AXIS2_PLACEMENT_3D('',#4325,#3428,#3429);
#2982=AXIS2_PLACEMENT_3D('',#4326,#3430,#3431);
#2983=AXIS2_PLACEMENT_3D('',#4333,#3433,#3434);
#2984=AXIS2_PLACEMENT_3D('',#4336,#3436,#3437);
#2985=AXIS2_PLACEMENT_3D('',#4337,#3438,#3439);
#2986=AXIS2_PLACEMENT_3D('',#4340,#3441,#3442);
#2987=AXIS2_PLACEMENT_3D('',#4341,#3443,#3444);
#2988=AXIS2_PLACEMENT_3D('',#4344,#3446,#3447);
#2989=AXIS2_PLACEMENT_3D('',#4345,#3448,#3449);
#2990=AXIS2_PLACEMENT_3D('',#4348,#3451,#3452);
#2991=AXIS2_PLACEMENT_3D('',#4349,#3453,#3454);
#2992=AXIS2_PLACEMENT_3D('',#4355,#3458,#3459);
#2993=AXIS2_PLACEMENT_3D('',#4361,#3463,#3464);
#2994=AXIS2_PLACEMENT_3D('',#4365,#3467,#3468);
#2995=AXIS2_PLACEMENT_3D('',#4371,#3472,#3473);
#2996=AXIS2_PLACEMENT_3D('',#4377,#3477,#3478);
#2997=AXIS2_PLACEMENT_3D('',#4383,#3482,#3483);
#2998=AXIS2_PLACEMENT_3D('',#4389,#3487,#3488);
#2999=AXIS2_PLACEMENT_3D('',#4390,#3489,#3490);
#3000=AXIS2_PLACEMENT_3D('',#4391,#3491,#3492);
#3001=AXIS2_PLACEMENT_3D('',#4395,#3495,#3496);
#3002=AXIS2_PLACEMENT_3D('',#4396,#3497,#3498);
#3003=AXIS2_PLACEMENT_3D('',#4397,#3499,#3500);
#3004=AXIS2_PLACEMENT_3D('',#4398,#3501,#3502);
#3005=AXIS2_PLACEMENT_3D('',#4399,#3503,#3504);
#3006=AXIS2_PLACEMENT_3D('',#4403,#3507,#3508);
#3007=AXIS2_PLACEMENT_3D('',#4404,#3509,#3510);
#3008=AXIS2_PLACEMENT_3D('',#4405,#3511,#3512);
#3009=AXIS2_PLACEMENT_3D('',#4406,#3513,#3514);
#3010=AXIS2_PLACEMENT_3D('',#4407,#3515,#3516);
#3011=AXIS2_PLACEMENT_3D('',#4411,#3519,#3520);
#3012=AXIS2_PLACEMENT_3D('',#4412,#3521,#3522);
#3013=AXIS2_PLACEMENT_3D('',#4413,#3523,#3524);
#3014=AXIS2_PLACEMENT_3D('',#4416,#3526,#3527);
#3015=AXIS2_PLACEMENT_3D('',#4417,#3528,#3529);
#3016=AXIS2_PLACEMENT_3D('',#4419,#3531,#3532);
#3017=AXIS2_PLACEMENT_3D('',#4420,#3533,#3534);
#3018=AXIS2_PLACEMENT_3D('',#4421,#3535,#3536);
#3019=AXIS2_PLACEMENT_3D('',#4425,#3539,#3540);
#3020=AXIS2_PLACEMENT_3D('',#4429,#3543,#3544);
#3021=AXIS2_PLACEMENT_3D('',#4433,#3547,#3548);
#3022=AXIS2_PLACEMENT_3D('',#4437,#3551,#3552);
#3023=AXIS2_PLACEMENT_3D('',#4441,#3555,#3556);
#3024=AXIS2_PLACEMENT_3D('',#4445,#3559,#3560);
#3025=AXIS2_PLACEMENT_3D('',#4449,#3563,#3564);
#3026=AXIS2_PLACEMENT_3D('',#4451,#3565,#3566);
#3027=AXIS2_PLACEMENT_3D('',#4453,#3568,#3569);
#3028=AXIS2_PLACEMENT_3D('',#4454,#3570,#3571);
#3029=AXIS2_PLACEMENT_3D('',#4455,#3572,#3573);
#3030=AXIS2_PLACEMENT_3D('',#4456,#3574,#3575);
#3031=AXIS2_PLACEMENT_3D('',#4457,#3576,#3577);
#3032=AXIS2_PLACEMENT_3D('',#4459,#3578,#3579);
#3033=AXIS2_PLACEMENT_3D('',#4462,#3581,#3582);
#3034=AXIS2_PLACEMENT_3D('',#4463,#3583,#3584);
#3035=AXIS2_PLACEMENT_3D('',#4464,#3585,#3586);
#3036=AXIS2_PLACEMENT_3D('',#4473,#3591,#3592);
#3037=AXIS2_PLACEMENT_3D('',#4482,#3597,#3598);
#3038=AXIS2_PLACEMENT_3D('',#4488,#3602,#3603);
#3039=AXIS2_PLACEMENT_3D('',#4494,#3607,#3608);
#3040=AXIS2_PLACEMENT_3D('',#4500,#3612,#3613);
#3041=AXIS2_PLACEMENT_3D('',#4503,#3616,#3617);
#3042=AXIS2_PLACEMENT_3D('',#4509,#3621,#3622);
#3043=AXIS2_PLACEMENT_3D('',#4512,#3625,#3626);
#3044=AXIS2_PLACEMENT_3D('',#4521,#3631,#3632);
#3045=AXIS2_PLACEMENT_3D('',#4530,#3637,#3638);
#3046=AXIS2_PLACEMENT_3D('',#4532,#3639,#3640);
#3047=AXIS2_PLACEMENT_3D('',#4559,#3655,#3656);
#3048=AXIS2_PLACEMENT_3D('',#4565,#3660,#3661);
#3049=AXIS2_PLACEMENT_3D('',#4571,#3665,#3666);
#3050=AXIS2_PLACEMENT_3D('',#4573,#3668,#3669);
#3051=AXIS2_PLACEMENT_3D('',#4575,#3671,#3672);
#3052=AXIS2_PLACEMENT_3D('',#4578,#3674,#3675);
#3053=AXIS2_PLACEMENT_3D('',#4580,#3676,#3677);
#3054=AXIS2_PLACEMENT_3D('',#4581,#3678,#3679);
#3055=AXIS2_PLACEMENT_3D('',#4584,#3681,#3682);
#3056=AXIS2_PLACEMENT_3D('',#4586,#3683,#3684);
#3057=AXIS2_PLACEMENT_3D('',#4587,#3685,#3686);
#3058=AXIS2_PLACEMENT_3D('',#4588,#3687,#3688);
#3059=AXIS2_PLACEMENT_3D('',#4589,#3689,#3690);
#3060=AXIS2_PLACEMENT_3D('',#4592,#3692,#3693);
#3061=AXIS2_PLACEMENT_3D('',#4593,#3694,#3695);
#3062=AXIS2_PLACEMENT_3D('',#4594,#3696,#3697);
#3063=AXIS2_PLACEMENT_3D('',#4597,#3699,#3700);
#3064=AXIS2_PLACEMENT_3D('',#4598,#3701,#3702);
#3065=AXIS2_PLACEMENT_3D('',#4599,#3703,#3704);
#3066=AXIS2_PLACEMENT_3D('',#4602,#3706,#3707);
#3067=AXIS2_PLACEMENT_3D('',#4603,#3708,#3709);
#3068=AXIS2_PLACEMENT_3D('',#4604,#3710,#3711);
#3069=AXIS2_PLACEMENT_3D('',#4607,#3713,#3714);
#3070=AXIS2_PLACEMENT_3D('',#4608,#3715,#3716);
#3071=AXIS2_PLACEMENT_3D('',#4609,#3717,#3718);
#3072=AXIS2_PLACEMENT_3D('',#4618,#3723,#3724);
#3073=AXIS2_PLACEMENT_3D('',#4627,#3729,#3730);
#3074=AXIS2_PLACEMENT_3D('',#4633,#3734,#3735);
#3075=AXIS2_PLACEMENT_3D('',#4639,#3739,#3740);
#3076=AXIS2_PLACEMENT_3D('',#4645,#3744,#3745);
#3077=AXIS2_PLACEMENT_3D('',#4648,#3748,#3749);
#3078=AXIS2_PLACEMENT_3D('',#4654,#3753,#3754);
#3079=AXIS2_PLACEMENT_3D('',#4657,#3757,#3758);
#3080=AXIS2_PLACEMENT_3D('',#4659,#3759,#3760);
#3081=AXIS2_PLACEMENT_3D('',#4662,#3762,#3763);
#3082=AXIS2_PLACEMENT_3D('',#4663,#3764,#3765);
#3083=AXIS2_PLACEMENT_3D('',#4664,#3766,#3767);
#3084=AXIS2_PLACEMENT_3D('',#4666,#3768,#3769);
#3085=AXIS2_PLACEMENT_3D('',#4669,#3771,#3772);
#3086=AXIS2_PLACEMENT_3D('',#4670,#3773,#3774);
#3087=AXIS2_PLACEMENT_3D('',#4671,#3775,#3776);
#3088=AXIS2_PLACEMENT_3D('',#4673,#3777,#3778);
#3089=AXIS2_PLACEMENT_3D('',#4676,#3780,#3781);
#3090=AXIS2_PLACEMENT_3D('',#4677,#3782,#3783);
#3091=AXIS2_PLACEMENT_3D('',#4678,#3784,#3785);
#3092=AXIS2_PLACEMENT_3D('',#4680,#3786,#3787);
#3093=AXIS2_PLACEMENT_3D('',#4683,#3789,#3790);
#3094=AXIS2_PLACEMENT_3D('',#4684,#3791,#3792);
#3095=AXIS2_PLACEMENT_3D('',#4685,#3793,#3794);
#3096=AXIS2_PLACEMENT_3D('',#4691,#3798,#3799);
#3097=AXIS2_PLACEMENT_3D('',#4695,#3802,#3803);
#3098=AXIS2_PLACEMENT_3D('',#4699,#3806,#3807);
#3099=AXIS2_PLACEMENT_3D('',#4701,#3809,#3810);
#3100=AXIS2_PLACEMENT_3D('',#4702,#3811,#3812);
#3101=AXIS2_PLACEMENT_3D('',#4708,#3816,#3817);
#3102=AXIS2_PLACEMENT_3D('',#4712,#3820,#3821);
#3103=AXIS2_PLACEMENT_3D('',#4716,#3824,#3825);
#3104=AXIS2_PLACEMENT_3D('',#4718,#3827,#3828);
#3105=AXIS2_PLACEMENT_3D('',#4719,#3829,#3830);
#3106=AXIS2_PLACEMENT_3D('',#4724,#3832,#3833);
#3107=AXIS2_PLACEMENT_3D('',#4727,#3835,#3836);
#3108=AXIS2_PLACEMENT_3D('',#4728,#3837,#3838);
#3109=AXIS2_PLACEMENT_3D('',#4730,#3839,#3840);
#3110=AXIS2_PLACEMENT_3D('',#4732,#3842,#3843);
#3111=AXIS2_PLACEMENT_3D('',#4738,#3847,#3848);
#3112=AXIS2_PLACEMENT_3D('',#4742,#3851,#3852);
#3113=AXIS2_PLACEMENT_3D('',#4746,#3855,#3856);
#3114=AXIS2_PLACEMENT_3D('',#4748,#3858,#3859);
#3115=AXIS2_PLACEMENT_3D('',#4750,#3860,#3861);
#3116=AXIS2_PLACEMENT_3D('',#4753,#3863,#3864);
#3117=AXIS2_PLACEMENT_3D('',#4754,#3865,#3866);
#3118=AXIS2_PLACEMENT_3D('',#4755,#3867,#3868);
#3119=AXIS2_PLACEMENT_3D('',#4757,#3869,#3870);
#3120=AXIS2_PLACEMENT_3D('',#4760,#3872,#3873);
#3121=AXIS2_PLACEMENT_3D('',#4761,#3874,#3875);
#3122=AXIS2_PLACEMENT_3D('',#4762,#3876,#3877);
#3123=AXIS2_PLACEMENT_3D('',#4764,#3878,#3879);
#3124=AXIS2_PLACEMENT_3D('',#4767,#3881,#3882);
#3125=AXIS2_PLACEMENT_3D('',#4768,#3883,#3884);
#3126=AXIS2_PLACEMENT_3D('',#4769,#3885,#3886);
#3127=AXIS2_PLACEMENT_3D('',#4771,#3887,#3888);
#3128=AXIS2_PLACEMENT_3D('',#4774,#3890,#3891);
#3129=AXIS2_PLACEMENT_3D('',#4775,#3892,#3893);
#3130=AXIS2_PLACEMENT_3D('',#4776,#3894,#3895);
#3131=AXIS2_PLACEMENT_3D('',#4785,#3900,#3901);
#3132=AXIS2_PLACEMENT_3D('',#4791,#3905,#3906);
#3133=AXIS2_PLACEMENT_3D('',#4800,#3911,#3912);
#3134=AXIS2_PLACEMENT_3D('',#4806,#3916,#3917);
#3135=AXIS2_PLACEMENT_3D('',#4812,#3921,#3922);
#3136=AXIS2_PLACEMENT_3D('',#4818,#3926,#3927);
#3137=AXIS2_PLACEMENT_3D('',#4821,#3930,#3931);
#3138=AXIS2_PLACEMENT_3D('',#4824,#3934,#3935);
#3139=AXIS2_PLACEMENT_3D('',#4825,#3936,#3937);
#3140=AXIS2_PLACEMENT_3D('',#4826,#3938,#3939);
#3141=DIRECTION('axis',(0.,0.,1.));
#3142=DIRECTION('refdir',(1.,0.,0.));
#3143=DIRECTION('center_axis',(1.,0.,0.));
#3144=DIRECTION('ref_axis',(0.,0.707106781186553,0.707106781186543));
#3145=DIRECTION('center_axis',(-1.,5.25390181010014E-16,0.));
#3146=DIRECTION('ref_axis',(0.,0.707106781186553,0.707106781186543));
#3147=DIRECTION('',(1.,0.,0.));
#3148=DIRECTION('center_axis',(1.,-9.45702325818025E-16,0.));
#3149=DIRECTION('ref_axis',(0.,0.707106781186553,0.707106781186543));
#3150=DIRECTION('',(-1.,0.,0.));
#3151=DIRECTION('center_axis',(0.,0.,-1.));
#3152=DIRECTION('ref_axis',(1.,0.,0.));
#3153=DIRECTION('',(0.,-1.,0.));
#3154=DIRECTION('',(1.,0.,0.));
#3155=DIRECTION('',(0.,-1.,0.));
#3156=DIRECTION('center_axis',(0.,0.,-1.));
#3157=DIRECTION('ref_axis',(1.,0.,0.));
#3158=DIRECTION('center_axis',(-2.73059558031961E-16,-0.707106781186548,
0.707106781186548));
#3159=DIRECTION('ref_axis',(-0.70710678118655,0.499999999999998,0.499999999999998));
#3160=DIRECTION('center_axis',(0.,0.,-1.));
#3161=DIRECTION('ref_axis',(4.41588504004812E-16,1.,0.));
#3162=DIRECTION('',(2.73059558031961E-16,0.707106781186548,-0.707106781186548));
#3163=DIRECTION('center_axis',(0.,-1.,0.));
#3164=DIRECTION('ref_axis',(-1.47196168001604E-16,0.,1.));
#3165=DIRECTION('',(-2.73059558031961E-16,-0.707106781186548,0.707106781186548));
#3166=DIRECTION('center_axis',(0.,1.,0.));
#3167=DIRECTION('ref_axis',(-1.,0.,0.));
#3168=DIRECTION('',(0.,0.,1.));
#3169=DIRECTION('center_axis',(0.,-1.,0.));
#3170=DIRECTION('ref_axis',(-6.37850061340284E-16,-3.32288502199013E-31,
1.));
#3171=DIRECTION('',(-1.,0.,0.));
#3172=DIRECTION('center_axis',(0.,-1.,0.));
#3173=DIRECTION('ref_axis',(-5.88784672006416E-16,0.,1.));
#3174=DIRECTION('',(0.,0.,1.));
#3175=DIRECTION('',(1.,0.,0.));
#3176=DIRECTION('',(0.,0.,1.));
#3177=DIRECTION('',(-1.,0.,0.));
#3178=DIRECTION('center_axis',(0.,-1.,0.));
#3179=DIRECTION('ref_axis',(-7.85046229341888E-16,0.,1.));
#3180=DIRECTION('',(0.,0.,-1.));
#3181=DIRECTION('center_axis',(0.,0.707106781186548,0.707106781186548));
#3182=DIRECTION('ref_axis',(1.,0.,0.));
#3183=DIRECTION('',(1.,0.,0.));
#3184=DIRECTION('',(-3.71506959761009E-16,-0.707106781186548,0.707106781186548));
#3185=DIRECTION('center_axis',(0.,0.,1.));
#3186=DIRECTION('ref_axis',(1.,0.,0.));
#3187=DIRECTION('center_axis',(0.,0.,1.));
#3188=DIRECTION('ref_axis',(1.,0.,0.));
#3189=DIRECTION('center_axis',(0.,0.,-1.));
#3190=DIRECTION('ref_axis',(3.92523114670944E-16,1.,0.));
#3191=DIRECTION('center_axis',(3.71506959761008E-16,0.707106781186548,-0.707106781186548));
#3192=DIRECTION('ref_axis',(0.707106781186546,0.499999999999998,0.500000000000004));
#3193=DIRECTION('',(3.71506959761009E-16,0.707106781186548,-0.707106781186548));
#3194=DIRECTION('center_axis',(4.09589337047941E-16,0.707106781186548,-0.707106781186548));
#3195=DIRECTION('ref_axis',(0.707106781186549,0.499999999999999,0.499999999999999));
#3196=DIRECTION('',(-4.09589337047941E-16,-0.707106781186548,0.707106781186548));
#3197=DIRECTION('center_axis',(0.,0.,-1.));
#3198=DIRECTION('ref_axis',(2.4532694666934E-16,1.,-3.46944695195362E-17));
#3199=DIRECTION('',(4.09589337047941E-16,0.707106781186548,-0.707106781186548));
#3200=DIRECTION('center_axis',(0.,0.,1.));
#3201=DIRECTION('ref_axis',(1.,0.,0.));
#3202=DIRECTION('',(1.,0.,0.));
#3203=DIRECTION('center_axis',(0.,0.,-1.));
#3204=DIRECTION('ref_axis',(9.32242397343491E-16,1.,0.));
#3205=DIRECTION('center_axis',(0.,0.,1.));
#3206=DIRECTION('ref_axis',(1.,0.,0.));
#3207=DIRECTION('center_axis',(0.,0.707106781186548,0.707106781186548));
#3208=DIRECTION('ref_axis',(1.,0.,0.));
#3209=DIRECTION('',(6.68712527569815E-16,0.707106781186548,-0.707106781186548));
#3210=DIRECTION('center_axis',(-6.68712527569815E-16,-0.707106781186548,
0.707106781186548));
#3211=DIRECTION('ref_axis',(-0.707106781186551,0.499999999999999,0.499999999999996));
#3212=DIRECTION('',(-6.68712527569815E-16,-0.707106781186548,0.707106781186548));
#3213=DIRECTION('center_axis',(1.,-9.45702325818025E-16,0.));
#3214=DIRECTION('ref_axis',(-9.45702325818025E-16,-1.,0.));
#3215=DIRECTION('',(7.40148683084335E-16,0.,1.));
#3216=DIRECTION('',(-9.45702325818025E-16,-1.,0.));
#3217=DIRECTION('',(0.,0.,-1.));
#3218=DIRECTION('center_axis',(-0.707106781186548,4.09589337047941E-16,
0.707106781186548));
#3219=DIRECTION('ref_axis',(0.499999999999999,0.707106781186549,0.499999999999999));
#3220=DIRECTION('center_axis',(0.,0.,-1.));
#3221=DIRECTION('ref_axis',(1.,-5.88784672006416E-16,0.));
#3222=DIRECTION('',(0.707106781186548,-4.09589337047941E-16,-0.707106781186548));
#3223=DIRECTION('center_axis',(-1.,0.,0.));
#3224=DIRECTION('ref_axis',(-3.46944695195362E-17,2.4532694666934E-16,1.));
#3225=DIRECTION('',(-0.707106781186548,4.09589337047941E-16,0.707106781186548));
#3226=DIRECTION('center_axis',(1.,0.,0.));
#3227=DIRECTION('ref_axis',(0.,1.,0.));
#3228=DIRECTION('',(0.,1.,0.));
#3229=DIRECTION('center_axis',(-1.,0.,0.));
#3230=DIRECTION('ref_axis',(0.,2.4532694666934E-16,1.));
#3231=DIRECTION('',(0.,0.,-1.));
#3232=DIRECTION('',(0.,1.,0.));
#3233=DIRECTION('',(0.,0.,1.));
#3234=DIRECTION('center_axis',(-1.,0.,0.));
#3235=DIRECTION('ref_axis',(0.,7.85046229341888E-16,1.));
#3236=DIRECTION('',(0.,1.,0.));
#3237=DIRECTION('center_axis',(-1.,0.,0.));
#3238=DIRECTION('ref_axis',(0.,5.88784672006416E-16,1.));
#3239=DIRECTION('',(0.,0.,1.));
#3240=DIRECTION('',(0.,-1.,0.));
#3241=DIRECTION('',(0.,0.,1.));
#3242=DIRECTION('center_axis',(0.707106781186548,0.,0.707106781186548));
#3243=DIRECTION('ref_axis',(0.707106781186548,0.,-0.707106781186548));
#3244=DIRECTION('',(0.,-1.,0.));
#3245=DIRECTION('',(-0.707106781186548,2.22904175856605E-16,0.707106781186548));
#3246=DIRECTION('center_axis',(0.,0.,1.));
#3247=DIRECTION('ref_axis',(1.,0.,0.));
#3248=DIRECTION('center_axis',(0.,0.,1.));
#3249=DIRECTION('ref_axis',(1.,0.,0.));
#3250=DIRECTION('center_axis',(0.,0.,-1.));
#3251=DIRECTION('ref_axis',(1.,-2.94392336003208E-16,0.));
#3252=DIRECTION('center_axis',(0.707106781186548,-2.22904175856605E-16,
-0.707106781186548));
#3253=DIRECTION('ref_axis',(0.499999999999999,-0.707106781186549,0.499999999999999));
#3254=DIRECTION('',(0.707106781186548,-2.22904175856605E-16,-0.707106781186548));
#3255=DIRECTION('center_axis',(0.,-1.,0.));
#3256=DIRECTION('ref_axis',(0.707106781186553,0.,0.707106781186543));
#3257=DIRECTION('center_axis',(3.15234108606008E-16,1.,0.));
#3258=DIRECTION('ref_axis',(0.707106781186553,0.,0.707106781186543));
#3259=DIRECTION('',(0.,-1.,0.));
#3260=DIRECTION('center_axis',(-7.35546253414019E-16,-1.,0.));
#3261=DIRECTION('ref_axis',(0.707106781186553,0.,0.707106781186543));
#3262=DIRECTION('center_axis',(0.,0.,-1.));
#3263=DIRECTION('ref_axis',(0.,-1.,0.));
#3264=DIRECTION('',(-1.,0.,0.));
#3265=DIRECTION('',(0.,-1.,0.));
#3266=DIRECTION('',(-1.,0.,0.));
#3267=DIRECTION('center_axis',(0.,0.,-1.));
#3268=DIRECTION('ref_axis',(1.,0.,0.));
#3269=DIRECTION('center_axis',(-0.707106781186548,5.20109743665412E-16,
0.707106781186548));
#3270=DIRECTION('ref_axis',(0.499999999999999,0.707106781186549,0.499999999999999));
#3271=DIRECTION('center_axis',(0.,0.,-1.));
#3272=DIRECTION('ref_axis',(1.,-1.0794385653451E-15,-3.46944695195362E-17));
#3273=DIRECTION('',(0.707106781186548,-5.20109743665412E-16,-0.707106781186548));
#3274=DIRECTION('',(-0.707106781186548,5.20109743665412E-16,0.707106781186548));
#3275=DIRECTION('center_axis',(0.707106781186548,0.,0.707106781186548));
#3276=DIRECTION('ref_axis',(0.707106781186548,0.,-0.707106781186548));
#3277=DIRECTION('',(0.,-1.,0.));
#3278=DIRECTION('',(-0.707106781186548,3.41324447539951E-16,0.707106781186548));
#3279=DIRECTION('center_axis',(0.,0.,1.));
#3280=DIRECTION('ref_axis',(1.,0.,0.));
#3281=DIRECTION('center_axis',(0.,0.,1.));
#3282=DIRECTION('ref_axis',(1.,0.,0.));
#3283=DIRECTION('center_axis',(0.,0.,-1.));
#3284=DIRECTION('ref_axis',(1.,-3.92523114670944E-16,0.));
#3285=DIRECTION('center_axis',(0.707106781186548,-3.41324447539951E-16,
-0.707106781186548));
#3286=DIRECTION('ref_axis',(0.499999999999999,-0.707106781186549,0.499999999999999));
#3287=DIRECTION('',(0.707106781186548,-3.41324447539951E-16,-0.707106781186548));
#3288=DIRECTION('center_axis',(0.707106781186548,-3.41324447539951E-16,
0.707106781186548));
#3289=DIRECTION('ref_axis',(-0.499999999999999,-0.707106781186549,0.499999999999999));
#3290=DIRECTION('center_axis',(0.,0.,-1.));
#3291=DIRECTION('ref_axis',(-1.,5.88784672006416E-16,0.));
#3292=DIRECTION('',(-0.707106781186548,3.41324447539951E-16,-0.707106781186548));
#3293=DIRECTION('center_axis',(1.,0.,0.));
#3294=DIRECTION('ref_axis',(0.,-3.92523114670944E-16,1.));
#3295=DIRECTION('',(0.707106781186548,-3.41324447539951E-16,0.707106781186548));
#3296=DIRECTION('center_axis',(-1.,0.,0.));
#3297=DIRECTION('ref_axis',(0.,-1.,0.));
#3298=DIRECTION('',(0.,-1.,0.));
#3299=DIRECTION('center_axis',(1.,0.,0.));
#3300=DIRECTION('ref_axis',(0.,-7.85046229341888E-16,1.));
#3301=DIRECTION('',(0.,0.,-1.));
#3302=DIRECTION('',(0.,-1.,0.));
#3303=DIRECTION('',(0.,0.,1.));
#3304=DIRECTION('center_axis',(1.,0.,0.));
#3305=DIRECTION('ref_axis',(0.,-7.85046229341888E-16,1.));
#3306=DIRECTION('',(0.,-1.,0.));
#3307=DIRECTION('center_axis',(1.,0.,0.));
#3308=DIRECTION('ref_axis',(0.,-5.88784672006416E-16,1.));
#3309=DIRECTION('',(0.,0.,1.));
#3310=DIRECTION('',(0.,1.,0.));
#3311=DIRECTION('',(0.,0.,1.));
#3312=DIRECTION('center_axis',(-0.707106781186548,0.,0.707106781186548));
#3313=DIRECTION('ref_axis',(0.707106781186548,0.,0.707106781186548));
#3314=DIRECTION('',(0.,1.,0.));
#3315=DIRECTION('',(0.707106781186548,-3.71506959761009E-16,0.707106781186548));
#3316=DIRECTION('center_axis',(0.,0.,1.));
#3317=DIRECTION('ref_axis',(1.,0.,0.));
#3318=DIRECTION('center_axis',(0.,0.,1.));
#3319=DIRECTION('ref_axis',(1.,0.,0.));
#3320=DIRECTION('center_axis',(0.,0.,-1.));
#3321=DIRECTION('ref_axis',(-1.,3.92523114670944E-16,0.));
#3322=DIRECTION('center_axis',(-0.707106781186548,3.71506959761008E-16,
-0.707106781186548));
#3323=DIRECTION('ref_axis',(-0.499999999999998,0.707106781186546,0.500000000000004));
#3324=DIRECTION('',(-0.707106781186548,3.71506959761009E-16,-0.707106781186548));
#3325=DIRECTION('center_axis',(-0.707106781186548,4.09589337047941E-16,
-0.707106781186548));
#3326=DIRECTION('ref_axis',(-0.499999999999999,0.707106781186549,0.499999999999999));
#3327=DIRECTION('',(0.707106781186548,-4.09589337047941E-16,0.707106781186548));
#3328=DIRECTION('center_axis',(0.,0.,-1.));
#3329=DIRECTION('ref_axis',(-1.,2.4532694666934E-16,-3.46944695195362E-17));
#3330=DIRECTION('',(-0.707106781186548,4.09589337047941E-16,-0.707106781186548));
#3331=DIRECTION('center_axis',(0.,0.,1.));
#3332=DIRECTION('ref_axis',(1.,0.,0.));
#3333=DIRECTION('',(0.,1.,0.));
#3334=DIRECTION('center_axis',(0.,0.,-1.));
#3335=DIRECTION('ref_axis',(-1.,9.32242397343491E-16,0.));
#3336=DIRECTION('center_axis',(0.,0.,1.));
#3337=DIRECTION('ref_axis',(1.,0.,0.));
#3338=DIRECTION('center_axis',(-0.707106781186548,0.,0.707106781186548));
#3339=DIRECTION('ref_axis',(0.707106781186548,0.,0.707106781186548));
#3340=DIRECTION('',(-0.707106781186548,6.68712527569815E-16,-0.707106781186548));
#3341=DIRECTION('center_axis',(0.707106781186548,-6.68712527569815E-16,
0.707106781186548));
#3342=DIRECTION('ref_axis',(-0.499999999999999,-0.707106781186549,0.499999999999999));
#3343=DIRECTION('',(0.707106781186548,-6.68712527569815E-16,0.707106781186548));
#3344=DIRECTION('center_axis',(9.45702325818025E-16,1.,0.));
#3345=DIRECTION('ref_axis',(1.,-9.45702325818025E-16,0.));
#3346=DIRECTION('center_axis',(9.45702325818025E-16,1.,0.));
#3347=DIRECTION('ref_axis',(-0.707106781186553,0.,0.707106781186543));
#3348=DIRECTION('',(1.,0.,0.));
#3349=DIRECTION('',(0.,0.,1.));
#3350=DIRECTION('',(1.,-9.45702325818025E-16,0.));
#3351=DIRECTION('',(0.,0.,-1.));
#3352=DIRECTION('center_axis',(0.,1.,0.));
#3353=DIRECTION('ref_axis',(-0.707106781186553,0.,0.707106781186543));
#3354=DIRECTION('center_axis',(-5.25390181010014E-16,-1.,0.));
#3355=DIRECTION('ref_axis',(-0.707106781186553,0.,0.707106781186543));
#3356=DIRECTION('',(0.,1.,0.));
#3357=DIRECTION('center_axis',(0.,0.,-1.));
#3358=DIRECTION('ref_axis',(0.,1.,0.));
#3359=DIRECTION('',(1.,0.,0.));
#3360=DIRECTION('',(0.,1.,0.));
#3361=DIRECTION('center_axis',(0.,0.,-1.));
#3362=DIRECTION('ref_axis',(1.,0.,0.));
#3363=DIRECTION('center_axis',(-1.,0.,0.));
#3364=DIRECTION('ref_axis',(0.,-0.707106781186553,0.707106781186543));
#3365=DIRECTION('center_axis',(1.,0.,0.));
#3366=DIRECTION('ref_axis',(0.,-0.707106781186553,0.707106781186543));
#3367=DIRECTION('',(-1.,0.,0.));
#3368=DIRECTION('center_axis',(-1.,0.,0.));
#3369=DIRECTION('ref_axis',(0.,-0.707106781186553,0.707106781186543));
#3370=DIRECTION('',(1.,0.,0.));
#3371=DIRECTION('center_axis',(0.,0.,-1.));
#3372=DIRECTION('ref_axis',(-1.,0.,0.));
#3373=DIRECTION('',(0.,1.,0.));
#3374=DIRECTION('',(-1.,0.,0.));
#3375=DIRECTION('',(0.,1.,0.));
#3376=DIRECTION('center_axis',(0.,0.,-1.));
#3377=DIRECTION('ref_axis',(1.,0.,0.));
#3378=DIRECTION('center_axis',(4.09589337047941E-16,0.707106781186548,0.707106781186548));
#3379=DIRECTION('ref_axis',(0.707106781186549,-0.499999999999999,0.499999999999999));
#3380=DIRECTION('center_axis',(0.,0.,-1.));
#3381=DIRECTION('ref_axis',(-5.88784672006416E-16,-1.,0.));
#3382=DIRECTION('',(-4.09589337047941E-16,-0.707106781186548,-0.707106781186548));
#3383=DIRECTION('center_axis',(0.,1.,0.));
#3384=DIRECTION('ref_axis',(2.4532694666934E-16,3.46944695195362E-17,1.));
#3385=DIRECTION('',(4.09589337047941E-16,0.707106781186548,0.707106781186548));
#3386=DIRECTION('center_axis',(0.,-1.,0.));
#3387=DIRECTION('ref_axis',(1.,0.,0.));
#3388=DIRECTION('',(0.,0.,1.));
#3389=DIRECTION('center_axis',(0.,1.,0.));
#3390=DIRECTION('ref_axis',(-1.47196168001604E-16,0.,1.));
#3391=DIRECTION('',(1.,0.,0.));
#3392=DIRECTION('center_axis',(0.,1.,0.));
#3393=DIRECTION('ref_axis',(5.88784672006416E-16,0.,1.));
#3394=DIRECTION('',(0.,0.,1.));
#3395=DIRECTION('',(-1.,0.,0.));
#3396=DIRECTION('',(0.,0.,1.));
#3397=DIRECTION('',(1.,0.,0.));
#3398=DIRECTION('center_axis',(0.,1.,0.));
#3399=DIRECTION('ref_axis',(1.47196168001604E-16,0.,1.));
#3400=DIRECTION('',(0.,0.,-1.));
#3401=DIRECTION('center_axis',(0.,-0.707106781186548,0.707106781186548));
#3402=DIRECTION('ref_axis',(1.,0.,0.));
#3403=DIRECTION('',(-1.,0.,0.));
#3404=DIRECTION('',(0.,0.707106781186548,0.707106781186548));
#3405=DIRECTION('center_axis',(0.,0.,1.));
#3406=DIRECTION('ref_axis',(1.,0.,0.));
#3407=DIRECTION('center_axis',(0.,0.,1.));
#3408=DIRECTION('ref_axis',(1.,0.,0.));
#3409=DIRECTION('center_axis',(0.,0.,-1.));
#3410=DIRECTION('ref_axis',(1.47196168001604E-16,-1.,0.));
#3411=DIRECTION('center_axis',(0.,-0.707106781186548,-0.707106781186548));
#3412=DIRECTION('ref_axis',(-0.707106781186549,-0.499999999999999,0.499999999999999));
#3413=DIRECTION('',(0.,-0.707106781186548,-0.707106781186548));
#3414=DIRECTION('center_axis',(0.,0.707106781186548,0.707106781186548));
#3415=DIRECTION('ref_axis',(0.707106781186549,-0.499999999999999,0.499999999999999));
#3416=DIRECTION('center_axis',(0.,0.,-1.));
#3417=DIRECTION('ref_axis',(-1.47196168001604E-16,-1.,0.));
#3418=DIRECTION('',(0.,-0.707106781186548,-0.707106781186548));
#3419=DIRECTION('',(0.,0.707106781186548,0.707106781186548));
#3420=DIRECTION('center_axis',(0.,-0.707106781186548,0.707106781186548));
#3421=DIRECTION('ref_axis',(1.,0.,0.));
#3422=DIRECTION('',(-1.,0.,0.));
#3423=DIRECTION('',(3.41324447539951E-16,0.707106781186548,0.707106781186548));
#3424=DIRECTION('center_axis',(0.,0.,1.));
#3425=DIRECTION('ref_axis',(1.,0.,0.));
#3426=DIRECTION('center_axis',(0.,0.,1.));
#3427=DIRECTION('ref_axis',(1.,0.,0.));
#3428=DIRECTION('center_axis',(0.,0.,-1.));
#3429=DIRECTION('ref_axis',(-3.92523114670944E-16,-1.,0.));
#3430=DIRECTION('center_axis',(-3.41324447539951E-16,-0.707106781186548,
-0.707106781186548));
#3431=DIRECTION('ref_axis',(-0.707106781186549,-0.499999999999999,0.499999999999999));
#3432=DIRECTION('',(-3.41324447539951E-16,-0.707106781186548,-0.707106781186548));
#3433=DIRECTION('center_axis',(0.,0.,-1.));
#3434=DIRECTION('ref_axis',(1.,0.,0.));
#3435=DIRECTION('',(0.,0.,-1.));
#3436=DIRECTION('center_axis',(0.,0.,1.));
#3437=DIRECTION('ref_axis',(1.,0.,0.));
#3438=DIRECTION('center_axis',(0.,0.,-1.));
#3439=DIRECTION('ref_axis',(1.,0.,0.));
#3440=DIRECTION('',(0.,0.,-1.));
#3441=DIRECTION('center_axis',(0.,0.,1.));
#3442=DIRECTION('ref_axis',(1.,0.,0.));
#3443=DIRECTION('center_axis',(0.,0.,-1.));
#3444=DIRECTION('ref_axis',(1.,0.,0.));
#3445=DIRECTION('',(0.,0.,-1.));
#3446=DIRECTION('center_axis',(0.,0.,1.));
#3447=DIRECTION('ref_axis',(1.,0.,0.));
#3448=DIRECTION('center_axis',(0.,0.,-1.));
#3449=DIRECTION('ref_axis',(1.,0.,0.));
#3450=DIRECTION('',(0.,0.,-1.));
#3451=DIRECTION('center_axis',(0.,0.,1.));
#3452=DIRECTION('ref_axis',(1.,0.,0.));
#3453=DIRECTION('center_axis',(1.,0.,0.));
#3454=DIRECTION('ref_axis',(0.,0.,-1.));
#3455=DIRECTION('',(0.,0.,-1.));
#3456=DIRECTION('',(-3.15234108606008E-16,-1.,0.));
#3457=DIRECTION('',(0.,0.,-1.));
#3458=DIRECTION('center_axis',(-1.,0.,0.));
#3459=DIRECTION('ref_axis',(0.,0.,1.));
#3460=DIRECTION('',(0.,0.,1.));
#3461=DIRECTION('',(7.35546253414019E-16,1.,0.));
#3462=DIRECTION('',(0.,0.,-1.));
#3463=DIRECTION('center_axis',(-4.82705662880503E-16,-1.,0.));
#3464=DIRECTION('ref_axis',(1.,-4.82705662880503E-16,0.));
#3465=DIRECTION('',(-1.,4.82705662880503E-16,0.));
#3466=DIRECTION('',(0.,0.,-1.));
#3467=DIRECTION('center_axis',(-1.,5.25390181010014E-16,0.));
#3468=DIRECTION('ref_axis',(5.25390181010014E-16,1.,0.));
#3469=DIRECTION('',(0.,0.,-1.));
#3470=DIRECTION('',(5.25390181010014E-16,1.,0.));
#3471=DIRECTION('',(0.,0.,-1.));
#3472=DIRECTION('center_axis',(-7.35546253414019E-16,-1.,0.));
#3473=DIRECTION('ref_axis',(-1.,7.35546253414019E-16,0.));
#3474=DIRECTION('',(0.,2.6727591333583E-16,1.));
#3475=DIRECTION('',(-1.,7.35546253414019E-16,0.));
#3476=DIRECTION('',(0.,0.,-1.));
#3477=DIRECTION('center_axis',(3.15234108606008E-16,1.,0.));
#3478=DIRECTION('ref_axis',(1.,-3.15234108606008E-16,0.));
#3479=DIRECTION('',(0.,0.,-1.));
#3480=DIRECTION('',(1.,-3.15234108606008E-16,0.));
#3481=DIRECTION('',(0.,1.64477485129741E-16,-1.));
#3482=DIRECTION('center_axis',(1.,0.,0.));
#3483=DIRECTION('ref_axis',(0.,0.,-1.));
#3484=DIRECTION('',(0.,2.31296463463855E-16,-1.));
#3485=DIRECTION('',(0.,-1.,0.));
#3486=DIRECTION('',(0.,-1.,0.));
#3487=DIRECTION('center_axis',(0.,0.,1.));
#3488=DIRECTION('ref_axis',(1.,0.,0.));
#3489=DIRECTION('center_axis',(0.,0.,1.));
#3490=DIRECTION('ref_axis',(0.992773891679286,-0.119999999999854,0.));
#3491=DIRECTION('center_axis',(0.,-1.,0.));
#3492=DIRECTION('ref_axis',(0.,0.,-1.));
#3493=DIRECTION('',(-1.,0.,0.));
#3494=DIRECTION('',(-1.,0.,0.));
#3495=DIRECTION('center_axis',(0.,0.,1.));
#3496=DIRECTION('ref_axis',(1.,0.,0.));
#3497=DIRECTION('center_axis',(0.,0.,1.));
#3498=DIRECTION('ref_axis',(-0.119999999999854,-0.992773891679286,0.));
#3499=DIRECTION('center_axis',(0.,0.,1.));
#3500=DIRECTION('ref_axis',(1.,0.,0.));
#3501=DIRECTION('center_axis',(0.,0.,1.));
#3502=DIRECTION('ref_axis',(-0.119999999999854,-0.992773891679286,0.));
#3503=DIRECTION('center_axis',(-1.,0.,0.));
#3504=DIRECTION('ref_axis',(0.,0.,1.));
#3505=DIRECTION('',(0.,1.,0.));
#3506=DIRECTION('',(0.,1.,0.));
#3507=DIRECTION('center_axis',(0.,0.,1.));
#3508=DIRECTION('ref_axis',(1.,0.,0.));
#3509=DIRECTION('center_axis',(0.,0.,1.));
#3510=DIRECTION('ref_axis',(-0.992773891679286,0.119999999999854,0.));
#3511=DIRECTION('center_axis',(0.,0.,1.));
#3512=DIRECTION('ref_axis',(1.,0.,0.));
#3513=DIRECTION('center_axis',(0.,0.,1.));
#3514=DIRECTION('ref_axis',(-0.992773891679286,0.119999999999854,0.));
#3515=DIRECTION('center_axis',(-5.25390181010014E-16,-1.,0.));
#3516=DIRECTION('ref_axis',(-1.,5.25390181010014E-16,0.));
#3517=DIRECTION('',(0.,0.,-1.));
#3518=DIRECTION('',(-1.,5.25390181010014E-16,0.));
#3519=DIRECTION('center_axis',(0.,0.,1.));
#3520=DIRECTION('ref_axis',(1.,0.,0.));
#3521=DIRECTION('center_axis',(0.,0.,1.));
#3522=DIRECTION('ref_axis',(0.992773891679286,-0.119999999999854,0.));
#3523=DIRECTION('center_axis',(0.,0.,1.));
#3524=DIRECTION('ref_axis',(1.,0.,0.));
#3525=DIRECTION('',(1.,0.,0.));
#3526=DIRECTION('center_axis',(0.,0.,1.));
#3527=DIRECTION('ref_axis',(0.15,0.988685996664259,0.));
#3528=DIRECTION('center_axis',(0.,0.,1.));
#3529=DIRECTION('ref_axis',(1.,0.,0.));
#3530=DIRECTION('',(1.,0.,0.));
#3531=DIRECTION('center_axis',(0.,0.,1.));
#3532=DIRECTION('ref_axis',(0.15,0.988685996664259,0.));
#3533=DIRECTION('center_axis',(0.,1.,0.));
#3534=DIRECTION('ref_axis',(0.,0.,1.));
#3535=DIRECTION('center_axis',(5.79246795456603E-16,1.,0.));
#3536=DIRECTION('ref_axis',(-1.,5.79246795456603E-16,0.));
#3537=DIRECTION('',(1.,-5.79246795456603E-16,0.));
#3538=DIRECTION('',(0.,0.,-1.));
#3539=DIRECTION('center_axis',(-4.82705662880503E-16,-1.,0.));
#3540=DIRECTION('ref_axis',(1.,-4.82705662880503E-16,0.));
#3541=DIRECTION('',(0.,0.,1.));
#3542=DIRECTION('',(-1.,4.82705662880503E-16,0.));
#3543=DIRECTION('center_axis',(-1.,3.86164530304402E-16,0.));
#3544=DIRECTION('ref_axis',(-3.86164530304402E-16,-1.,0.));
#3545=DIRECTION('',(3.86164530304402E-16,1.,0.));
#3546=DIRECTION('',(0.,0.,-1.));
#3547=DIRECTION('center_axis',(1.,-5.79246795456603E-16,0.));
#3548=DIRECTION('ref_axis',(5.79246795456603E-16,1.,0.));
#3549=DIRECTION('',(0.,0.,1.));
#3550=DIRECTION('',(-5.79246795456603E-16,-1.,0.));
#3551=DIRECTION('center_axis',(1.,-5.79246795456603E-16,0.));
#3552=DIRECTION('ref_axis',(5.79246795456603E-16,1.,0.));
#3553=DIRECTION('',(-5.79246795456603E-16,-1.,0.));
#3554=DIRECTION('',(0.,0.,-1.));
#3555=DIRECTION('center_axis',(-1.,4.82705662880503E-16,0.));
#3556=DIRECTION('ref_axis',(-4.82705662880503E-16,-1.,0.));
#3557=DIRECTION('',(0.,0.,1.));
#3558=DIRECTION('',(4.82705662880503E-16,1.,0.));
#3559=DIRECTION('center_axis',(5.79246795456603E-16,1.,0.));
#3560=DIRECTION('ref_axis',(-1.,5.79246795456603E-16,0.));
#3561=DIRECTION('',(0.,0.,1.));
#3562=DIRECTION('',(1.,-5.79246795456603E-16,0.));
#3563=DIRECTION('center_axis',(0.,0.,1.));
#3564=DIRECTION('ref_axis',(1.,0.,0.));
#3565=DIRECTION('center_axis',(0.,0.,1.));
#3566=DIRECTION('ref_axis',(1.,0.,0.));
#3567=DIRECTION('',(0.,0.,-1.));
#3568=DIRECTION('center_axis',(0.,0.,-1.));
#3569=DIRECTION('ref_axis',(-1.,0.,0.));
#3570=DIRECTION('center_axis',(0.,0.,-1.));
#3571=DIRECTION('ref_axis',(-1.,0.,0.));
#3572=DIRECTION('center_axis',(0.,0.,-1.));
#3573=DIRECTION('ref_axis',(-1.,0.,0.));
#3574=DIRECTION('center_axis',(0.,0.,-1.));
#3575=DIRECTION('ref_axis',(-1.,0.,0.));
#3576=DIRECTION('center_axis',(0.,0.,1.));
#3577=DIRECTION('ref_axis',(-1.,0.,0.));
#3578=DIRECTION('center_axis',(0.,0.,-1.));
#3579=DIRECTION('ref_axis',(-1.,0.,0.));
#3580=DIRECTION('',(0.,0.,-1.));
#3581=DIRECTION('center_axis',(0.,0.,1.));
#3582=DIRECTION('ref_axis',(-1.,0.,0.));
#3583=DIRECTION('center_axis',(0.,0.,1.));
#3584=DIRECTION('ref_axis',(1.,0.,0.));
#3585=DIRECTION('center_axis',(0.,0.,-1.));
#3586=DIRECTION('ref_axis',(1.77635683940025E-16,-1.,0.));
#3587=DIRECTION('',(-3.5527136788005E-16,1.,0.));
#3588=DIRECTION('',(-1.,-1.36642833800019E-16,0.));
#3589=DIRECTION('',(1.77635683940025E-16,-1.,0.));
#3590=DIRECTION('',(-1.,-1.36642833800019E-16,0.));
#3591=DIRECTION('center_axis',(0.,0.,-1.));
#3592=DIRECTION('ref_axis',(1.77635683940025E-16,-1.,0.));
#3593=DIRECTION('',(-3.5527136788005E-16,1.,0.));
#3594=DIRECTION('',(-1.,-1.36642833800019E-16,0.));
#3595=DIRECTION('',(1.77635683940025E-16,-1.,0.));
#3596=DIRECTION('',(-1.,-1.36642833800019E-16,0.));
#3597=DIRECTION('center_axis',(-1.36642833800019E-16,1.,0.));
#3598=DIRECTION('ref_axis',(0.,0.,-1.));
#3599=DIRECTION('',(0.,0.,1.));
#3600=DIRECTION('',(0.,0.,-1.));
#3601=DIRECTION('',(-1.,-1.36642833800019E-16,0.));
#3602=DIRECTION('center_axis',(-1.36642833800019E-16,1.,0.));
#3603=DIRECTION('ref_axis',(0.,0.,-1.));
#3604=DIRECTION('',(0.,0.,1.));
#3605=DIRECTION('',(0.,0.,-1.));
#3606=DIRECTION('',(-1.,-1.36642833800019E-16,0.));
#3607=DIRECTION('center_axis',(1.36642833800019E-16,-1.,0.));
#3608=DIRECTION('ref_axis',(0.,0.,1.));
#3609=DIRECTION('',(0.,0.,-1.));
#3610=DIRECTION('',(-1.,-1.36642833800019E-16,0.));
#3611=DIRECTION('',(0.,0.,1.));
#3612=DIRECTION('center_axis',(0.,0.,1.));
#3613=DIRECTION('ref_axis',(-1.77635683940025E-16,1.,0.));
#3614=DIRECTION('',(3.5527136788005E-16,-1.,0.));
#3615=DIRECTION('',(-1.77635683940025E-16,1.,0.));
#3616=DIRECTION('center_axis',(0.,0.,1.));
#3617=DIRECTION('ref_axis',(-1.77635683940025E-16,1.,0.));
#3618=DIRECTION('',(3.5527136788005E-16,-1.,0.));
#3619=DIRECTION('',(-1.77635683940025E-16,1.,0.));
#3620=DIRECTION('',(-1.,-1.36642833800019E-16,0.));
#3621=DIRECTION('center_axis',(1.36642833800019E-16,-1.,0.));
#3622=DIRECTION('ref_axis',(0.,0.,1.));
#3623=DIRECTION('',(0.,0.,-1.));
#3624=DIRECTION('',(0.,0.,1.));
#3625=DIRECTION('center_axis',(-1.,-3.5527136788005E-16,0.));
#3626=DIRECTION('ref_axis',(-3.5527136788005E-16,1.,0.));
#3627=DIRECTION('',(3.5527136788005E-16,-1.,0.));
#3628=DIRECTION('',(0.,0.,-1.));
#3629=DIRECTION('',(-3.5527136788005E-16,1.,0.));
#3630=DIRECTION('',(0.,0.,-1.));
#3631=DIRECTION('center_axis',(1.,1.77635683940025E-16,0.));
#3632=DIRECTION('ref_axis',(1.77635683940025E-16,-1.,0.));
#3633=DIRECTION('',(-1.77635683940025E-16,1.,0.));
#3634=DIRECTION('',(0.,0.,-1.));
#3635=DIRECTION('',(1.77635683940025E-16,-1.,0.));
#3636=DIRECTION('',(0.,0.,-1.));
#3637=DIRECTION('center_axis',(0.,0.,1.));
#3638=DIRECTION('ref_axis',(1.,0.,0.));
#3639=DIRECTION('center_axis',(0.,0.,-1.));
#3640=DIRECTION('ref_axis',(1.,0.,0.));
#3641=DIRECTION('',(0.,-1.,0.));
#3642=DIRECTION('',(-1.,1.77635683940025E-15,0.));
#3643=DIRECTION('',(-3.41607084500048E-16,1.,0.));
#3644=DIRECTION('',(1.,0.,0.));
#3645=DIRECTION('',(-3.41607084500048E-16,1.,0.));
#3646=DIRECTION('',(1.,0.,0.));
#3647=DIRECTION('',(0.,-1.,0.));
#3648=DIRECTION('',(-1.,-3.22973970800046E-16,0.));
#3649=DIRECTION('',(1.,1.43254583822601E-16,0.));
#3650=DIRECTION('',(-1.,-1.43254583822601E-16,0.));
#3651=DIRECTION('',(3.5527136788005E-16,-1.,0.));
#3652=DIRECTION('',(1.,0.,0.));
#3653=DIRECTION('',(-1.77635683940025E-16,1.,0.));
#3654=DIRECTION('',(-1.,-1.43254583822601E-16,0.));
#3655=DIRECTION('center_axis',(1.,3.5527136788005E-16,0.));
#3656=DIRECTION('ref_axis',(3.5527136788005E-16,-1.,0.));
#3657=DIRECTION('',(3.5527136788005E-16,-1.,0.));
#3658=DIRECTION('',(0.,0.,1.));
#3659=DIRECTION('',(0.,0.,-1.));
#3660=DIRECTION('center_axis',(-1.,-1.77635683940025E-16,0.));
#3661=DIRECTION('ref_axis',(-1.77635683940025E-16,1.,0.));
#3662=DIRECTION('',(-1.77635683940025E-16,1.,0.));
#3663=DIRECTION('',(0.,0.,1.));
#3664=DIRECTION('',(0.,0.,-1.));
#3665=DIRECTION('center_axis',(1.43254583822601E-16,-1.,0.));
#3666=DIRECTION('ref_axis',(1.,1.43254583822601E-16,0.));
#3667=DIRECTION('',(1.,1.43254583822601E-16,0.));
#3668=DIRECTION('center_axis',(1.43254583822601E-16,-1.,0.));
#3669=DIRECTION('ref_axis',(1.,1.43254583822601E-16,0.));
#3670=DIRECTION('',(1.,0.,0.));
#3671=DIRECTION('center_axis',(0.,0.,1.));
#3672=DIRECTION('ref_axis',(1.,0.,0.));
#3673=DIRECTION('',(-1.,0.,0.));
#3674=DIRECTION('center_axis',(0.,0.,-1.));
#3675=DIRECTION('ref_axis',(1.,0.,0.));
#3676=DIRECTION('center_axis',(0.,0.,-1.));
#3677=DIRECTION('ref_axis',(1.,0.,0.));
#3678=DIRECTION('center_axis',(0.,0.,1.));
#3679=DIRECTION('ref_axis',(1.,0.,0.));
#3680=DIRECTION('',(-1.,-1.43254583822601E-16,0.));
#3681=DIRECTION('center_axis',(0.,0.,-1.));
#3682=DIRECTION('ref_axis',(1.,0.,0.));
#3683=DIRECTION('center_axis',(0.,0.,-1.));
#3684=DIRECTION('ref_axis',(1.,0.,0.));
#3685=DIRECTION('center_axis',(-1.43254583822601E-16,1.,0.));
#3686=DIRECTION('ref_axis',(-1.,-1.43254583822601E-16,0.));
#3687=DIRECTION('center_axis',(-1.43254583822601E-16,1.,0.));
#3688=DIRECTION('ref_axis',(-1.,-1.43254583822601E-16,0.));
#3689=DIRECTION('center_axis',(0.,0.,-1.));
#3690=DIRECTION('ref_axis',(1.,0.,0.));
#3691=DIRECTION('',(0.,0.,-1.));
#3692=DIRECTION('center_axis',(0.,0.,-1.));
#3693=DIRECTION('ref_axis',(1.,0.,0.));
#3694=DIRECTION('center_axis',(0.,0.,1.));
#3695=DIRECTION('ref_axis',(1.,0.,0.));
#3696=DIRECTION('center_axis',(0.,0.,-1.));
#3697=DIRECTION('ref_axis',(1.,0.,0.));
#3698=DIRECTION('',(0.,0.,-1.));
#3699=DIRECTION('center_axis',(0.,0.,-1.));
#3700=DIRECTION('ref_axis',(1.,0.,0.));
#3701=DIRECTION('center_axis',(0.,0.,1.));
#3702=DIRECTION('ref_axis',(1.,0.,0.));
#3703=DIRECTION('center_axis',(0.,0.,-1.));
#3704=DIRECTION('ref_axis',(1.,0.,0.));
#3705=DIRECTION('',(0.,0.,-1.));
#3706=DIRECTION('center_axis',(0.,0.,-1.));
#3707=DIRECTION('ref_axis',(1.,0.,0.));
#3708=DIRECTION('center_axis',(0.,0.,1.));
#3709=DIRECTION('ref_axis',(1.,0.,0.));
#3710=DIRECTION('center_axis',(0.,0.,-1.));
#3711=DIRECTION('ref_axis',(1.,0.,0.));
#3712=DIRECTION('',(0.,0.,-1.));
#3713=DIRECTION('center_axis',(0.,0.,-1.));
#3714=DIRECTION('ref_axis',(1.,0.,0.));
#3715=DIRECTION('center_axis',(0.,0.,1.));
#3716=DIRECTION('ref_axis',(1.,0.,0.));
#3717=DIRECTION('center_axis',(0.,1.,0.));
#3718=DIRECTION('ref_axis',(0.,0.,-1.));
#3719=DIRECTION('',(0.,0.,-1.));
#3720=DIRECTION('',(-1.,0.,0.));
#3721=DIRECTION('',(0.,0.,1.));
#3722=DIRECTION('',(-1.,0.,0.));
#3723=DIRECTION('center_axis',(0.,1.,0.));
#3724=DIRECTION('ref_axis',(0.,0.,-1.));
#3725=DIRECTION('',(0.,0.,1.));
#3726=DIRECTION('',(-1.,0.,0.));
#3727=DIRECTION('',(0.,0.,-1.));
#3728=DIRECTION('',(-1.,0.,0.));
#3729=DIRECTION('center_axis',(0.,0.,-1.));
#3730=DIRECTION('ref_axis',(0.,-1.,0.));
#3731=DIRECTION('',(0.,-1.,0.));
#3732=DIRECTION('',(-3.41607084500048E-16,1.,0.));
#3733=DIRECTION('',(-1.,0.,0.));
#3734=DIRECTION('center_axis',(0.,0.,1.));
#3735=DIRECTION('ref_axis',(0.,1.,0.));
#3736=DIRECTION('',(0.,1.,0.));
#3737=DIRECTION('',(-1.,0.,0.));
#3738=DIRECTION('',(3.41607084500048E-16,-1.,0.));
#3739=DIRECTION('center_axis',(0.,0.,1.));
#3740=DIRECTION('ref_axis',(0.,1.,0.));
#3741=DIRECTION('',(3.41607084500048E-16,-1.,0.));
#3742=DIRECTION('',(0.,1.,0.));
#3743=DIRECTION('',(-1.,0.,0.));
#3744=DIRECTION('center_axis',(0.,-1.,0.));
#3745=DIRECTION('ref_axis',(0.,0.,1.));
#3746=DIRECTION('',(0.,0.,1.));
#3747=DIRECTION('',(0.,0.,-1.));
#3748=DIRECTION('center_axis',(0.,-1.,0.));
#3749=DIRECTION('ref_axis',(0.,0.,1.));
#3750=DIRECTION('',(0.,0.,-1.));
#3751=DIRECTION('',(0.,0.,1.));
#3752=DIRECTION('',(-1.,0.,0.));
#3753=DIRECTION('center_axis',(0.,0.,-1.));
#3754=DIRECTION('ref_axis',(0.,-1.,0.));
#3755=DIRECTION('',(-3.41607084500048E-16,1.,0.));
#3756=DIRECTION('',(0.,-1.,0.));
#3757=DIRECTION('center_axis',(0.,0.,-1.));
#3758=DIRECTION('ref_axis',(1.,0.,0.));
#3759=DIRECTION('center_axis',(0.,0.,-1.));
#3760=DIRECTION('ref_axis',(1.,0.,0.));
#3761=DIRECTION('',(0.,0.,-1.));
#3762=DIRECTION('center_axis',(0.,0.,-1.));
#3763=DIRECTION('ref_axis',(1.,0.,0.));
#3764=DIRECTION('center_axis',(0.,0.,1.));
#3765=DIRECTION('ref_axis',(1.,0.,0.));
#3766=DIRECTION('center_axis',(0.,0.,-1.));
#3767=DIRECTION('ref_axis',(1.,0.,0.));
#3768=DIRECTION('center_axis',(0.,0.,-1.));
#3769=DIRECTION('ref_axis',(1.,0.,0.));
#3770=DIRECTION('',(0.,0.,-1.));
#3771=DIRECTION('center_axis',(0.,0.,-1.));
#3772=DIRECTION('ref_axis',(1.,0.,0.));
#3773=DIRECTION('center_axis',(0.,0.,1.));
#3774=DIRECTION('ref_axis',(1.,0.,0.));
#3775=DIRECTION('center_axis',(0.,0.,-1.));
#3776=DIRECTION('ref_axis',(1.,0.,0.));
#3777=DIRECTION('center_axis',(0.,0.,-1.));
#3778=DIRECTION('ref_axis',(1.,0.,0.));
#3779=DIRECTION('',(0.,0.,-1.));
#3780=DIRECTION('center_axis',(0.,0.,-1.));
#3781=DIRECTION('ref_axis',(1.,0.,0.));
#3782=DIRECTION('center_axis',(0.,0.,1.));
#3783=DIRECTION('ref_axis',(1.,0.,0.));
#3784=DIRECTION('center_axis',(0.,0.,-1.));
#3785=DIRECTION('ref_axis',(1.,0.,0.));
#3786=DIRECTION('center_axis',(0.,0.,-1.));
#3787=DIRECTION('ref_axis',(1.,0.,0.));
#3788=DIRECTION('',(0.,0.,-1.));
#3789=DIRECTION('center_axis',(0.,0.,-1.));
#3790=DIRECTION('ref_axis',(1.,0.,0.));
#3791=DIRECTION('center_axis',(0.,0.,1.));
#3792=DIRECTION('ref_axis',(1.,0.,0.));
#3793=DIRECTION('center_axis',(-1.,-3.41607084500048E-16,0.));
#3794=DIRECTION('ref_axis',(3.41607084500048E-16,-1.,0.));
#3795=DIRECTION('',(0.,0.,1.));
#3796=DIRECTION('',(3.41607084500048E-16,-1.,0.));
#3797=DIRECTION('',(0.,0.,1.));
#3798=DIRECTION('center_axis',(0.,1.,0.));
#3799=DIRECTION('ref_axis',(-1.,0.,0.));
#3800=DIRECTION('',(-1.,0.,0.));
#3801=DIRECTION('',(0.,0.,1.));
#3802=DIRECTION('center_axis',(1.,0.,0.));
#3803=DIRECTION('ref_axis',(0.,1.,0.));
#3804=DIRECTION('',(0.,1.,0.));
#3805=DIRECTION('',(0.,0.,1.));
#3806=DIRECTION('center_axis',(3.22973970800046E-16,-1.,0.));
#3807=DIRECTION('ref_axis',(1.,3.22973970800046E-16,0.));
#3808=DIRECTION('',(1.,3.22973970800046E-16,0.));
#3809=DIRECTION('center_axis',(0.,0.,1.));
#3810=DIRECTION('ref_axis',(1.,0.,0.));
#3811=DIRECTION('center_axis',(1.,0.,0.));
#3812=DIRECTION('ref_axis',(0.,1.,0.));
#3813=DIRECTION('',(0.,0.,1.));
#3814=DIRECTION('',(0.,1.,0.));
#3815=DIRECTION('',(0.,0.,1.));
#3816=DIRECTION('center_axis',(-1.77635683940025E-15,-1.,0.));
#3817=DIRECTION('ref_axis',(1.,-1.77635683940025E-15,0.));
#3818=DIRECTION('',(1.,-1.77635683940025E-15,0.));
#3819=DIRECTION('',(0.,0.,1.));
#3820=DIRECTION('center_axis',(-1.,-3.41607084500048E-16,0.));
#3821=DIRECTION('ref_axis',(3.41607084500048E-16,-1.,0.));
#3822=DIRECTION('',(3.41607084500048E-16,-1.,0.));
#3823=DIRECTION('',(0.,0.,1.));
#3824=DIRECTION('center_axis',(0.,1.,0.));
#3825=DIRECTION('ref_axis',(-1.,0.,0.));
#3826=DIRECTION('',(-1.,0.,0.));
#3827=DIRECTION('center_axis',(0.,0.,1.));
#3828=DIRECTION('ref_axis',(1.,0.,0.));
#3829=DIRECTION('center_axis',(0.,0.,1.));
#3830=DIRECTION('ref_axis',(-1.,0.,0.));
#3831=DIRECTION('',(0.,0.,-1.));
#3832=DIRECTION('center_axis',(0.,0.,-1.));
#3833=DIRECTION('ref_axis',(-1.,0.,0.));
#3834=DIRECTION('',(0.,0.,1.));
#3835=DIRECTION('center_axis',(0.,0.,1.));
#3836=DIRECTION('ref_axis',(-1.,0.,0.));
#3837=DIRECTION('center_axis',(0.,0.,1.));
#3838=DIRECTION('ref_axis',(1.,0.,0.));
#3839=DIRECTION('center_axis',(0.,0.,1.));
#3840=DIRECTION('ref_axis',(1.,0.,0.));
#3841=DIRECTION('',(0.,0.,-1.));
#3842=DIRECTION('center_axis',(0.,-1.,0.));
#3843=DIRECTION('ref_axis',(-1.,0.,0.));
#3844=DIRECTION('',(-1.,0.,0.));
#3845=DIRECTION('',(0.,0.,-1.));
#3846=DIRECTION('',(-1.,0.,0.));
#3847=DIRECTION('center_axis',(0.,0.,1.));
#3848=DIRECTION('ref_axis',(1.,0.,0.));
#3849=DIRECTION('',(1.,-4.07081775695891E-16,0.));
#3850=DIRECTION('',(-1.70803542250024E-16,-1.,0.));
#3851=DIRECTION('center_axis',(4.07081775695891E-16,1.,0.));
#3852=DIRECTION('ref_axis',(1.,-4.07081775695891E-16,0.));
#3853=DIRECTION('',(1.,-4.07081775695891E-16,0.));
#3854=DIRECTION('',(0.,0.,-1.));
#3855=DIRECTION('center_axis',(1.,-1.70803542250024E-16,0.));
#3856=DIRECTION('ref_axis',(-1.70803542250024E-16,-1.,0.));
#3857=DIRECTION('',(-1.70803542250024E-16,-1.,0.));
#3858=DIRECTION('center_axis',(0.,0.,-1.));
#3859=DIRECTION('ref_axis',(1.,0.,0.));
#3860=DIRECTION('center_axis',(0.,0.,-1.));
#3861=DIRECTION('ref_axis',(1.,0.,0.));
#3862=DIRECTION('',(0.,0.,-1.));
#3863=DIRECTION('center_axis',(0.,0.,-1.));
#3864=DIRECTION('ref_axis',(1.,0.,0.));
#3865=DIRECTION('center_axis',(0.,0.,1.));
#3866=DIRECTION('ref_axis',(1.,0.,0.));
#3867=DIRECTION('center_axis',(0.,0.,-1.));
#3868=DIRECTION('ref_axis',(1.,0.,0.));
#3869=DIRECTION('center_axis',(0.,0.,-1.));
#3870=DIRECTION('ref_axis',(1.,0.,0.));
#3871=DIRECTION('',(0.,0.,-1.));
#3872=DIRECTION('center_axis',(0.,0.,-1.));
#3873=DIRECTION('ref_axis',(1.,0.,0.));
#3874=DIRECTION('center_axis',(0.,0.,1.));
#3875=DIRECTION('ref_axis',(1.,0.,0.));
#3876=DIRECTION('center_axis',(0.,0.,-1.));
#3877=DIRECTION('ref_axis',(1.,0.,0.));
#3878=DIRECTION('center_axis',(0.,0.,-1.));
#3879=DIRECTION('ref_axis',(1.,0.,0.));
#3880=DIRECTION('',(0.,0.,-1.));
#3881=DIRECTION('center_axis',(0.,0.,-1.));
#3882=DIRECTION('ref_axis',(1.,0.,0.));
#3883=DIRECTION('center_axis',(0.,0.,1.));
#3884=DIRECTION('ref_axis',(1.,0.,0.));
#3885=DIRECTION('center_axis',(0.,0.,-1.));
#3886=DIRECTION('ref_axis',(1.,0.,0.));
#3887=DIRECTION('center_axis',(0.,0.,-1.));
#3888=DIRECTION('ref_axis',(1.,0.,0.));
#3889=DIRECTION('',(0.,0.,-1.));
#3890=DIRECTION('center_axis',(0.,0.,-1.));
#3891=DIRECTION('ref_axis',(1.,0.,0.));
#3892=DIRECTION('center_axis',(0.,0.,1.));
#3893=DIRECTION('ref_axis',(1.,0.,0.));
#3894=DIRECTION('center_axis',(1.,0.,0.));
#3895=DIRECTION('ref_axis',(0.,-1.,0.));
#3896=DIRECTION('',(0.,-1.,0.));
#3897=DIRECTION('',(0.,0.,-1.));
#3898=DIRECTION('',(0.,-1.,0.));
#3899=DIRECTION('',(0.,0.,-1.));
#3900=DIRECTION('center_axis',(0.,0.,-1.));
#3901=DIRECTION('ref_axis',(-1.,0.,0.));
#3902=DIRECTION('',(-4.44089209850063E-16,1.,0.));
#3903=DIRECTION('',(-1.,0.,0.));
#3904=DIRECTION('',(1.,0.,0.));
#3905=DIRECTION('center_axis',(-1.,0.,0.));
#3906=DIRECTION('ref_axis',(0.,1.,0.));
#3907=DIRECTION('',(0.,1.,0.));
#3908=DIRECTION('',(0.,0.,-1.));
#3909=DIRECTION('',(0.,1.,0.));
#3910=DIRECTION('',(0.,0.,-1.));
#3911=DIRECTION('center_axis',(0.,0.,-1.));
#3912=DIRECTION('ref_axis',(-1.,0.,0.));
#3913=DIRECTION('',(-1.,0.,0.));
#3914=DIRECTION('',(2.22044604925031E-16,-1.,0.));
#3915=DIRECTION('',(1.,0.,0.));
#3916=DIRECTION('center_axis',(1.,4.44089209850063E-16,0.));
#3917=DIRECTION('ref_axis',(4.44089209850063E-16,-1.,0.));
#3918=DIRECTION('',(0.,0.,-1.));
#3919=DIRECTION('',(4.44089209850063E-16,-1.,0.));
#3920=DIRECTION('',(0.,0.,-1.));
#3921=DIRECTION('center_axis',(-1.,-2.22044604925031E-16,0.));
#3922=DIRECTION('ref_axis',(-2.22044604925031E-16,1.,0.));
#3923=DIRECTION('',(0.,0.,-1.));
#3924=DIRECTION('',(-2.22044604925031E-16,1.,0.));
#3925=DIRECTION('',(0.,0.,-1.));
#3926=DIRECTION('center_axis',(2.46716227694479E-16,-1.,0.));
#3927=DIRECTION('ref_axis',(-1.,-2.46716227694479E-16,0.));
#3928=DIRECTION('',(-1.,0.,0.));
#3929=DIRECTION('',(-1.,-2.46716227694479E-16,0.));
#3930=DIRECTION('center_axis',(-1.2335811384724E-16,1.,0.));
#3931=DIRECTION('ref_axis',(1.,1.2335811384724E-16,0.));
#3932=DIRECTION('',(1.,0.,0.));
#3933=DIRECTION('',(1.,1.2335811384724E-16,0.));
#3934=DIRECTION('center_axis',(0.,0.,-1.));
#3935=DIRECTION('ref_axis',(-1.,0.,0.));
#3936=DIRECTION('center_axis',(0.,0.,1.));
#3937=DIRECTION('ref_axis',(1.,0.,0.));
#3938=DIRECTION('center_axis',(0.,0.,1.));
#3939=DIRECTION('ref_axis',(1.,0.,0.));
#3940=CARTESIAN_POINT('',(0.,0.,0.));
#3941=CARTESIAN_POINT('Origin',(1.50000000000728,119.,2.00000000001455));
#3942=CARTESIAN_POINT('',(-11.9999999999854,120.,2.00000000001455));
#3943=CARTESIAN_POINT('',(-11.9999999999854,119.,3.00000000001455));
#3944=CARTESIAN_POINT('Origin',(-11.9999999999854,119.,2.00000000001455));
#3945=CARTESIAN_POINT('',(11.9999999999855,119.,3.00000000001455));
#3946=CARTESIAN_POINT('',(1.50000000000728,119.,3.00000000001455));
#3947=CARTESIAN_POINT('',(11.9999999999855,120.,2.00000000001455));
#3948=CARTESIAN_POINT('Origin',(11.9999999999855,119.,2.00000000001455));
#3949=CARTESIAN_POINT('',(1.50000000000728,120.,2.00000000001455));
#3950=CARTESIAN_POINT('Origin',(-11.9999999999854,120.,3.00000000001455));
#3951=CARTESIAN_POINT('',(-11.9999999999854,100.,3.00000000001455));
#3952=CARTESIAN_POINT('',(-11.9999999999854,120.,3.00000000001455));
#3953=CARTESIAN_POINT('',(11.9999999999855,100.,3.00000000001455));
#3954=CARTESIAN_POINT('',(11.9999999999855,100.,3.00000000001455));
#3955=CARTESIAN_POINT('',(11.9999999999855,120.,3.00000000001455));
#3956=CARTESIAN_POINT('',(-1.49999999999999,110.,3.00000000001455));
#3957=CARTESIAN_POINT('Origin',(6.66133814775094E-15,110.,3.00000000001455));
#3958=CARTESIAN_POINT('Origin',(-14.,116.792893218813,11.7928932188135));
#3959=CARTESIAN_POINT('',(-14.9793456148673,98.8717310708696,30.));
#3960=CARTESIAN_POINT('',(-14.,100.,30.));
#3961=CARTESIAN_POINT('Origin',(-14.,98.5857864376269,30.));
#3962=CARTESIAN_POINT('',(-14.,120.,10.));
#3963=CARTESIAN_POINT('',(-14.,117.5,12.5));
#3964=CARTESIAN_POINT('',(-15.,120.,8.5857864376269));
#3965=CARTESIAN_POINT('Origin',(-14.,120.,8.5857864376269));
#3966=CARTESIAN_POINT('',(-15.,98.8685996664259,29.717186771201));
#3967=CARTESIAN_POINT('',(-15.,116.792893218813,11.7928932188135));
#3968=CARTESIAN_POINT('Ctrl Pts',(-14.9793456148677,98.8717310708695,29.9999999999978));
#3969=CARTESIAN_POINT('Ctrl Pts',(-14.9936353734947,98.869566132207,29.9042815666916));
#3970=CARTESIAN_POINT('Ctrl Pts',(-15.,98.8685996664259,29.8086831539242));
#3971=CARTESIAN_POINT('Ctrl Pts',(-15.,98.8685996664259,29.717186771201));
#3972=CARTESIAN_POINT('Origin',(15.,120.,0.));
#3973=CARTESIAN_POINT('',(11.9999999999855,120.,8.58578643762692));
#3974=CARTESIAN_POINT('',(11.9999999999855,120.,15.));
#3975=CARTESIAN_POINT('',(12.9999999999855,120.,10.));
#3976=CARTESIAN_POINT('Origin',(12.9999999999855,120.,8.58578643762692));
#3977=CARTESIAN_POINT('',(14.,120.,10.));
#3978=CARTESIAN_POINT('',(7.50000000000001,120.,10.));
#3979=CARTESIAN_POINT('',(15.,120.,8.5857864376269));
#3980=CARTESIAN_POINT('Origin',(14.,120.,8.5857864376269));
#3981=CARTESIAN_POINT('',(15.,120.,0.));
#3982=CARTESIAN_POINT('',(15.,120.,0.));
#3983=CARTESIAN_POINT('',(-15.,120.,0.));
#3984=CARTESIAN_POINT('',(-15.,120.,0.));
#3985=CARTESIAN_POINT('',(-15.,120.,0.));
#3986=CARTESIAN_POINT('',(-12.9999999999854,120.,10.));
#3987=CARTESIAN_POINT('',(7.50000000000001,120.,10.));
#3988=CARTESIAN_POINT('',(-11.9999999999854,120.,8.5857864376269));
#3989=CARTESIAN_POINT('Origin',(-12.9999999999854,120.,8.58578643762689));
#3990=CARTESIAN_POINT('',(-11.9999999999854,120.,15.));
#3991=CARTESIAN_POINT('Origin',(7.50000000000001,110.,20.));
#3992=CARTESIAN_POINT('',(-12.9999999999854,100.,30.));
#3993=CARTESIAN_POINT('',(7.50000000000001,100.,30.));
#3994=CARTESIAN_POINT('',(-12.9999999999854,104.819347291983,25.1806527080175));
#3995=CARTESIAN_POINT('Origin',(4.44089209850063E-15,108.5,30.));
#3996=CARTESIAN_POINT('',(-12.1219454251834,99.2625732041482,30.));
#3997=CARTESIAN_POINT('Origin',(0.,0.,30.));
#3998=CARTESIAN_POINT('Origin',(-12.9999999999854,98.5857864376269,30.));
#3999=CARTESIAN_POINT('Origin',(-12.9999999999854,104.112240510796,24.4735459268309));
#4000=CARTESIAN_POINT('',(-11.9999999999854,99.2773891679301,29.3083972696968));
#4001=CARTESIAN_POINT('Ctrl Pts',(-11.9999999999854,99.2773891679286,29.3083972696983));
#4002=CARTESIAN_POINT('Ctrl Pts',(-11.9999999999854,99.2773891679286,29.4812171576837));
#4003=CARTESIAN_POINT('Ctrl Pts',(-12.0234509298611,99.2745643994508,29.6686780980122));
#4004=CARTESIAN_POINT('Ctrl Pts',(-12.0873881183746,99.266788270312,29.8996400598933));
#4005=CARTESIAN_POINT('Ctrl Pts',(-12.1036786292552,99.2648039452642,29.9503710397546));
#4006=CARTESIAN_POINT('Ctrl Pts',(-12.121945425183,99.2625732041482,29.999999999999));
#4007=CARTESIAN_POINT('',(-11.9999999999854,104.112240510796,24.4735459268309));
#4008=CARTESIAN_POINT('Origin',(14.,111.042893218813,17.5428932188135));
#4009=CARTESIAN_POINT('',(14.,100.,30.));
#4010=CARTESIAN_POINT('',(14.,111.75,18.25));
#4011=CARTESIAN_POINT('',(14.9793456148673,98.8717310708696,30.));
#4012=CARTESIAN_POINT('Origin',(14.,98.5857864376269,30.));
#4013=CARTESIAN_POINT('',(15.,98.8685996664259,29.717186771201));
#4014=CARTESIAN_POINT('Ctrl Pts',(15.,98.8685996664259,29.717186771201));
#4015=CARTESIAN_POINT('Ctrl Pts',(15.,98.8685996664259,29.8086831539242));
#4016=CARTESIAN_POINT('Ctrl Pts',(14.9936353734947,98.869566132207,29.9042815666916));
#4017=CARTESIAN_POINT('Ctrl Pts',(14.9793456148677,98.8717310708695,29.9999999999978));
#4018=CARTESIAN_POINT('',(15.,111.042893218813,17.5428932188135));
#4019=CARTESIAN_POINT('Origin',(4.44089209850063E-15,108.5,30.));
#4020=CARTESIAN_POINT('',(12.9999999999855,100.,30.));
#4021=CARTESIAN_POINT('',(7.50000000000001,100.,30.));
#4022=CARTESIAN_POINT('',(12.1219454251834,99.2625732041482,30.));
#4023=CARTESIAN_POINT('Origin',(12.9999999999855,98.5857864376269,30.));
#4024=CARTESIAN_POINT('Origin',(0.,0.,30.));
#4025=CARTESIAN_POINT('Origin',(7.50000000000001,110.,20.));
#4026=CARTESIAN_POINT('',(12.9999999999855,110.,19.9999999999996));
#4027=CARTESIAN_POINT('Origin',(12.9999999999855,109.292893218814,19.2928932188131));
#4028=CARTESIAN_POINT('',(11.9999999999855,99.2773891679301,29.3083972696968));
#4029=CARTESIAN_POINT('',(11.9999999999855,109.292893218814,19.2928932188131));
#4030=CARTESIAN_POINT('Ctrl Pts',(12.1219454251834,99.2625732041482,30.0000000000002));
#4031=CARTESIAN_POINT('Ctrl Pts',(12.1083863294844,99.264229040913,29.9631613653507));
#4032=CARTESIAN_POINT('Ctrl Pts',(12.0959345867833,99.2657468435163,29.9257716341792));
#4033=CARTESIAN_POINT('Ctrl Pts',(12.0271803368212,99.2741168749338,29.6963196672334));
#4034=CARTESIAN_POINT('Ctrl Pts',(11.9999999999855,99.2773891679286,29.4946951197304));
#4035=CARTESIAN_POINT('Ctrl Pts',(11.9999999999855,99.2773891679286,29.3083972696983));
#4036=CARTESIAN_POINT('Origin',(11.9999999999855,120.000000000001,30.));
#4037=CARTESIAN_POINT('',(11.9999999999855,100.,26.9999999999855));
#4038=CARTESIAN_POINT('',(11.9999999999855,100.,26.9999999999855));
#4039=CARTESIAN_POINT('',(11.9999999999855,99.2773891679301,27.));
#4040=CARTESIAN_POINT('',(11.9999999999855,98.8685996664273,27.));
#4041=CARTESIAN_POINT('',(11.9999999999855,99.2773891679301,30.));
#4042=CARTESIAN_POINT('Origin',(116.792893218813,14.,11.7928932188135));
#4043=CARTESIAN_POINT('',(98.8717310708695,14.979345614868,30.));
#4044=CARTESIAN_POINT('',(100.,14.,30.));
#4045=CARTESIAN_POINT('Origin',(98.5857864376269,14.,30.));
#4046=CARTESIAN_POINT('',(120.,14.,10.));
#4047=CARTESIAN_POINT('',(117.5,14.,12.5));
#4048=CARTESIAN_POINT('',(120.,15.,8.5857864376269));
#4049=CARTESIAN_POINT('Origin',(120.,14.,8.5857864376269));
#4050=CARTESIAN_POINT('',(98.8685996664259,15.,29.717186771201));
#4051=CARTESIAN_POINT('',(116.792893218813,15.,11.7928932188135));
#4052=CARTESIAN_POINT('Ctrl Pts',(98.8717310708695,14.9793456148677,29.9999999999977));
#4053=CARTESIAN_POINT('Ctrl Pts',(98.869566132207,14.9936353734947,29.9042815666916));
#4054=CARTESIAN_POINT('Ctrl Pts',(98.8685996664259,15.,29.8086831539242));
#4055=CARTESIAN_POINT('Ctrl Pts',(98.8685996664259,15.,29.717186771201));
#4056=CARTESIAN_POINT('Origin',(120.,-15.,0.));
#4057=CARTESIAN_POINT('',(120.,12.9999999999862,10.));
#4058=CARTESIAN_POINT('',(120.,-7.5,10.));
#4059=CARTESIAN_POINT('',(120.,11.9999999999862,8.5857864376269));
#4060=CARTESIAN_POINT('Origin',(120.,12.9999999999862,8.5857864376269));
#4061=CARTESIAN_POINT('',(120.,11.9999999999862,2.00000000001455));
#4062=CARTESIAN_POINT('',(120.,11.9999999999862,15.));
#4063=CARTESIAN_POINT('',(120.,-11.9999999999847,2.00000000001455));
#4064=CARTESIAN_POINT('',(120.,-1.50000000000728,2.00000000001455));
#4065=CARTESIAN_POINT('',(120.,-11.9999999999847,8.5857864376269));
#4066=CARTESIAN_POINT('',(120.,-11.9999999999847,15.));
#4067=CARTESIAN_POINT('',(120.,-12.9999999999847,10.));
#4068=CARTESIAN_POINT('Origin',(120.,-12.9999999999847,8.5857864376269));
#4069=CARTESIAN_POINT('',(120.,-14.,10.));
#4070=CARTESIAN_POINT('',(120.,-7.5,10.));
#4071=CARTESIAN_POINT('',(120.,-15.,8.5857864376269));
#4072=CARTESIAN_POINT('Origin',(120.,-14.,8.5857864376269));
#4073=CARTESIAN_POINT('',(120.,-15.,0.));
#4074=CARTESIAN_POINT('',(120.,-15.,0.));
#4075=CARTESIAN_POINT('',(120.,15.,0.));
#4076=CARTESIAN_POINT('',(120.,15.,0.));
#4077=CARTESIAN_POINT('',(120.,15.,0.));
#4078=CARTESIAN_POINT('Origin',(110.,-7.5,20.));
#4079=CARTESIAN_POINT('',(100.,12.9999999999862,30.));
#4080=CARTESIAN_POINT('',(100.,-7.5,30.));
#4081=CARTESIAN_POINT('',(104.819347291982,12.9999999999862,25.1806527080177));
#4082=CARTESIAN_POINT('Origin',(108.5,-8.88178419700125E-15,30.));
#4083=CARTESIAN_POINT('',(99.2625732041481,12.1219454251844,30.));
#4084=CARTESIAN_POINT('Origin',(0.,0.,30.));
#4085=CARTESIAN_POINT('Origin',(98.5857864376269,12.9999999999862,30.));
#4086=CARTESIAN_POINT('Origin',(104.112240510796,12.9999999999862,24.4735459268311));
#4087=CARTESIAN_POINT('',(99.2773891679294,11.9999999999862,29.3083972696975));
#4088=CARTESIAN_POINT('Ctrl Pts',(99.2773891679285,11.9999999999862,29.3083972696984));
#4089=CARTESIAN_POINT('Ctrl Pts',(99.2773891679285,11.9999999999862,29.4946951197304));
#4090=CARTESIAN_POINT('Ctrl Pts',(99.2741168749337,12.0271803368219,29.6963196672335));
#4091=CARTESIAN_POINT('Ctrl Pts',(99.2657468435162,12.095934586784,29.9257716341793));
#4092=CARTESIAN_POINT('Ctrl Pts',(99.2642290409129,12.1083863294851,29.9631613653508));
#4093=CARTESIAN_POINT('Ctrl Pts',(99.2625732041481,12.1219454251842,30.0000000000002));
#4094=CARTESIAN_POINT('',(104.112240510796,11.9999999999862,24.4735459268311));
#4095=CARTESIAN_POINT('Origin',(119.,-1.50000000000728,2.00000000001455));
#4096=CARTESIAN_POINT('',(119.,11.9999999999854,3.00000000001455));
#4097=CARTESIAN_POINT('Origin',(119.,11.9999999999862,2.00000000001455));
#4098=CARTESIAN_POINT('',(119.,-11.9999999999854,3.00000000001455));
#4099=CARTESIAN_POINT('',(119.,-1.50000000000728,3.00000000001455));
#4100=CARTESIAN_POINT('Origin',(119.,-11.9999999999847,2.00000000001455));
#4101=CARTESIAN_POINT('Origin',(120.,11.9999999999854,3.00000000001455));
#4102=CARTESIAN_POINT('',(100.,11.9999999999854,3.00000000001455));
#4103=CARTESIAN_POINT('',(120.,11.9999999999854,3.00000000001455));
#4104=CARTESIAN_POINT('',(100.,-11.9999999999854,3.00000000001455));
#4105=CARTESIAN_POINT('',(100.,-11.9999999999854,3.00000000001455));
#4106=CARTESIAN_POINT('',(120.,-11.9999999999854,3.00000000001455));
#4107=CARTESIAN_POINT('',(108.5,1.83697019872102E-16,3.00000000001455));
#4108=CARTESIAN_POINT('Origin',(110.,0.,3.00000000001455));
#4109=CARTESIAN_POINT('Origin',(109.292893218814,-12.9999999999847,19.2928932188133));
#4110=CARTESIAN_POINT('',(99.2625732041483,-12.1219454251828,30.));
#4111=CARTESIAN_POINT('',(100.,-12.9999999999847,30.));
#4112=CARTESIAN_POINT('Origin',(98.5857864376269,-12.9999999999847,30.));
#4113=CARTESIAN_POINT('',(110.,-12.9999999999847,19.9999999999998));
#4114=CARTESIAN_POINT('',(99.2773891679294,-11.9999999999847,29.3083972696975));
#4115=CARTESIAN_POINT('',(109.292893218814,-11.9999999999847,19.2928932188133));
#4116=CARTESIAN_POINT('Ctrl Pts',(99.2625732041483,-12.1219454251828,30.0000000000002));
#4117=CARTESIAN_POINT('Ctrl Pts',(99.264229040913,-12.1083863294837,29.9631613653507));
#4118=CARTESIAN_POINT('Ctrl Pts',(99.2657468435164,-12.0959345867825,29.9257716341791));
#4119=CARTESIAN_POINT('Ctrl Pts',(99.2741168749339,-12.0271803368205,29.6963196672334));
#4120=CARTESIAN_POINT('Ctrl Pts',(99.2773891679287,-11.9999999999847,29.4946951197303));
#4121=CARTESIAN_POINT('Ctrl Pts',(99.2773891679287,-11.9999999999847,29.3083972696982));
#4122=CARTESIAN_POINT('Origin',(110.,-7.5,20.));
#4123=CARTESIAN_POINT('',(100.,-14.,30.));
#4124=CARTESIAN_POINT('',(100.,-7.5,30.));
#4125=CARTESIAN_POINT('',(111.75,-14.,18.25));
#4126=CARTESIAN_POINT('Origin',(108.5,-8.88178419700125E-15,30.));
#4127=CARTESIAN_POINT('',(98.8717310708696,-14.9793456148668,30.));
#4128=CARTESIAN_POINT('Origin',(0.,0.,30.));
#4129=CARTESIAN_POINT('Origin',(98.5857864376269,-14.,30.));
#4130=CARTESIAN_POINT('Origin',(111.042893218813,-14.,17.5428932188135));
#4131=CARTESIAN_POINT('',(98.8685996664259,-15.,29.717186771201));
#4132=CARTESIAN_POINT('Ctrl Pts',(98.8685996664259,-15.,29.717186771201));
#4133=CARTESIAN_POINT('Ctrl Pts',(98.8685996664259,-15.,29.8086831539242));
#4134=CARTESIAN_POINT('Ctrl Pts',(98.869566132207,-14.9936353734947,29.9042815666917));
#4135=CARTESIAN_POINT('Ctrl Pts',(98.8717310708695,-14.9793456148676,29.9999999999978));
#4136=CARTESIAN_POINT('',(111.042893218813,-15.,17.5428932188135));
#4137=CARTESIAN_POINT('Origin',(-116.792893218813,-14.,11.7928932188135));
#4138=CARTESIAN_POINT('',(-98.8717310708696,-14.979345614867,30.));
#4139=CARTESIAN_POINT('',(-100.,-14.,30.));
#4140=CARTESIAN_POINT('Origin',(-98.5857864376269,-14.,30.));
#4141=CARTESIAN_POINT('',(-120.,-14.,10.));
#4142=CARTESIAN_POINT('',(-117.5,-14.,12.5));
#4143=CARTESIAN_POINT('',(-120.,-15.,8.5857864376269));
#4144=CARTESIAN_POINT('Origin',(-120.,-14.,8.5857864376269));
#4145=CARTESIAN_POINT('',(-98.8685996664259,-15.,29.717186771201));
#4146=CARTESIAN_POINT('',(-116.792893218813,-15.,11.7928932188135));
#4147=CARTESIAN_POINT('Ctrl Pts',(-98.8717310708695,-14.9793456148676,29.9999999999978));
#4148=CARTESIAN_POINT('Ctrl Pts',(-98.869566132207,-14.9936353734947,29.9042815666917));
#4149=CARTESIAN_POINT('Ctrl Pts',(-98.8685996664259,-15.,29.8086831539242));
#4150=CARTESIAN_POINT('Ctrl Pts',(-98.8685996664259,-15.,29.717186771201));
#4151=CARTESIAN_POINT('Origin',(-120.,15.,0.));
#4152=CARTESIAN_POINT('',(-120.,-12.9999999999847,10.));
#4153=CARTESIAN_POINT('',(-120.,7.50000000000001,10.));
#4154=CARTESIAN_POINT('',(-120.,-11.9999999999847,8.5857864376269));
#4155=CARTESIAN_POINT('Origin',(-120.,-12.9999999999847,8.5857864376269));
#4156=CARTESIAN_POINT('',(-120.,-11.9999999999847,2.00000000001455));
#4157=CARTESIAN_POINT('',(-120.,-11.9999999999847,15.));
#4158=CARTESIAN_POINT('',(-120.,11.9999999999862,2.00000000001455));
#4159=CARTESIAN_POINT('',(-120.,1.50000000000729,2.00000000001455));
#4160=CARTESIAN_POINT('',(-120.,11.9999999999862,8.58578643762691));
#4161=CARTESIAN_POINT('',(-120.,11.9999999999862,15.));
#4162=CARTESIAN_POINT('',(-120.,12.9999999999862,10.));
#4163=CARTESIAN_POINT('Origin',(-120.,12.9999999999862,8.58578643762691));
#4164=CARTESIAN_POINT('',(-120.,14.,10.));
#4165=CARTESIAN_POINT('',(-120.,7.50000000000001,10.));
#4166=CARTESIAN_POINT('',(-120.,15.,8.5857864376269));
#4167=CARTESIAN_POINT('Origin',(-120.,14.,8.5857864376269));
#4168=CARTESIAN_POINT('',(-120.,15.,0.));
#4169=CARTESIAN_POINT('',(-120.,15.,0.));
#4170=CARTESIAN_POINT('',(-120.,-15.,0.));
#4171=CARTESIAN_POINT('',(-120.,-15.,0.));
#4172=CARTESIAN_POINT('',(-120.,-15.,0.));
#4173=CARTESIAN_POINT('Origin',(-110.,7.50000000000001,20.));
#4174=CARTESIAN_POINT('',(-100.,-12.9999999999847,30.));
#4175=CARTESIAN_POINT('',(-100.,7.50000000000001,30.));
#4176=CARTESIAN_POINT('',(-104.819347291982,-12.9999999999847,25.1806527080177));
#4177=CARTESIAN_POINT('Origin',(-108.5,1.11022302462516E-14,30.));
#4178=CARTESIAN_POINT('',(-99.2625732041483,-12.1219454251828,30.));
#4179=CARTESIAN_POINT('Origin',(0.,0.,30.));
#4180=CARTESIAN_POINT('Origin',(-98.5857864376269,-12.9999999999847,30.));
#4181=CARTESIAN_POINT('Origin',(-104.112240510796,-12.9999999999847,24.4735459268311));
#4182=CARTESIAN_POINT('',(-99.2773891679293,-11.9999999999847,29.3083972696976));
#4183=CARTESIAN_POINT('Ctrl Pts',(-99.2773891679287,-11.9999999999847,29.3083972696982));
#4184=CARTESIAN_POINT('Ctrl Pts',(-99.2773891679287,-11.9999999999847,29.4812171576836));
#4185=CARTESIAN_POINT('Ctrl Pts',(-99.2745643994509,-12.0234509298603,29.6686780980121));
#4186=CARTESIAN_POINT('Ctrl Pts',(-99.266788270312,-12.0873881183739,29.8996400598933));
#4187=CARTESIAN_POINT('Ctrl Pts',(-99.2648039452643,-12.1036786292545,29.9503710397546));
#4188=CARTESIAN_POINT('Ctrl Pts',(-99.2625732041483,-12.1219454251823,29.999999999999));
#4189=CARTESIAN_POINT('',(-104.112240510796,-11.9999999999847,24.4735459268311));
#4190=CARTESIAN_POINT('Origin',(-111.042893218813,14.,17.5428932188135));
#4191=CARTESIAN_POINT('',(-100.,14.,30.));
#4192=CARTESIAN_POINT('',(-111.75,14.,18.25));
#4193=CARTESIAN_POINT('',(-98.8717310708695,14.9793456148674,30.));
#4194=CARTESIAN_POINT('Origin',(-98.5857864376269,14.,30.));
#4195=CARTESIAN_POINT('',(-98.8685996664259,15.,29.717186771201));
#4196=CARTESIAN_POINT('Ctrl Pts',(-98.8685996664259,15.,29.717186771201));
#4197=CARTESIAN_POINT('Ctrl Pts',(-98.8685996664259,15.,29.8086831539242));
#4198=CARTESIAN_POINT('Ctrl Pts',(-98.869566132207,14.9936353734948,29.9042815666916));
#4199=CARTESIAN_POINT('Ctrl Pts',(-98.8717310708695,14.9793456148677,29.9999999999977));
#4200=CARTESIAN_POINT('',(-111.042893218813,15.,17.5428932188135));
#4201=CARTESIAN_POINT('Origin',(-108.5,1.11022302462516E-14,30.));
#4202=CARTESIAN_POINT('',(-100.,12.9999999999862,30.));
#4203=CARTESIAN_POINT('',(-100.,7.50000000000001,30.));
#4204=CARTESIAN_POINT('',(-99.2625732041481,12.1219454251842,30.));
#4205=CARTESIAN_POINT('Origin',(-98.5857864376269,12.9999999999862,30.));
#4206=CARTESIAN_POINT('Origin',(0.,0.,30.));
#4207=CARTESIAN_POINT('Origin',(-110.,7.50000000000001,20.));
#4208=CARTESIAN_POINT('',(-110.,12.9999999999862,19.9999999999998));
#4209=CARTESIAN_POINT('Origin',(-109.292893218814,12.9999999999862,19.2928932188133));
#4210=CARTESIAN_POINT('',(-99.2773891679293,11.9999999999862,29.3083972696976));
#4211=CARTESIAN_POINT('',(-109.292893218814,11.9999999999862,19.2928932188133));
#4212=CARTESIAN_POINT('Ctrl Pts',(-99.2625732041481,12.1219454251841,30.0000000000002));
#4213=CARTESIAN_POINT('Ctrl Pts',(-99.2642290409129,12.1083863294851,29.9631613653508));
#4214=CARTESIAN_POINT('Ctrl Pts',(-99.2657468435162,12.095934586784,29.9257716341793));
#4215=CARTESIAN_POINT('Ctrl Pts',(-99.2741168749337,12.0271803368219,29.6963196672335));
#4216=CARTESIAN_POINT('Ctrl Pts',(-99.2773891679285,11.9999999999862,29.4946951197305));
#4217=CARTESIAN_POINT('Ctrl Pts',(-99.2773891679285,11.9999999999862,29.3083972696984));
#4218=CARTESIAN_POINT('Origin',(-120.000000000001,11.9999999999862,30.));
#4219=CARTESIAN_POINT('',(-119.,11.9999999999854,3.00000000001455));
#4220=CARTESIAN_POINT('Origin',(-119.,11.9999999999862,2.00000000001455));
#4221=CARTESIAN_POINT('',(-100.,11.9999999999854,3.00000000001455));
#4222=CARTESIAN_POINT('',(-120.,11.9999999999854,3.00000000001455));
#4223=CARTESIAN_POINT('',(-100.,11.9999999999854,26.9999999999854));
#4224=CARTESIAN_POINT('',(-100.,11.9999999999854,26.9999999999854));
#4225=CARTESIAN_POINT('',(-99.2773891679293,11.9999999999862,27.));
#4226=CARTESIAN_POINT('',(-98.8685996664266,11.9999999999862,27.));
#4227=CARTESIAN_POINT('',(-99.2773891679293,11.9999999999862,30.));
#4228=CARTESIAN_POINT('Origin',(-119.,1.50000000000729,2.00000000001455));
#4229=CARTESIAN_POINT('',(-119.,-11.9999999999854,3.00000000001455));
#4230=CARTESIAN_POINT('Origin',(-119.,-11.9999999999847,2.00000000001455));
#4231=CARTESIAN_POINT('',(-119.,1.50000000000729,3.00000000001455));
#4232=CARTESIAN_POINT('Origin',(-120.,-11.9999999999854,3.00000000001455));
#4233=CARTESIAN_POINT('',(-100.,-11.9999999999854,3.00000000001455));
#4234=CARTESIAN_POINT('',(-120.,-11.9999999999854,3.00000000001455));
#4235=CARTESIAN_POINT('',(-100.,11.9999999999854,3.00000000001455));
#4236=CARTESIAN_POINT('',(-111.5,1.83697019872102E-16,3.00000000001455));
#4237=CARTESIAN_POINT('Origin',(-110.,0.,3.00000000001455));
#4238=CARTESIAN_POINT('Origin',(-1.50000000000727,-119.,2.00000000001455));
#4239=CARTESIAN_POINT('',(11.9999999999854,-120.,2.00000000001455));
#4240=CARTESIAN_POINT('',(11.9999999999855,-119.,3.00000000001455));
#4241=CARTESIAN_POINT('Origin',(11.9999999999854,-119.,2.00000000001455));
#4242=CARTESIAN_POINT('',(-11.9999999999854,-119.,3.00000000001455));
#4243=CARTESIAN_POINT('',(-1.50000000000727,-119.,3.00000000001455));
#4244=CARTESIAN_POINT('',(-11.9999999999854,-120.,2.00000000001455));
#4245=CARTESIAN_POINT('Origin',(-11.9999999999854,-119.,2.00000000001455));
#4246=CARTESIAN_POINT('',(-1.50000000000727,-120.,2.00000000001455));
#4247=CARTESIAN_POINT('Origin',(11.9999999999854,-120.,3.00000000001455));
#4248=CARTESIAN_POINT('',(11.9999999999854,-100.,3.00000000001455));
#4249=CARTESIAN_POINT('',(11.9999999999855,-120.,3.00000000001455));
#4250=CARTESIAN_POINT('',(-11.9999999999854,-100.,3.00000000001455));
#4251=CARTESIAN_POINT('',(-11.9999999999854,-100.,3.00000000001455));
#4252=CARTESIAN_POINT('',(-11.9999999999854,-120.,3.00000000001455));
#4253=CARTESIAN_POINT('',(-1.5,-110.,3.00000000001455));
#4254=CARTESIAN_POINT('Origin',(4.44089209850063E-15,-110.,3.00000000001455));
#4255=CARTESIAN_POINT('Origin',(14.,-116.792893218813,11.7928932188135));
#4256=CARTESIAN_POINT('',(14.9793456148673,-98.8717310708696,30.));
#4257=CARTESIAN_POINT('',(14.,-100.,30.));
#4258=CARTESIAN_POINT('Origin',(14.,-98.5857864376269,30.));
#4259=CARTESIAN_POINT('',(14.,-120.,10.));
#4260=CARTESIAN_POINT('',(14.,-117.5,12.5));
#4261=CARTESIAN_POINT('',(15.,-120.,8.5857864376269));
#4262=CARTESIAN_POINT('Origin',(14.,-120.,8.5857864376269));
#4263=CARTESIAN_POINT('',(15.,-98.8685996664259,29.717186771201));
#4264=CARTESIAN_POINT('',(15.,-116.792893218813,11.7928932188135));
#4265=CARTESIAN_POINT('Ctrl Pts',(14.9793456148676,-98.8717310708695,29.9999999999978));
#4266=CARTESIAN_POINT('Ctrl Pts',(14.9936353734947,-98.869566132207,29.9042815666916));
#4267=CARTESIAN_POINT('Ctrl Pts',(15.,-98.8685996664259,29.8086831539242));
#4268=CARTESIAN_POINT('Ctrl Pts',(15.,-98.8685996664259,29.717186771201));
#4269=CARTESIAN_POINT('Origin',(-15.,-120.,0.));
#4270=CARTESIAN_POINT('',(-11.9999999999854,-120.,8.58578643762691));
#4271=CARTESIAN_POINT('',(-11.9999999999854,-120.,15.));
#4272=CARTESIAN_POINT('',(-12.9999999999854,-120.,10.));
#4273=CARTESIAN_POINT('Origin',(-12.9999999999854,-120.,8.58578643762691));
#4274=CARTESIAN_POINT('',(-14.,-120.,10.));
#4275=CARTESIAN_POINT('',(-7.5,-120.,10.));
#4276=CARTESIAN_POINT('',(-15.,-120.,8.5857864376269));
#4277=CARTESIAN_POINT('Origin',(-14.,-120.,8.5857864376269));
#4278=CARTESIAN_POINT('',(-15.,-120.,0.));
#4279=CARTESIAN_POINT('',(-15.,-120.,0.));
#4280=CARTESIAN_POINT('',(15.,-120.,0.));
#4281=CARTESIAN_POINT('',(15.,-120.,0.));
#4282=CARTESIAN_POINT('',(15.,-120.,0.));
#4283=CARTESIAN_POINT('',(12.9999999999855,-120.,10.));
#4284=CARTESIAN_POINT('',(-7.5,-120.,10.));
#4285=CARTESIAN_POINT('',(11.9999999999855,-120.,8.5857864376269));
#4286=CARTESIAN_POINT('Origin',(12.9999999999855,-120.,8.5857864376269));
#4287=CARTESIAN_POINT('',(11.9999999999855,-120.,13.4999999999927));
#4288=CARTESIAN_POINT('Origin',(-7.5,-110.,20.));
#4289=CARTESIAN_POINT('',(12.9999999999855,-100.,30.));
#4290=CARTESIAN_POINT('',(-7.5,-100.,30.));
#4291=CARTESIAN_POINT('',(12.9999999999855,-110.750000000004,19.2499999999964));
#4292=CARTESIAN_POINT('Origin',(0.,-108.5,30.));
#4293=CARTESIAN_POINT('',(12.1219454251834,-99.2625732041482,30.));
#4294=CARTESIAN_POINT('Origin',(0.,0.,30.));
#4295=CARTESIAN_POINT('Origin',(12.9999999999855,-98.5857864376269,30.));
#4296=CARTESIAN_POINT('Origin',(12.9999999999855,-110.042893218817,18.5428932188098));
#4297=CARTESIAN_POINT('',(11.9999999999854,-99.2773891679286,29.3083972696983));
#4298=CARTESIAN_POINT('Ctrl Pts',(11.9999999999855,-99.2773891679286,29.3083972696983));
#4299=CARTESIAN_POINT('Ctrl Pts',(11.9999999999855,-99.2773891679286,29.4946951197304));
#4300=CARTESIAN_POINT('Ctrl Pts',(12.0271803368212,-99.2741168749338,29.6963196672334));
#4301=CARTESIAN_POINT('Ctrl Pts',(12.0959345867833,-99.2657468435163,29.9257716341792));
#4302=CARTESIAN_POINT('Ctrl Pts',(12.1083863294844,-99.264229040913,29.9631613653507));
#4303=CARTESIAN_POINT('Ctrl Pts',(12.1219454251834,-99.2625732041482,30.0000000000001));
#4304=CARTESIAN_POINT('',(11.9999999999855,-110.042893218817,18.5428932188098));
#4305=CARTESIAN_POINT('Origin',(-12.9999999999854,-116.04289321881,12.5428932188171));
#4306=CARTESIAN_POINT('',(-12.1219454251834,-99.2625732041482,30.));
#4307=CARTESIAN_POINT('',(-12.9999999999854,-100.,30.));
#4308=CARTESIAN_POINT('Origin',(-12.9999999999854,-98.5857864376269,30.));
#4309=CARTESIAN_POINT('',(-12.9999999999854,-116.749999999996,13.2500000000036));
#4310=CARTESIAN_POINT('',(-11.9999999999854,-99.2773891679286,29.3083972696983));
#4311=CARTESIAN_POINT('',(-11.9999999999854,-116.04289321881,12.5428932188171));
#4312=CARTESIAN_POINT('Ctrl Pts',(-12.1219454251834,-99.2625732041482,30.0000000000001));
#4313=CARTESIAN_POINT('Ctrl Pts',(-12.1083863294843,-99.264229040913,29.9631613653507));
#4314=CARTESIAN_POINT('Ctrl Pts',(-12.0959345867833,-99.2657468435163,29.9257716341792));
#4315=CARTESIAN_POINT('Ctrl Pts',(-12.0271803368212,-99.2741168749338,29.6963196672334));
#4316=CARTESIAN_POINT('Ctrl Pts',(-11.9999999999854,-99.2773891679286,29.4946951197304));
#4317=CARTESIAN_POINT('Ctrl Pts',(-11.9999999999854,-99.2773891679286,29.3083972696983));
#4318=CARTESIAN_POINT('Origin',(-7.5,-110.,20.));
#4319=CARTESIAN_POINT('',(-14.,-100.,30.));
#4320=CARTESIAN_POINT('',(-7.5,-100.,30.));
#4321=CARTESIAN_POINT('',(-14.,-111.75,18.25));
#4322=CARTESIAN_POINT('Origin',(0.,-108.5,30.));
#4323=CARTESIAN_POINT('',(-14.9793456148673,-98.8717310708696,30.));
#4324=CARTESIAN_POINT('Origin',(0.,0.,30.));
#4325=CARTESIAN_POINT('Origin',(-14.,-98.5857864376269,30.));
#4326=CARTESIAN_POINT('Origin',(-14.,-111.042893218813,17.5428932188135));
#4327=CARTESIAN_POINT('',(-15.,-98.8685996664259,29.717186771201));
#4328=CARTESIAN_POINT('Ctrl Pts',(-15.,-98.8685996664259,29.717186771201));
#4329=CARTESIAN_POINT('Ctrl Pts',(-15.,-98.8685996664259,29.8086831539242));
#4330=CARTESIAN_POINT('Ctrl Pts',(-14.9936353734947,-98.869566132207,29.9042815666916));
#4331=CARTESIAN_POINT('Ctrl Pts',(-14.9793456148676,-98.8717310708695,29.9999999999978));
#4332=CARTESIAN_POINT('',(-15.,-111.042893218813,17.5428932188135));
#4333=CARTESIAN_POINT('Origin',(-110.,0.,3.00000000001455));
#4334=CARTESIAN_POINT('',(-111.5,1.83697019872102E-16,0.));
#4335=CARTESIAN_POINT('',(-111.5,1.83697019872102E-16,3.00000000001455));
#4336=CARTESIAN_POINT('Origin',(-110.,0.,0.));
#4337=CARTESIAN_POINT('Origin',(4.44089209850063E-15,-110.,3.00000000001455));
#4338=CARTESIAN_POINT('',(-1.5,-110.,0.));
#4339=CARTESIAN_POINT('',(-1.5,-110.,3.00000000001455));
#4340=CARTESIAN_POINT('Origin',(4.44089209850063E-15,-110.,0.));
#4341=CARTESIAN_POINT('Origin',(6.66133814775094E-15,110.,3.00000000001455));
#4342=CARTESIAN_POINT('',(-1.49999999999999,110.,-5.55111512312578E-16));
#4343=CARTESIAN_POINT('',(-1.49999999999999,110.,3.00000000001455));
#4344=CARTESIAN_POINT('Origin',(6.66133814775094E-15,110.,0.));
#4345=CARTESIAN_POINT('Origin',(110.,0.,3.00000000001455));
#4346=CARTESIAN_POINT('',(108.5,1.83697019872102E-16,0.));
#4347=CARTESIAN_POINT('',(108.5,1.83697019872102E-16,3.00000000001455));
#4348=CARTESIAN_POINT('Origin',(110.,0.,0.));
#4349=CARTESIAN_POINT('Origin',(11.9999999999855,-120.,26.9999999999854));
#4350=CARTESIAN_POINT('',(11.9999999999854,-99.2773891679286,27.));
#4351=CARTESIAN_POINT('',(11.9999999999854,-99.2773891679286,30.));
#4352=CARTESIAN_POINT('',(11.9999999999854,-100.,26.9999999999854));
#4353=CARTESIAN_POINT('',(11.9999999999854,-120.,27.));
#4354=CARTESIAN_POINT('',(11.9999999999855,-100.,3.00000000001455));
#4355=CARTESIAN_POINT('Origin',(-11.9999999999854,-120.,3.00000000001455));
#4356=CARTESIAN_POINT('',(-11.9999999999854,-100.,26.9999999999854));
#4357=CARTESIAN_POINT('',(-11.9999999999854,-100.,26.9999999999854));
#4358=CARTESIAN_POINT('',(-11.9999999999854,-99.2773891679286,27.));
#4359=CARTESIAN_POINT('',(-11.9999999999854,-98.8685996664259,27.));
#4360=CARTESIAN_POINT('',(-11.9999999999854,-99.2773891679286,30.));
#4361=CARTESIAN_POINT('Origin',(-120.,-15.,0.));
#4362=CARTESIAN_POINT('',(-98.8685996664259,-15.,0.));
#4363=CARTESIAN_POINT('',(-97.,-15.,0.));
#4364=CARTESIAN_POINT('',(-98.8685996664259,-15.,3.00000000000001));
#4365=CARTESIAN_POINT('Origin',(-11.9999999999854,99.2773891679301,30.));
#4366=CARTESIAN_POINT('',(-11.9999999999854,99.2773891679301,27.));
#4367=CARTESIAN_POINT('',(-11.9999999999854,99.2773891679301,30.));
#4368=CARTESIAN_POINT('',(-11.9999999999854,100.,26.9999999999855));
#4369=CARTESIAN_POINT('',(-11.9999999999854,120.000000000001,27.));
#4370=CARTESIAN_POINT('',(-11.9999999999854,100.,3.00000000001455));
#4371=CARTESIAN_POINT('Origin',(120.000000000001,-11.9999999999847,30.));
#4372=CARTESIAN_POINT('',(100.,-11.9999999999854,27.));
#4373=CARTESIAN_POINT('',(100.,-11.9999999999854,30.));
#4374=CARTESIAN_POINT('',(99.2773891679294,-11.9999999999847,27.));
#4375=CARTESIAN_POINT('',(98.8685996664266,-11.9999999999847,27.));
#4376=CARTESIAN_POINT('',(99.2773891679294,-11.9999999999847,30.));
#4377=CARTESIAN_POINT('Origin',(99.2773891679294,11.9999999999862,30.));
#4378=CARTESIAN_POINT('',(99.2773891679294,11.9999999999862,27.));
#4379=CARTESIAN_POINT('',(99.2773891679294,11.9999999999862,30.));
#4380=CARTESIAN_POINT('',(100.,11.9999999999854,27.));
#4381=CARTESIAN_POINT('',(120.000000000001,11.9999999999862,27.));
#4382=CARTESIAN_POINT('',(100.,11.9999999999854,3.00000000001455));
#4383=CARTESIAN_POINT('Origin',(-100.,4.44089209850063E-15,15.));
#4384=CARTESIAN_POINT('',(-100.,-11.9999999999854,26.9999999999854));
#4385=CARTESIAN_POINT('',(-100.,-11.9999999999854,3.00000000001455));
#4386=CARTESIAN_POINT('',(-100.,0.,26.9999999999854));
#4387=CARTESIAN_POINT('',(-100.,3.76365605347928E-13,27.));
#4388=CARTESIAN_POINT('',(-100.,3.76365605347928E-13,27.));
#4389=CARTESIAN_POINT('Origin',(-109.638694583965,7.48290318597356E-13,
27.));
#4390=CARTESIAN_POINT('Origin',(8.88178419700125E-15,7.28306304154103E-13,
27.));
#4391=CARTESIAN_POINT('Origin',(1.33226762955019E-14,100.,15.));
#4392=CARTESIAN_POINT('',(0.,100.,26.9999999999855));
#4393=CARTESIAN_POINT('',(1.72084568816899E-14,100.,27.));
#4394=CARTESIAN_POINT('',(1.72084568816899E-14,100.,27.));
#4395=CARTESIAN_POINT('Origin',(2.1094237467878E-14,109.638694583966,27.));
#4396=CARTESIAN_POINT('Origin',(8.88178419700125E-15,7.28306304154103E-13,
27.));
#4397=CARTESIAN_POINT('Origin',(2.1094237467878E-14,109.638694583966,27.));
#4398=CARTESIAN_POINT('Origin',(8.88178419700125E-15,7.28306304154103E-13,
27.));
#4399=CARTESIAN_POINT('Origin',(100.,0.,16.5000000000073));
#4400=CARTESIAN_POINT('',(100.,7.28306304154103E-13,27.));
#4401=CARTESIAN_POINT('',(100.,3.61932706027801E-13,27.));
#4402=CARTESIAN_POINT('',(100.,3.61932706027801E-13,27.));
#4403=CARTESIAN_POINT('Origin',(109.638694583965,7.23865412055602E-13,27.));
#4404=CARTESIAN_POINT('Origin',(8.88178419700125E-15,7.28306304154103E-13,
27.));
#4405=CARTESIAN_POINT('Origin',(109.638694583965,7.23865412055602E-13,27.));
#4406=CARTESIAN_POINT('Origin',(8.88178419700125E-15,7.28306304154103E-13,
27.));
#4407=CARTESIAN_POINT('Origin',(-99.2773891679293,-11.9999999999847,30.));
#4408=CARTESIAN_POINT('',(-99.2773891679293,-11.9999999999847,27.));
#4409=CARTESIAN_POINT('',(-99.2773891679293,-11.9999999999847,30.));
#4410=CARTESIAN_POINT('',(-120.000000000001,-11.9999999999847,27.));
#4411=CARTESIAN_POINT('Origin',(-109.638694583965,7.48290318597356E-13,
27.));
#4412=CARTESIAN_POINT('Origin',(8.88178419700125E-15,7.28306304154103E-13,
27.));
#4413=CARTESIAN_POINT('Origin',(6.66133814775094E-15,-109.638694583964,
27.));
#4414=CARTESIAN_POINT('',(0.,-100.,26.9999999999854));
#4415=CARTESIAN_POINT('',(11.9999999999855,-100.,26.9999999999854));
#4416=CARTESIAN_POINT('Origin',(0.,0.,27.));
#4417=CARTESIAN_POINT('Origin',(6.66133814775094E-15,-109.638694583964,
27.));
#4418=CARTESIAN_POINT('',(11.9999999999855,-100.,26.9999999999854));
#4419=CARTESIAN_POINT('Origin',(0.,0.,27.));
#4420=CARTESIAN_POINT('Origin',(4.44089209850063E-15,-100.,15.));
#4421=CARTESIAN_POINT('Origin',(120.,15.,0.));
#4422=CARTESIAN_POINT('',(98.8685996664259,15.,0.));
#4423=CARTESIAN_POINT('',(97.,15.,0.));
#4424=CARTESIAN_POINT('',(98.8685996664259,15.,3.00000000000001));
#4425=CARTESIAN_POINT('Origin',(97.,-15.,0.));
#4426=CARTESIAN_POINT('',(98.8685996664259,-15.,0.));
#4427=CARTESIAN_POINT('',(98.8685996664259,-15.,3.00000000000001));
#4428=CARTESIAN_POINT('',(120.,-15.,0.));
#4429=CARTESIAN_POINT('Origin',(-15.,120.,0.));
#4430=CARTESIAN_POINT('',(-15.,98.8685996664259,0.));
#4431=CARTESIAN_POINT('',(-15.,97.,0.));
#4432=CARTESIAN_POINT('',(-15.,98.8685996664259,3.00000000000001));
#4433=CARTESIAN_POINT('Origin',(15.,97.,0.));
#4434=CARTESIAN_POINT('',(15.,98.8685996664259,0.));
#4435=CARTESIAN_POINT('',(15.,98.8685996664259,3.00000000000001));
#4436=CARTESIAN_POINT('',(15.,120.,0.));
#4437=CARTESIAN_POINT('Origin',(15.,-120.,0.));
#4438=CARTESIAN_POINT('',(15.,-98.8685996664259,0.));
#4439=CARTESIAN_POINT('',(15.,-97.,0.));
#4440=CARTESIAN_POINT('',(15.,-98.8685996664259,3.00000000000001));
#4441=CARTESIAN_POINT('Origin',(-15.,-97.,0.));
#4442=CARTESIAN_POINT('',(-15.,-98.8685996664259,0.));
#4443=CARTESIAN_POINT('',(-15.,-98.8685996664259,3.00000000000001));
#4444=CARTESIAN_POINT('',(-15.,-120.,0.));
#4445=CARTESIAN_POINT('Origin',(-97.,15.,0.));
#4446=CARTESIAN_POINT('',(-98.8685996664259,15.,0.));
#4447=CARTESIAN_POINT('',(-98.8685996664259,15.,3.00000000000001));
#4448=CARTESIAN_POINT('',(-120.,15.,0.));
#4449=CARTESIAN_POINT('Origin',(0.,0.,3.00000000000001));
#4450=CARTESIAN_POINT('',(-100.,-1.22464679914735E-14,46.));
#4451=CARTESIAN_POINT('Origin',(0.,0.,46.));
#4452=CARTESIAN_POINT('',(-100.,-1.22464679914735E-14,3.00000000000001));
#4453=CARTESIAN_POINT('Origin',(0.,0.,0.));
#4454=CARTESIAN_POINT('Origin',(0.,0.,0.));
#4455=CARTESIAN_POINT('Origin',(0.,0.,0.));
#4456=CARTESIAN_POINT('Origin',(0.,0.,0.));
#4457=CARTESIAN_POINT('Origin',(0.,0.,3.00000000000001));
#4458=CARTESIAN_POINT('',(97.,1.18790739517293E-14,46.));
#4459=CARTESIAN_POINT('Origin',(0.,0.,46.));
#4460=CARTESIAN_POINT('',(97.,1.18790739517293E-14,3.00000000000001));
#4461=CARTESIAN_POINT('',(97.,1.18790739517293E-14,3.00000000000001));
#4462=CARTESIAN_POINT('Origin',(0.,0.,3.00000000000001));
#4463=CARTESIAN_POINT('Origin',(0.,0.,46.));
#4464=CARTESIAN_POINT('Origin',(32.,-53.0000000000145,6.00000000001456));
#4465=CARTESIAN_POINT('',(27.,-71.9999999999854,6.00000000001456));
#4466=CARTESIAN_POINT('',(27.,-53.0000000000145,6.00000000001456));
#4467=CARTESIAN_POINT('',(27.,-51.5000000000073,6.00000000001456));
#4468=CARTESIAN_POINT('',(32.,-71.9999999999854,6.00000000001456));
#4469=CARTESIAN_POINT('',(32.,-71.9999999999854,6.00000000001456));
#4470=CARTESIAN_POINT('',(32.,-53.0000000000145,6.00000000001456));
#4471=CARTESIAN_POINT('',(32.,-51.5000000000073,6.00000000001456));
#4472=CARTESIAN_POINT('',(32.,-53.0000000000145,6.00000000001456));
#4473=CARTESIAN_POINT('Origin',(32.,-53.0000000000145,6.00000000001456));
#4474=CARTESIAN_POINT('',(-32.,-71.9999999999854,6.00000000001456));
#4475=CARTESIAN_POINT('',(-32.,-53.0000000000145,6.00000000001456));
#4476=CARTESIAN_POINT('',(-32.,-64.0000000000073,6.00000000001456));
#4477=CARTESIAN_POINT('',(-27.,-71.9999999999854,6.00000000001456));
#4478=CARTESIAN_POINT('',(32.,-71.9999999999854,6.00000000001456));
#4479=CARTESIAN_POINT('',(-27.,-53.0000000000145,6.00000000001456));
#4480=CARTESIAN_POINT('',(-27.,-64.0000000000073,6.00000000001456));
#4481=CARTESIAN_POINT('',(32.,-53.0000000000145,6.00000000001456));
#4482=CARTESIAN_POINT('Origin',(32.,-53.0000000000145,19.9999999999855));
#4483=CARTESIAN_POINT('',(27.,-53.0000000000145,19.9999999999855));
#4484=CARTESIAN_POINT('',(27.,-53.0000000000145,21.4999999999927));
#4485=CARTESIAN_POINT('',(32.,-53.0000000000145,19.9999999999855));
#4486=CARTESIAN_POINT('',(32.,-53.0000000000145,21.4999999999927));
#4487=CARTESIAN_POINT('',(32.,-53.0000000000145,19.9999999999855));
#4488=CARTESIAN_POINT('Origin',(32.,-53.0000000000145,19.9999999999855));
#4489=CARTESIAN_POINT('',(-32.,-53.0000000000145,19.9999999999855));
#4490=CARTESIAN_POINT('',(-32.,-53.0000000000145,21.4999999999927));
#4491=CARTESIAN_POINT('',(-27.,-53.0000000000145,19.9999999999855));
#4492=CARTESIAN_POINT('',(-27.,-53.0000000000145,21.4999999999927));
#4493=CARTESIAN_POINT('',(32.,-53.0000000000145,19.9999999999855));
#4494=CARTESIAN_POINT('Origin',(32.,-71.9999999999854,6.00000000001456));
#4495=CARTESIAN_POINT('',(27.,-71.9999999999854,19.9999999999855));
#4496=CARTESIAN_POINT('',(27.,-71.9999999999854,14.5000000000073));
#4497=CARTESIAN_POINT('',(32.,-71.9999999999854,19.9999999999855));
#4498=CARTESIAN_POINT('',(32.,-71.9999999999854,19.9999999999855));
#4499=CARTESIAN_POINT('',(32.,-71.9999999999854,14.5000000000073));
#4500=CARTESIAN_POINT('Origin',(32.,-71.9999999999854,19.9999999999855));
#4501=CARTESIAN_POINT('',(27.,-60.9999999999927,19.9999999999855));
#4502=CARTESIAN_POINT('',(32.,-60.9999999999927,19.9999999999855));
#4503=CARTESIAN_POINT('Origin',(32.,-71.9999999999854,19.9999999999855));
#4504=CARTESIAN_POINT('',(-32.,-71.9999999999854,19.9999999999855));
#4505=CARTESIAN_POINT('',(-32.,-73.4999999999927,19.9999999999855));
#4506=CARTESIAN_POINT('',(-27.,-71.9999999999854,19.9999999999855));
#4507=CARTESIAN_POINT('',(-27.,-73.4999999999927,19.9999999999855));
#4508=CARTESIAN_POINT('',(32.,-71.9999999999854,19.9999999999855));
#4509=CARTESIAN_POINT('Origin',(32.,-71.9999999999854,6.00000000001456));
#4510=CARTESIAN_POINT('',(-32.,-71.9999999999854,14.5000000000073));
#4511=CARTESIAN_POINT('',(-27.,-71.9999999999854,14.5000000000073));
#4512=CARTESIAN_POINT('Origin',(-32.,-75.,23.));
#4513=CARTESIAN_POINT('',(-32.,-50.,23.));
#4514=CARTESIAN_POINT('',(-32.,-75.,23.));
#4515=CARTESIAN_POINT('',(-32.,-50.,23.));
#4516=CARTESIAN_POINT('',(-32.,-50.,3.00000000000001));
#4517=CARTESIAN_POINT('',(-32.,-50.,23.));
#4518=CARTESIAN_POINT('',(-32.,-75.,3.00000000000001));
#4519=CARTESIAN_POINT('',(-32.,-37.5,3.00000000000001));
#4520=CARTESIAN_POINT('',(-32.,-75.,23.));
#4521=CARTESIAN_POINT('Origin',(32.,-50.,23.));
#4522=CARTESIAN_POINT('',(32.,-75.,23.));
#4523=CARTESIAN_POINT('',(32.,-50.,23.));
#4524=CARTESIAN_POINT('',(32.,-75.,23.));
#4525=CARTESIAN_POINT('',(32.,-75.,3.00000000000001));
#4526=CARTESIAN_POINT('',(32.,-75.,23.));
#4527=CARTESIAN_POINT('',(32.,-50.,3.00000000000001));
#4528=CARTESIAN_POINT('',(32.,-25.,3.00000000000001));
#4529=CARTESIAN_POINT('',(32.,-50.,23.));
#4530=CARTESIAN_POINT('Origin',(0.,0.,3.00000000000001));
#4531=CARTESIAN_POINT('',(-42.5,-5.20474889637625E-15,3.00000000000001));
#4532=CARTESIAN_POINT('Origin',(0.,0.,3.00000000000001));
#4533=CARTESIAN_POINT('',(-23.5,76.,3.00000000000001));
#4534=CARTESIAN_POINT('',(-23.5,50.,3.00000000000001));
#4535=CARTESIAN_POINT('',(-23.5,25.,3.00000000000001));
#4536=CARTESIAN_POINT('',(-28.5,50.,3.00000000000001));
#4537=CARTESIAN_POINT('',(-14.25,50.,3.00000000000001));
#4538=CARTESIAN_POINT('',(-28.5,76.,3.00000000000001));
#4539=CARTESIAN_POINT('',(-28.5,38.,3.00000000000001));
#4540=CARTESIAN_POINT('',(-11.75,76.,3.00000000000001));
#4541=CARTESIAN_POINT('',(23.5,50.,3.00000000000001));
#4542=CARTESIAN_POINT('',(23.5,76.,3.00000000000001));
#4543=CARTESIAN_POINT('',(23.5,38.,3.00000000000001));
#4544=CARTESIAN_POINT('',(28.5,76.,3.00000000000001));
#4545=CARTESIAN_POINT('',(14.25,76.,3.00000000000001));
#4546=CARTESIAN_POINT('',(28.5,50.,3.00000000000001));
#4547=CARTESIAN_POINT('',(28.5,25.,3.00000000000001));
#4548=CARTESIAN_POINT('',(11.75,50.,3.00000000000001));
#4549=CARTESIAN_POINT('',(27.,-50.,3.00000000000001));
#4550=CARTESIAN_POINT('',(15.5,-50.,3.00000000000001));
#4551=CARTESIAN_POINT('',(27.,-75.,3.00000000000001));
#4552=CARTESIAN_POINT('',(-15.5,-75.,3.00000000000001));
#4553=CARTESIAN_POINT('',(27.,-75.,3.00000000000001));
#4554=CARTESIAN_POINT('',(-27.,-50.,3.00000000000001));
#4555=CARTESIAN_POINT('',(-16.,-50.,3.00000000000001));
#4556=CARTESIAN_POINT('',(-27.,-75.,3.00000000000001));
#4557=CARTESIAN_POINT('',(-27.,-50.,3.00000000000001));
#4558=CARTESIAN_POINT('',(-15.5,-75.,3.00000000000001));
#4559=CARTESIAN_POINT('Origin',(27.,-50.,23.));
#4560=CARTESIAN_POINT('',(27.,-50.,23.));
#4561=CARTESIAN_POINT('',(27.,-75.,23.));
#4562=CARTESIAN_POINT('',(27.,-56.25,23.));
#4563=CARTESIAN_POINT('',(27.,-50.,13.));
#4564=CARTESIAN_POINT('',(27.,-75.,13.));
#4565=CARTESIAN_POINT('Origin',(-27.,-75.,23.));
#4566=CARTESIAN_POINT('',(-27.,-75.,23.));
#4567=CARTESIAN_POINT('',(-27.,-50.,23.));
#4568=CARTESIAN_POINT('',(-27.,-68.75,23.));
#4569=CARTESIAN_POINT('',(-27.,-75.,13.));
#4570=CARTESIAN_POINT('',(-27.,-50.,13.));
#4571=CARTESIAN_POINT('Origin',(-31.,-75.,3.00000000000001));
#4572=CARTESIAN_POINT('',(-31.,-75.,23.));
#4573=CARTESIAN_POINT('Origin',(-31.,-75.,3.00000000000001));
#4574=CARTESIAN_POINT('',(-32.,-75.,23.));
#4575=CARTESIAN_POINT('Origin',(1.33226762955019E-14,-62.5,23.));
#4576=CARTESIAN_POINT('',(32.,-50.,23.));
#4577=CARTESIAN_POINT('',(28.5,-73.5,23.));
#4578=CARTESIAN_POINT('Origin',(29.5,-73.5,23.));
#4579=CARTESIAN_POINT('',(28.5,-51.5,23.));
#4580=CARTESIAN_POINT('Origin',(29.5,-51.5,23.));
#4581=CARTESIAN_POINT('Origin',(1.33226762955019E-14,-62.5,23.));
#4582=CARTESIAN_POINT('',(31.,-50.,23.));
#4583=CARTESIAN_POINT('',(-30.5,-73.5,23.));
#4584=CARTESIAN_POINT('Origin',(-29.5,-73.5,23.));
#4585=CARTESIAN_POINT('',(-30.5,-51.5,23.));
#4586=CARTESIAN_POINT('Origin',(-29.5,-51.5,23.));
#4587=CARTESIAN_POINT('Origin',(31.,-50.,3.00000000000001));
#4588=CARTESIAN_POINT('Origin',(31.,-50.,3.00000000000001));
#4589=CARTESIAN_POINT('Origin',(29.5,-73.5,23.));
#4590=CARTESIAN_POINT('',(28.5,-73.5,18.));
#4591=CARTESIAN_POINT('',(28.5,-73.5,23.));
#4592=CARTESIAN_POINT('Origin',(29.5,-73.5,18.));
#4593=CARTESIAN_POINT('Origin',(29.5,-73.5,18.));
#4594=CARTESIAN_POINT('Origin',(-29.5,-51.5,23.));
#4595=CARTESIAN_POINT('',(-30.5,-51.5,18.));
#4596=CARTESIAN_POINT('',(-30.5,-51.5,23.));
#4597=CARTESIAN_POINT('Origin',(-29.5,-51.5,18.));
#4598=CARTESIAN_POINT('Origin',(-29.5,-51.5,18.));
#4599=CARTESIAN_POINT('Origin',(29.5,-51.5,23.));
#4600=CARTESIAN_POINT('',(28.5,-51.5,18.));
#4601=CARTESIAN_POINT('',(28.5,-51.5,23.));
#4602=CARTESIAN_POINT('Origin',(29.5,-51.5,18.));
#4603=CARTESIAN_POINT('Origin',(29.5,-51.5,18.));
#4604=CARTESIAN_POINT('Origin',(-29.5,-73.5,23.));
#4605=CARTESIAN_POINT('',(-30.5,-73.5,18.));
#4606=CARTESIAN_POINT('',(-30.5,-73.5,23.));
#4607=CARTESIAN_POINT('Origin',(-29.5,-73.5,18.));
#4608=CARTESIAN_POINT('Origin',(-29.5,-73.5,18.));
#4609=CARTESIAN_POINT('Origin',(28.5,73.0000000000146,19.9999999999855));
#4610=CARTESIAN_POINT('',(-23.5,73.0000000000146,19.9999999999855));
#4611=CARTESIAN_POINT('',(-23.5,73.0000000000146,6.00000000001456));
#4612=CARTESIAN_POINT('',(-23.5,73.0000000000146,11.4999999999927));
#4613=CARTESIAN_POINT('',(-28.5,73.0000000000146,19.9999999999855));
#4614=CARTESIAN_POINT('',(28.5,73.0000000000146,19.9999999999855));
#4615=CARTESIAN_POINT('',(-28.5,73.0000000000146,6.00000000001456));
#4616=CARTESIAN_POINT('',(-28.5,73.0000000000146,11.4999999999927));
#4617=CARTESIAN_POINT('',(28.5,73.0000000000146,6.00000000001456));
#4618=CARTESIAN_POINT('Origin',(28.5,73.0000000000146,19.9999999999855));
#4619=CARTESIAN_POINT('',(23.5,73.0000000000146,6.00000000001456));
#4620=CARTESIAN_POINT('',(23.5,73.0000000000146,19.9999999999855));
#4621=CARTESIAN_POINT('',(23.5,73.0000000000146,11.4999999999927));
#4622=CARTESIAN_POINT('',(28.5,73.0000000000146,6.00000000001456));
#4623=CARTESIAN_POINT('',(28.5,73.0000000000146,6.00000000001456));
#4624=CARTESIAN_POINT('',(28.5,73.0000000000146,19.9999999999855));
#4625=CARTESIAN_POINT('',(28.5,73.0000000000146,11.4999999999927));
#4626=CARTESIAN_POINT('',(28.5,73.0000000000146,19.9999999999855));
#4627=CARTESIAN_POINT('Origin',(28.5,73.0000000000146,6.00000000001456));
#4628=CARTESIAN_POINT('',(-23.5,53.0000000000146,6.00000000001456));
#4629=CARTESIAN_POINT('',(-23.5,61.5000000000073,6.00000000001456));
#4630=CARTESIAN_POINT('',(-28.5,53.0000000000146,6.00000000001456));
#4631=CARTESIAN_POINT('',(-28.5,74.5000000000073,6.00000000001456));
#4632=CARTESIAN_POINT('',(28.5,53.0000000000146,6.00000000001456));
#4633=CARTESIAN_POINT('Origin',(28.5,53.0000000000146,19.9999999999855));
#4634=CARTESIAN_POINT('',(-23.5,53.0000000000146,19.9999999999855));
#4635=CARTESIAN_POINT('',(-23.5,51.5000000000073,19.9999999999855));
#4636=CARTESIAN_POINT('',(-28.5,53.0000000000146,19.9999999999855));
#4637=CARTESIAN_POINT('',(28.5,53.0000000000146,19.9999999999855));
#4638=CARTESIAN_POINT('',(-28.5,64.5000000000073,19.9999999999855));
#4639=CARTESIAN_POINT('Origin',(28.5,53.0000000000146,19.9999999999855));
#4640=CARTESIAN_POINT('',(23.5,53.0000000000146,19.9999999999855));
#4641=CARTESIAN_POINT('',(23.5,64.5000000000073,19.9999999999855));
#4642=CARTESIAN_POINT('',(28.5,53.0000000000146,19.9999999999855));
#4643=CARTESIAN_POINT('',(28.5,51.5000000000073,19.9999999999855));
#4644=CARTESIAN_POINT('',(28.5,53.0000000000146,19.9999999999855));
#4645=CARTESIAN_POINT('Origin',(28.5,53.0000000000146,6.00000000001456));
#4646=CARTESIAN_POINT('',(-23.5,53.0000000000146,4.50000000000728));
#4647=CARTESIAN_POINT('',(-28.5,53.0000000000146,4.50000000000728));
#4648=CARTESIAN_POINT('Origin',(28.5,53.0000000000146,6.00000000001456));
#4649=CARTESIAN_POINT('',(23.5,53.0000000000146,6.00000000001456));
#4650=CARTESIAN_POINT('',(23.5,53.0000000000146,4.50000000000728));
#4651=CARTESIAN_POINT('',(28.5,53.0000000000146,6.00000000001456));
#4652=CARTESIAN_POINT('',(28.5,53.0000000000146,4.50000000000728));
#4653=CARTESIAN_POINT('',(28.5,53.0000000000146,6.00000000001456));
#4654=CARTESIAN_POINT('Origin',(28.5,73.0000000000146,6.00000000001456));
#4655=CARTESIAN_POINT('',(23.5,74.5000000000073,6.00000000001456));
#4656=CARTESIAN_POINT('',(28.5,61.5000000000073,6.00000000001456));
#4657=CARTESIAN_POINT('Origin',(26.,74.5,23.));
#4658=CARTESIAN_POINT('',(25.,74.5,23.));
#4659=CARTESIAN_POINT('Origin',(26.,74.5,23.));
#4660=CARTESIAN_POINT('',(25.,74.5,18.));
#4661=CARTESIAN_POINT('',(25.,74.5,23.));
#4662=CARTESIAN_POINT('Origin',(26.,74.5,18.));
#4663=CARTESIAN_POINT('Origin',(26.,74.5,18.));
#4664=CARTESIAN_POINT('Origin',(-26.,51.5,23.));
#4665=CARTESIAN_POINT('',(-27.,51.5,23.));
#4666=CARTESIAN_POINT('Origin',(-26.,51.5,23.));
#4667=CARTESIAN_POINT('',(-27.,51.5,18.));
#4668=CARTESIAN_POINT('',(-27.,51.5,23.));
#4669=CARTESIAN_POINT('Origin',(-26.,51.5,18.));
#4670=CARTESIAN_POINT('Origin',(-26.,51.5,18.));
#4671=CARTESIAN_POINT('Origin',(26.,51.5,23.));
#4672=CARTESIAN_POINT('',(25.,51.5,23.));
#4673=CARTESIAN_POINT('Origin',(26.,51.5,23.));
#4674=CARTESIAN_POINT('',(25.,51.5,18.));
#4675=CARTESIAN_POINT('',(25.,51.5,23.));
#4676=CARTESIAN_POINT('Origin',(26.,51.5,18.));
#4677=CARTESIAN_POINT('Origin',(26.,51.5,18.));
#4678=CARTESIAN_POINT('Origin',(-26.,74.5,23.));
#4679=CARTESIAN_POINT('',(-27.,74.5,23.));
#4680=CARTESIAN_POINT('Origin',(-26.,74.5,23.));
#4681=CARTESIAN_POINT('',(-27.,74.5,18.));
#4682=CARTESIAN_POINT('',(-27.,74.5,23.));
#4683=CARTESIAN_POINT('Origin',(-26.,74.5,18.));
#4684=CARTESIAN_POINT('Origin',(-26.,74.5,18.));
#4685=CARTESIAN_POINT('Origin',(23.5,76.,3.00000000000001));
#4686=CARTESIAN_POINT('',(23.5,50.,23.));
#4687=CARTESIAN_POINT('',(23.5,50.,3.00000000000001));
#4688=CARTESIAN_POINT('',(23.5,76.,23.));
#4689=CARTESIAN_POINT('',(23.5,76.,23.));
#4690=CARTESIAN_POINT('',(23.5,76.,3.00000000000001));
#4691=CARTESIAN_POINT('Origin',(28.5,76.,3.00000000000001));
#4692=CARTESIAN_POINT('',(28.5,76.,23.));
#4693=CARTESIAN_POINT('',(28.5,76.,23.));
#4694=CARTESIAN_POINT('',(28.5,76.,3.00000000000001));
#4695=CARTESIAN_POINT('Origin',(28.5,50.,3.00000000000001));
#4696=CARTESIAN_POINT('',(28.5,50.,23.));
#4697=CARTESIAN_POINT('',(28.5,50.,23.));
#4698=CARTESIAN_POINT('',(28.5,50.,3.00000000000001));
#4699=CARTESIAN_POINT('Origin',(23.5,50.,3.00000000000001));
#4700=CARTESIAN_POINT('',(-27.5,50.,23.));
#4701=CARTESIAN_POINT('Origin',(26.,63.,23.));
#4702=CARTESIAN_POINT('Origin',(-23.5,50.,3.00000000000001));
#4703=CARTESIAN_POINT('',(-23.5,76.,23.));
#4704=CARTESIAN_POINT('',(-23.5,76.,3.00000000000001));
#4705=CARTESIAN_POINT('',(-23.5,50.,23.));
#4706=CARTESIAN_POINT('',(-23.5,50.,23.));
#4707=CARTESIAN_POINT('',(-23.5,50.,3.00000000000001));
#4708=CARTESIAN_POINT('Origin',(-28.5,50.,3.00000000000001));
#4709=CARTESIAN_POINT('',(-28.5,50.,23.));
#4710=CARTESIAN_POINT('',(-28.5,50.,23.));
#4711=CARTESIAN_POINT('',(-28.5,50.,3.00000000000001));
#4712=CARTESIAN_POINT('Origin',(-28.5,76.,3.00000000000001));
#4713=CARTESIAN_POINT('',(-28.5,76.,23.));
#4714=CARTESIAN_POINT('',(-28.5,76.,23.));
#4715=CARTESIAN_POINT('',(-28.5,76.,3.00000000000001));
#4716=CARTESIAN_POINT('Origin',(-23.5,76.,3.00000000000001));
#4717=CARTESIAN_POINT('',(27.5,76.,23.));
#4718=CARTESIAN_POINT('Origin',(-26.,63.,23.));
#4719=CARTESIAN_POINT('Origin',(0.,0.,3.00000000000001));
#4720=CARTESIAN_POINT('',(37.2994638031165,13.,46.));
#4721=CARTESIAN_POINT('',(37.2994638031165,13.,3.00000000000001));
#4722=CARTESIAN_POINT('',(37.2994638031165,13.,3.00000000000001));
#4723=CARTESIAN_POINT('',(37.2994638031165,-13.,46.));
#4724=CARTESIAN_POINT('Origin',(0.,0.,46.));
#4725=CARTESIAN_POINT('',(37.2994638031165,-13.,3.00000000000001));
#4726=CARTESIAN_POINT('',(37.2994638031165,-13.,3.00000000000001));
#4727=CARTESIAN_POINT('Origin',(0.,0.,3.00000000000001));
#4728=CARTESIAN_POINT('Origin',(0.,0.,3.00000000000001));
#4729=CARTESIAN_POINT('',(-42.5,-5.20474889637625E-15,46.));
#4730=CARTESIAN_POINT('Origin',(0.,0.,46.));
#4731=CARTESIAN_POINT('',(-42.5,-5.20474889637625E-15,3.00000000000001));
#4732=CARTESIAN_POINT('Origin',(40.,13.,46.));
#4733=CARTESIAN_POINT('',(-20.,13.,3.00000000000001));
#4734=CARTESIAN_POINT('',(-20.,13.,3.00000000000001));
#4735=CARTESIAN_POINT('',(-20.,13.,46.));
#4736=CARTESIAN_POINT('',(-20.,13.,46.));
#4737=CARTESIAN_POINT('',(20.,13.,46.));
#4738=CARTESIAN_POINT('Origin',(0.,0.,3.00000000000001));
#4739=CARTESIAN_POINT('',(-20.,-13.,3.00000000000001));
#4740=CARTESIAN_POINT('',(40.,-13.,3.00000000000001));
#4741=CARTESIAN_POINT('',(-20.,-13.,3.00000000000001));
#4742=CARTESIAN_POINT('Origin',(-20.,-13.,46.));
#4743=CARTESIAN_POINT('',(-20.,-13.,46.));
#4744=CARTESIAN_POINT('',(-10.,-13.,46.));
#4745=CARTESIAN_POINT('',(-20.,-13.,46.));
#4746=CARTESIAN_POINT('Origin',(-20.,13.,46.));
#4747=CARTESIAN_POINT('',(-20.,6.5,46.));
#4748=CARTESIAN_POINT('Origin',(35.,5.,34.5));
#4749=CARTESIAN_POINT('',(33.5,5.,34.5));
#4750=CARTESIAN_POINT('Origin',(35.,5.,34.5));
#4751=CARTESIAN_POINT('',(33.5,5.,22.5));
#4752=CARTESIAN_POINT('',(33.5,5.,34.5));
#4753=CARTESIAN_POINT('Origin',(35.,5.,22.5));
#4754=CARTESIAN_POINT('Origin',(35.,5.,22.5));
#4755=CARTESIAN_POINT('Origin',(-15.,-5.,34.5));
#4756=CARTESIAN_POINT('',(-16.5,-5.,34.5));
#4757=CARTESIAN_POINT('Origin',(-15.,-5.,34.5));
#4758=CARTESIAN_POINT('',(-16.5,-5.,22.5));
#4759=CARTESIAN_POINT('',(-16.5,-5.,34.5));
#4760=CARTESIAN_POINT('Origin',(-15.,-5.,22.5));
#4761=CARTESIAN_POINT('Origin',(-15.,-5.,22.5));
#4762=CARTESIAN_POINT('Origin',(35.,-5.,34.5));
#4763=CARTESIAN_POINT('',(33.5,-5.,34.5));
#4764=CARTESIAN_POINT('Origin',(35.,-5.,34.5));
#4765=CARTESIAN_POINT('',(33.5,-5.,22.5));
#4766=CARTESIAN_POINT('',(33.5,-5.,34.5));
#4767=CARTESIAN_POINT('Origin',(35.,-5.,22.5));
#4768=CARTESIAN_POINT('Origin',(35.,-5.,22.5));
#4769=CARTESIAN_POINT('Origin',(-15.,5.,34.5));
#4770=CARTESIAN_POINT('',(-16.5,5.,34.5));
#4771=CARTESIAN_POINT('Origin',(-15.,5.,34.5));
#4772=CARTESIAN_POINT('',(-16.5,5.,22.5));
#4773=CARTESIAN_POINT('',(-16.5,5.,34.5));
#4774=CARTESIAN_POINT('Origin',(-15.,5.,22.5));
#4775=CARTESIAN_POINT('Origin',(-15.,5.,22.5));
#4776=CARTESIAN_POINT('Origin',(37.,10.,46.));
#4777=CARTESIAN_POINT('',(37.,10.,46.));
#4778=CARTESIAN_POINT('',(37.,-10.,46.));
#4779=CARTESIAN_POINT('',(37.,5.,46.));
#4780=CARTESIAN_POINT('',(37.,10.,34.5));
#4781=CARTESIAN_POINT('',(37.,10.,46.));
#4782=CARTESIAN_POINT('',(37.,-10.,34.5));
#4783=CARTESIAN_POINT('',(37.,-10.,34.5));
#4784=CARTESIAN_POINT('',(37.,-10.,46.));
#4785=CARTESIAN_POINT('Origin',(33.5,2.22044604925031E-15,34.5));
#4786=CARTESIAN_POINT('',(30.,-10.,34.5));
#4787=CARTESIAN_POINT('',(30.,10.,34.5));
#4788=CARTESIAN_POINT('',(30.,5.,34.5));
#4789=CARTESIAN_POINT('',(30.,-10.,34.5));
#4790=CARTESIAN_POINT('',(37.,10.,34.5));
#4791=CARTESIAN_POINT('Origin',(-17.,-10.,46.));
#4792=CARTESIAN_POINT('',(-17.,-10.,46.));
#4793=CARTESIAN_POINT('',(-17.,10.,46.));
#4794=CARTESIAN_POINT('',(-17.,-5.,46.));
#4795=CARTESIAN_POINT('',(-17.,-10.,34.5));
#4796=CARTESIAN_POINT('',(-17.,-10.,46.));
#4797=CARTESIAN_POINT('',(-17.,10.,34.5));
#4798=CARTESIAN_POINT('',(-17.,10.,34.5));
#4799=CARTESIAN_POINT('',(-17.,10.,46.));
#4800=CARTESIAN_POINT('Origin',(-13.5,0.,34.5));
#4801=CARTESIAN_POINT('',(-10.,-10.,34.5));
#4802=CARTESIAN_POINT('',(-17.,-10.,34.5));
#4803=CARTESIAN_POINT('',(-10.,10.,34.5));
#4804=CARTESIAN_POINT('',(-10.,-5.,34.5));
#4805=CARTESIAN_POINT('',(-10.,10.,34.5));
#4806=CARTESIAN_POINT('Origin',(30.,10.,46.));
#4807=CARTESIAN_POINT('',(30.,10.,1.3));
#4808=CARTESIAN_POINT('',(30.,10.,46.));
#4809=CARTESIAN_POINT('',(30.,-9.99999999999999,1.3));
#4810=CARTESIAN_POINT('',(30.,-9.99999999999999,1.3));
#4811=CARTESIAN_POINT('',(30.,-9.99999999999999,46.));
#4812=CARTESIAN_POINT('Origin',(-10.,-10.,46.));
#4813=CARTESIAN_POINT('',(-10.,-10.,1.3));
#4814=CARTESIAN_POINT('',(-10.,-10.,46.));
#4815=CARTESIAN_POINT('',(-10.,10.,1.3));
#4816=CARTESIAN_POINT('',(-10.,10.,1.3));
#4817=CARTESIAN_POINT('',(-10.,10.,46.));
#4818=CARTESIAN_POINT('Origin',(30.,-9.99999999999999,46.));
#4819=CARTESIAN_POINT('',(-5.,-10.,46.));
#4820=CARTESIAN_POINT('',(-17.,-10.,1.3));
#4821=CARTESIAN_POINT('Origin',(-10.,10.,46.));
#4822=CARTESIAN_POINT('',(15.,10.,46.));
#4823=CARTESIAN_POINT('',(37.,10.,1.3));
#4824=CARTESIAN_POINT('Origin',(10.,3.33066907387547E-15,1.3));
#4825=CARTESIAN_POINT('Origin',(0.,0.,46.));
#4826=CARTESIAN_POINT('Origin',(0.,0.,0.));
#4827=UNCERTAINTY_MEASURE_WITH_UNIT(LENGTH_MEASURE(0.01),#4831,
'DISTANCE_ACCURACY_VALUE',
'Maximum model space distance between geometric entities at asserted c
onnectivities');
#4828=UNCERTAINTY_MEASURE_WITH_UNIT(LENGTH_MEASURE(0.01),#4831,
'DISTANCE_ACCURACY_VALUE',
'Maximum model space distance between geometric entities at asserted c
onnectivities');
#4829=(
GEOMETRIC_REPRESENTATION_CONTEXT(3)
GLOBAL_UNCERTAINTY_ASSIGNED_CONTEXT((#4827))
GLOBAL_UNIT_ASSIGNED_CONTEXT((#4831,#4833,#4834))
REPRESENTATION_CONTEXT('','3D')
);
#4830=(
GEOMETRIC_REPRESENTATION_CONTEXT(3)
GLOBAL_UNCERTAINTY_ASSIGNED_CONTEXT((#4828))
GLOBAL_UNIT_ASSIGNED_CONTEXT((#4831,#4833,#4834))
REPRESENTATION_CONTEXT('','3D')
);
#4831=(
LENGTH_UNIT()
NAMED_UNIT(*)
SI_UNIT(.MILLI.,.METRE.)
);
#4832=(
LENGTH_UNIT()
NAMED_UNIT(*)
SI_UNIT(.CENTI.,.METRE.)
);
#4833=(
NAMED_UNIT(*)
PLANE_ANGLE_UNIT()
SI_UNIT($,.RADIAN.)
);
#4834=(
NAMED_UNIT(*)
SI_UNIT($,.STERADIAN.)
SOLID_ANGLE_UNIT()
);
#4835=SHAPE_DEFINITION_REPRESENTATION(#4836,#4837);
#4836=PRODUCT_DEFINITION_SHAPE('',$,#4839);
#4837=SHAPE_REPRESENTATION('',(#2884),#4829);
#4838=PRODUCT_DEFINITION_CONTEXT('part definition',#4843,'design');
#4839=PRODUCT_DEFINITION('b','b',#4840,#4838);
#4840=PRODUCT_DEFINITION_FORMATION('',$,#4845);
#4841=PRODUCT_RELATED_PRODUCT_CATEGORY('b','b',(#4845));
#4842=APPLICATION_PROTOCOL_DEFINITION('international standard',
'automotive_design',2009,#4843);
#4843=APPLICATION_CONTEXT(
'Core Data for Automotive Mechanical Design Process');
#4844=PRODUCT_CONTEXT('part definition',#4843,'mechanical');
#4845=PRODUCT('b','b',$,(#4844));
#4846=PRESENTATION_STYLE_ASSIGNMENT((#4847));
#4847=SURFACE_STYLE_USAGE(.BOTH.,#4850);
#4848=SURFACE_STYLE_RENDERING_WITH_PROPERTIES($,#4854,(#4849));
#4849=SURFACE_STYLE_TRANSPARENT(0.);
#4850=SURFACE_SIDE_STYLE('',(#4851,#4848));
#4851=SURFACE_STYLE_FILL_AREA(#4852);
#4852=FILL_AREA_STYLE('',(#4853));
#4853=FILL_AREA_STYLE_COLOUR('',#4854);
#4854=COLOUR_RGB('',0.92156862745098,0.92156862745098,0.92156862745098);
ENDSEC;
END-ISO-10303-21;
