ISO-10303-21;
HEADER;
/* Generated by software containing ST-Developer
 * from STEP Tools, Inc. (www.steptools.com) 
 */

FILE_DESCRIPTION(
/* description */ (''),
/* implementation_level */ '2;1');

FILE_NAME(
/* name */ 
'C:\\Users\\eyome\\OneDrive\\Documents\\Inventor\\N_IK\\arm6DOF\\eyo_6
DOF_arm\\\\l_1_ipt_9474164f.STEP',
/* time_stamp */ '2025-11-15T16:55:07+03:00',
/* author */ ('eyome'),
/* organization */ (''),
/* preprocessor_version */ 'ST-DEVELOPER v18.1',
/* originating_system */ 'Autodesk Inventor 2021',
/* authorisation */ '');

FILE_SCHEMA (('AUTOMOTIVE_DESIGN { 1 0 10303 214 3 1 1 }'));
ENDSEC;

DATA;
#10=MECHANICAL_DESIGN_GEOMETRIC_PRESENTATION_REPRESENTATION('',(#13),#3017);
#11=SHAPE_REPRESENTATION_RELATIONSHIP('SRR','None',#3024,#12);
#12=ADVANCED_BREP_SHAPE_REPRESENTATION('',(#14),#3016);
#13=STYLED_ITEM('',(#3033),#14);
#14=MANIFOLD_SOLID_BREP('Solid1',#1413);
#15=B_SPLINE_SURFACE_WITH_KNOTS('',3,3,((#2082,#2083,#2084,#2085,#2086,
#2087),(#2088,#2089,#2090,#2091,#2092,#2093),(#2094,#2095,#2096,#2097,#2098,
#2099),(#2100,#2101,#2102,#2103,#2104,#2105),(#2106,#2107,#2108,#2109,#2110,
#2111)),.UNSPECIFIED.,.F.,.F.,.F.,(4,1,4),(4,1,1,4),(0.,0.571428571428571,
1.),(-1.57079632679494,-0.897597901025702,-0.448798950512874,-4.617660887567E-14),
 .UNSPECIFIED.);
#16=B_SPLINE_SURFACE_WITH_KNOTS('',3,3,((#2119,#2120,#2121,#2122,#2123,
#2124),(#2125,#2126,#2127,#2128,#2129,#2130),(#2131,#2132,#2133,#2134,#2135,
#2136),(#2137,#2138,#2139,#2140,#2141,#2142),(#2143,#2144,#2145,#2146,#2147,
#2148)),.UNSPECIFIED.,.F.,.F.,.F.,(4,1,4),(4,1,1,4),(0.,0.571428571428571,
1.),(2.21449268479086E-14,0.44879895051285,0.897597901025677,1.57079632679492),
 .UNSPECIFIED.);
#17=B_SPLINE_SURFACE_WITH_KNOTS('',3,3,((#2156,#2157,#2158,#2159,#2160,
#2161,#2162,#2163,#2164,#2165,#2166,#2167,#2168,#2169,#2170,#2171,#2172),
(#2173,#2174,#2175,#2176,#2177,#2178,#2179,#2180,#2181,#2182,#2183,#2184,
#2185,#2186,#2187,#2188,#2189),(#2190,#2191,#2192,#2193,#2194,#2195,#2196,
#2197,#2198,#2199,#2200,#2201,#2202,#2203,#2204,#2205,#2206),(#2207,#2208,
#2209,#2210,#2211,#2212,#2213,#2214,#2215,#2216,#2217,#2218,#2219,#2220,
#2221,#2222,#2223),(#2224,#2225,#2226,#2227,#2228,#2229,#2230,#2231,#2232,
#2233,#2234,#2235,#2236,#2237,#2238,#2239,#2240)),.UNSPECIFIED.,.F.,.F.,
 .F.,(4,1,4),(4,1,1,1,1,1,1,1,1,1,1,1,1,1,4),(0.,0.571428571428571,1.),
(5.89043503949263E-15,0.873525561843018,1.45587593640503,1.60146353004553,
1.74705112368603,1.81984492050628,1.85624181891641,1.89263871732653,1.92903561573666,
1.96543251414678,2.00182941255691,2.02002786176197,2.0291270863645,2.03367669866577,
2.03822631096703),.UNSPECIFIED.);
#18=B_SPLINE_SURFACE_WITH_KNOTS('',3,3,((#2264,#2265,#2266,#2267,#2268,
#2269,#2270,#2271,#2272,#2273,#2274,#2275,#2276),(#2277,#2278,#2279,#2280,
#2281,#2282,#2283,#2284,#2285,#2286,#2287,#2288,#2289),(#2290,#2291,#2292,
#2293,#2294,#2295,#2296,#2297,#2298,#2299,#2300,#2301,#2302),(#2303,#2304,
#2305,#2306,#2307,#2308,#2309,#2310,#2311,#2312,#2313,#2314,#2315)),
 .UNSPECIFIED.,.F.,.F.,.F.,(4,4),(4,1,1,1,1,1,1,1,1,1,4),(0.,1.),(6.18226397487088,
6.18745483082809,6.19264568678531,6.20302739869974,6.22379082252859,6.26531767018631,
6.30684451784402,6.34837136550173,6.43142506081716,6.59753245144801,6.76363984207886),
 .UNSPECIFIED.);
#19=CYLINDRICAL_SURFACE('',#1446,100.);
#20=CYLINDRICAL_SURFACE('',#1448,2.);
#21=CYLINDRICAL_SURFACE('',#1453,2.);
#22=CYLINDRICAL_SURFACE('',#1457,2.);
#23=CYLINDRICAL_SURFACE('',#1460,2.);
#24=CYLINDRICAL_SURFACE('',#1462,2.);
#25=CYLINDRICAL_SURFACE('',#1468,2.);
#26=CYLINDRICAL_SURFACE('',#1481,50.);
#27=CYLINDRICAL_SURFACE('',#1483,123.43615489055);
#28=CYLINDRICAL_SURFACE('',#1485,30.);
#29=CYLINDRICAL_SURFACE('',#1488,30.);
#30=CYLINDRICAL_SURFACE('',#1491,2.);
#31=CYLINDRICAL_SURFACE('',#1496,2.);
#32=CYLINDRICAL_SURFACE('',#1512,0.98);
#33=CYLINDRICAL_SURFACE('',#1514,0.98);
#34=CYLINDRICAL_SURFACE('',#1515,0.98);
#35=CYLINDRICAL_SURFACE('',#1517,0.98);
#36=CYLINDRICAL_SURFACE('',#1518,0.98);
#37=CYLINDRICAL_SURFACE('',#1520,0.98);
#38=CYLINDRICAL_SURFACE('',#1521,0.98);
#39=CYLINDRICAL_SURFACE('',#1523,0.98);
#40=CYLINDRICAL_SURFACE('',#1524,1.5);
#41=CYLINDRICAL_SURFACE('',#1526,1.5);
#42=CYLINDRICAL_SURFACE('',#1527,10.5);
#43=CYLINDRICAL_SURFACE('',#1531,42.5);
#44=CYLINDRICAL_SURFACE('',#1534,45.5);
#45=CYLINDRICAL_SURFACE('',#1544,27.);
#46=CYLINDRICAL_SURFACE('',#1548,27.);
#47=CYLINDRICAL_SURFACE('',#1551,122.502152876794);
#48=CYLINDRICAL_SURFACE('',#1554,51.4502071853567);
#49=CYLINDRICAL_SURFACE('',#1559,1.5);
#50=CYLINDRICAL_SURFACE('',#1561,1.5);
#51=CYLINDRICAL_SURFACE('',#1563,1.5);
#52=CYLINDRICAL_SURFACE('',#1565,1.50000000000001);
#53=CYLINDRICAL_SURFACE('',#1573,10.5);
#54=FACE_BOUND('',#415,.T.);
#55=FACE_BOUND('',#416,.T.);
#56=FACE_BOUND('',#417,.T.);
#57=FACE_BOUND('',#418,.T.);
#58=FACE_BOUND('',#419,.T.);
#59=FACE_BOUND('',#420,.T.);
#60=FACE_BOUND('',#437,.T.);
#61=FACE_BOUND('',#438,.T.);
#62=FACE_BOUND('',#439,.T.);
#63=FACE_BOUND('',#440,.T.);
#64=FACE_BOUND('',#441,.T.);
#65=FACE_BOUND('',#454,.T.);
#66=FACE_BOUND('',#455,.T.);
#67=FACE_BOUND('',#456,.T.);
#68=FACE_BOUND('',#457,.T.);
#69=FACE_BOUND('',#458,.T.);
#70=FACE_BOUND('',#471,.T.);
#71=FACE_BOUND('',#472,.T.);
#72=FACE_BOUND('',#473,.T.);
#73=FACE_BOUND('',#474,.T.);
#74=FACE_BOUND('',#475,.T.);
#75=FACE_BOUND('',#479,.T.);
#76=FACE_BOUND('',#481,.T.);
#77=FACE_BOUND('',#492,.T.);
#78=FACE_BOUND('',#493,.T.);
#79=FACE_BOUND('',#494,.T.);
#80=FACE_BOUND('',#495,.T.);
#81=FACE_BOUND('',#496,.T.);
#82=FACE_BOUND('',#498,.T.);
#83=FACE_BOUND('',#514,.T.);
#84=FACE_BOUND('',#515,.T.);
#85=FACE_BOUND('',#521,.T.);
#86=FACE_BOUND('',#522,.T.);
#87=FACE_BOUND('',#524,.T.);
#88=FACE_BOUND('',#526,.T.);
#89=ELLIPSE('',#1439,4.01358326076858,4.);
#90=ELLIPSE('',#1440,4.01358326076858,4.);
#91=ELLIPSE('',#1450,2.00679163038429,2.);
#92=ELLIPSE('',#1452,2.0270299926547,2.);
#93=ELLIPSE('',#1456,2.0270299926547,2.);
#94=B_SPLINE_CURVE_WITH_KNOTS('',3,(#2017,#2018,#2019,#2020,#2021,#2022,
#2023,#2024,#2025,#2026,#2027,#2028),.UNSPECIFIED.,.F.,.F.,(4,1,1,1,1,1,
1,1,1,4),(6.18226397487088,6.18745483082809,6.19264568678531,6.20302739869974,
6.22379082252859,6.26531767018631,6.30684451784402,6.34837136550173,6.43142506081716,
6.49913256256992),.UNSPECIFIED.);
#95=B_SPLINE_CURVE_WITH_KNOTS('',3,(#2032,#2033,#2034,#2035,#2036,#2037,
#2038,#2039,#2040,#2041,#2042,#2043,#2044,#2045,#2046,#2047,#2048),
 .UNSPECIFIED.,.F.,.F.,(4,1,1,1,1,1,1,1,1,1,1,1,1,1,4),(5.89043503949263E-15,
0.873525561843018,1.45587593640503,1.60146353004553,1.74705112368603,1.81984492050628,
1.85624181891641,1.89263871732653,1.92903561573666,1.96543251414678,2.00182941255691,
2.02002786176197,2.0291270863645,2.03367669866577,2.03822631096703),
 .UNSPECIFIED.);
#96=B_SPLINE_CURVE_WITH_KNOTS('',3,(#2243,#2244,#2245,#2246,#2247,#2248,
#2249,#2250,#2251,#2252,#2253,#2254,#2255,#2256,#2257,#2258,#2259),
 .UNSPECIFIED.,.F.,.F.,(4,1,1,1,1,1,1,1,1,1,1,1,1,1,4),(-2.03822631096703,
-2.03367669866577,-2.0291270863645,-2.02002786176197,-2.00182941255691,
-1.96543251414678,-1.92903561573666,-1.89263871732653,-1.85624181891641,
-1.81984492050628,-1.74705112368603,-1.60146353004553,-1.45587593640503,
-0.873525561843018,-5.89043503949263E-15),.UNSPECIFIED.);
#97=B_SPLINE_CURVE_WITH_KNOTS('',3,(#2317,#2318,#2319,#2320,#2321,#2322,
#2323,#2324,#2325,#2326,#2327,#2328,#2329,#2330,#2331,#2332),
 .UNSPECIFIED.,.F.,.F.,(4,2,2,2,2,2,2,4),(0.,0.00156707943418298,0.00311101073909895,
0.00623722527374516,0.011049222350099,0.0214739823313932,0.0498334958630114,
0.106777107694434),.UNSPECIFIED.);
#98=B_SPLINE_CURVE_WITH_KNOTS('',3,(#2333,#2334,#2335,#2336,#2337,#2338,
#2339,#2340,#2341,#2342,#2343,#2344,#2345),.UNSPECIFIED.,.F.,.F.,(4,1,1,
1,1,1,1,1,1,1,4),(-6.76363984207886,-6.59753245144801,-6.43142506081716,
-6.34837136550173,-6.30684451784402,-6.26531767018631,-6.22379082252859,
-6.20302739869974,-6.19264568678531,-6.18745483082809,-6.18226397487088),
 .UNSPECIFIED.);
#99=B_SPLINE_CURVE_WITH_KNOTS('',3,(#2378,#2379,#2380,#2381,#2382,#2383,
#2384,#2385,#2386,#2387),.UNSPECIFIED.,.F.,.F.,(4,2,2,2,4),(10.9473279986141,
11.5769682031296,15.1520447012962,18.7192191262573,20.6877997184256),
 .UNSPECIFIED.);
#100=B_SPLINE_CURVE_WITH_KNOTS('',3,(#2395,#2396,#2397,#2398,#2399,#2400,
#2401,#2402,#2403,#2404,#2405,#2406,#2407,#2408,#2409,#2410,#2411,#2412,
#2413,#2414,#2415,#2416,#2417,#2418,#2419,#2420,#2421,#2422,#2423,#2424,
#2425,#2426,#2427,#2428),.UNSPECIFIED.,.T.,.F.,(4,2,2,2,2,2,2,2,2,2,2,2,
2,2,2,2,4),(0.,0.0560740937795453,0.112148187559091,0.177345530648146,0.242542873737201,
0.30877326880031,0.375003663863418,0.431214179459355,0.487424695055292,
0.543635210651229,0.599845726247165,0.666076121310274,0.732306516373383,
0.797503859462438,0.862701202551493,0.918775296331038,0.974849390110584),
 .UNSPECIFIED.);
#101=B_SPLINE_CURVE_WITH_KNOTS('',3,(#2430,#2431,#2432,#2433,#2434,#2435,
#2436,#2437,#2438,#2439,#2440,#2441,#2442,#2443,#2444,#2445,#2446,#2447,
#2448,#2449,#2450,#2451,#2452,#2453,#2454,#2455,#2456,#2457,#2458,#2459,
#2460,#2461,#2462,#2463),.UNSPECIFIED.,.T.,.F.,(4,2,2,2,2,2,2,2,2,2,2,2,
2,2,2,2,4),(0.,0.0367488189178954,0.0734976378357909,0.113688305578986,
0.153878973322181,0.194358054406892,0.234837135491604,0.271620187092491,
0.308403238693378,0.345186290294265,0.381969341895153,0.422448422979864,
0.462927504064576,0.503118171807771,0.543308839550966,0.580057658468861,
0.616806477386756),.UNSPECIFIED.);
#102=B_SPLINE_CURVE_WITH_KNOTS('',3,(#2465,#2466,#2467,#2468,#2469,#2470,
#2471,#2472,#2473,#2474,#2475,#2476,#2477,#2478,#2479,#2480,#2481,#2482,
#2483,#2484,#2485,#2486,#2487,#2488,#2489,#2490,#2491,#2492,#2493,#2494,
#2495,#2496,#2497,#2498),.UNSPECIFIED.,.T.,.F.,(4,2,2,2,2,2,2,2,2,2,2,2,
2,2,2,2,4),(0.,0.0367488189178954,0.0734976378357909,0.113688305578986,
0.153878973322181,0.194358054406892,0.234837135491604,0.271620187092491,
0.308403238693378,0.345186290294266,0.381969341895153,0.422448422979865,
0.462927504064576,0.503118171807771,0.543308839550966,0.580057658468862,
0.616806477386757),.UNSPECIFIED.);
#103=B_SPLINE_CURVE_WITH_KNOTS('',3,(#2500,#2501,#2502,#2503,#2504,#2505,
#2506,#2507,#2508,#2509,#2510,#2511,#2512,#2513,#2514,#2515,#2516,#2517,
#2518,#2519,#2520,#2521,#2522,#2523,#2524,#2525,#2526,#2527,#2528,#2529,
#2530,#2531,#2532,#2533),.UNSPECIFIED.,.T.,.F.,(4,2,2,2,2,2,2,2,2,2,2,2,
2,2,2,2,4),(0.,0.0365222983063525,0.0730445966127051,0.119621161938799,
0.166197727264892,0.21347068318138,0.260743639097867,0.297369861100211,
0.333996083102556,0.373222747725347,0.412449412348138,0.457153787985883,
0.501858163623628,0.546099117722239,0.59034007182085,0.629218813559311,
0.668097555297771),.UNSPECIFIED.);
#104=B_SPLINE_CURVE_WITH_KNOTS('',3,(#2535,#2536,#2537,#2538,#2539,#2540,
#2541,#2542,#2543,#2544,#2545,#2546,#2547,#2548,#2549,#2550,#2551,#2552,
#2553,#2554,#2555,#2556,#2557,#2558,#2559,#2560,#2561,#2562,#2563,#2564,
#2565,#2566,#2567,#2568),.UNSPECIFIED.,.T.,.F.,(4,2,2,2,2,2,2,2,2,2,2,2,
2,2,2,2,4),(0.,0.0365222983063522,0.0730445966127045,0.119621161938799,
0.166197727264893,0.21347068318138,0.260743639097868,0.297369861100212,
0.333996083102557,0.370622305104902,0.407248527107246,0.454521483023734,
0.501794438940221,0.548371004266315,0.59494756959241,0.631469867898762,
0.667992166205114),.UNSPECIFIED.);
#105=B_SPLINE_CURVE_WITH_KNOTS('',3,(#2627,#2628,#2629,#2630,#2631,#2632,
#2633,#2634,#2635,#2636,#2637,#2638,#2639,#2640,#2641,#2642,#2643,#2644),
 .UNSPECIFIED.,.F.,.F.,(4,2,2,2,2,2,2,2,4),(0.,0.0366529152770807,0.0733058305541614,
0.118784212586081,0.164262594618001,0.209175822710977,0.254089050803953,
0.290661773546972,0.327234496289991),.UNSPECIFIED.);
#106=B_SPLINE_CURVE_WITH_KNOTS('',3,(#2645,#2646,#2647,#2648,#2649,#2650,
#2651,#2652,#2653,#2654,#2655,#2656,#2657,#2658,#2659,#2660,#2661,#2662),
 .UNSPECIFIED.,.F.,.F.,(4,2,2,2,2,2,2,2,4),(0.327234496289991,0.36380721903301,
0.400379941776029,0.445293169869005,0.490206397961981,0.535684779993901,
0.58116316202582,0.617816077302901,0.654468992579982),.UNSPECIFIED.);
#107=B_SPLINE_CURVE_WITH_KNOTS('',3,(#2671,#2672,#2673,#2674,#2675,#2676,
#2677,#2678,#2679,#2680,#2681,#2682,#2683,#2684,#2685,#2686,#2687,#2688),
 .UNSPECIFIED.,.F.,.F.,(4,2,2,2,2,2,2,2,4),(0.,0.0366529152770809,0.0733058305541618,
0.118784212586081,0.164262594618001,0.209175822710977,0.254089050803952,
0.290661773546972,0.327234496289991),.UNSPECIFIED.);
#108=B_SPLINE_CURVE_WITH_KNOTS('',3,(#2689,#2690,#2691,#2692,#2693,#2694,
#2695,#2696,#2697,#2698,#2699,#2700,#2701,#2702,#2703,#2704,#2705,#2706),
 .UNSPECIFIED.,.F.,.F.,(4,2,2,2,2,2,2,2,4),(0.327234496289991,0.36380721903301,
0.40037994177603,0.445293169869005,0.490206397961981,0.535684779993901,
0.58116316202582,0.617816077302901,0.654468992579982),.UNSPECIFIED.);
#109=B_SPLINE_CURVE_WITH_KNOTS('',3,(#2715,#2716,#2717,#2718,#2719,#2720,
#2721,#2722,#2723,#2724,#2725,#2726,#2727,#2728,#2729,#2730,#2731,#2732),
 .UNSPECIFIED.,.F.,.F.,(4,2,2,2,2,2,2,2,4),(0.,0.0368047763014226,0.0736095526028451,
0.113437897251274,0.153266241899702,0.19285028214562,0.232434322391539,
0.269210918760984,0.30598751513043),.UNSPECIFIED.);
#110=B_SPLINE_CURVE_WITH_KNOTS('',3,(#2733,#2734,#2735,#2736,#2737,#2738,
#2739,#2740,#2741,#2742,#2743,#2744,#2745,#2746,#2747,#2748,#2749,#2750),
 .UNSPECIFIED.,.F.,.F.,(4,2,2,2,2,2,2,2,4),(0.30598751513043,0.342764111499875,
0.379540707869321,0.419124748115239,0.458708788361157,0.498537133009586,
0.538365477658014,0.575170253959437,0.611975030260859),.UNSPECIFIED.);
#111=B_SPLINE_CURVE_WITH_KNOTS('',3,(#2759,#2760,#2761,#2762,#2763,#2764,
#2765,#2766,#2767,#2768,#2769,#2770,#2771,#2772,#2773,#2774,#2775,#2776),
 .UNSPECIFIED.,.F.,.F.,(4,2,2,2,2,2,2,2,4),(0.,0.0368047763014223,0.0736095526028446,
0.113437897251273,0.153266241899702,0.19285028214562,0.232434322391538,
0.269210918760984,0.30598751513043),.UNSPECIFIED.);
#112=B_SPLINE_CURVE_WITH_KNOTS('',3,(#2777,#2778,#2779,#2780,#2781,#2782,
#2783,#2784,#2785,#2786,#2787,#2788,#2789,#2790,#2791,#2792,#2793,#2794),
 .UNSPECIFIED.,.F.,.F.,(4,2,2,2,2,2,2,2,4),(0.30598751513043,0.342764111499875,
0.379540707869321,0.419124748115239,0.458708788361157,0.498537133009586,
0.538365477658014,0.575170253959437,0.611975030260859),.UNSPECIFIED.);
#113=B_SPLINE_CURVE_WITH_KNOTS('',3,(#2803,#2804,#2805,#2806,#2807,#2808,
#2809,#2810,#2811,#2812,#2813,#2814,#2815,#2816,#2817,#2818,#2819,#2820),
 .UNSPECIFIED.,.F.,.F.,(4,2,2,2,2,2,2,2,4),(0.,0.0562471730206053,0.112494346041211,
0.177055523377355,0.241616700713498,0.305313762253253,0.369010823793007,
0.425148274609397,0.481285725425787),.UNSPECIFIED.);
#114=B_SPLINE_CURVE_WITH_KNOTS('',3,(#2821,#2822,#2823,#2824,#2825,#2826,
#2827,#2828,#2829,#2830,#2831,#2832,#2833,#2834,#2835,#2836,#2837,#2838),
 .UNSPECIFIED.,.F.,.F.,(4,2,2,2,2,2,2,2,4),(0.481285725425787,0.537423176242176,
0.593560627058566,0.65725768859832,0.720954750138075,0.785515927474219,
0.850077104810362,0.906324277830968,0.962571450851573),.UNSPECIFIED.);
#115=LINE('',#2015,#209);
#116=LINE('',#2030,#210);
#117=LINE('',#2050,#211);
#118=LINE('',#2054,#212);
#119=LINE('',#2058,#213);
#120=LINE('',#2060,#214);
#121=LINE('',#2061,#215);
#122=LINE('',#2075,#216);
#123=LINE('',#2080,#217);
#124=LINE('',#2118,#218);
#125=LINE('',#2155,#219);
#126=LINE('',#2263,#220);
#127=LINE('',#2348,#221);
#128=LINE('',#2351,#222);
#129=LINE('',#2362,#223);
#130=LINE('',#2363,#224);
#131=LINE('',#2392,#225);
#132=LINE('',#2571,#226);
#133=LINE('',#2575,#227);
#134=LINE('',#2579,#228);
#135=LINE('',#2580,#229);
#136=LINE('',#2583,#230);
#137=LINE('',#2586,#231);
#138=LINE('',#2589,#232);
#139=LINE('',#2598,#233);
#140=LINE('',#2623,#234);
#141=LINE('',#2663,#235);
#142=LINE('',#2667,#236);
#143=LINE('',#2707,#237);
#144=LINE('',#2711,#238);
#145=LINE('',#2751,#239);
#146=LINE('',#2755,#240);
#147=LINE('',#2795,#241);
#148=LINE('',#2799,#242);
#149=LINE('',#2839,#243);
#150=LINE('',#2844,#244);
#151=LINE('',#2851,#245);
#152=LINE('',#2857,#246);
#153=LINE('',#2864,#247);
#154=LINE('',#2866,#248);
#155=LINE('',#2868,#249);
#156=LINE('',#2869,#250);
#157=LINE('',#2872,#251);
#158=LINE('',#2874,#252);
#159=LINE('',#2875,#253);
#160=LINE('',#2878,#254);
#161=LINE('',#2880,#255);
#162=LINE('',#2881,#256);
#163=LINE('',#2883,#257);
#164=LINE('',#2884,#258);
#165=LINE('',#2887,#259);
#166=LINE('',#2889,#260);
#167=LINE('',#2890,#261);
#168=LINE('',#2895,#262);
#169=LINE('',#2899,#263);
#170=LINE('',#2901,#264);
#171=LINE('',#2902,#265);
#172=LINE('',#2907,#266);
#173=LINE('',#2913,#267);
#174=LINE('',#2923,#268);
#175=LINE('',#2927,#269);
#176=LINE('',#2931,#270);
#177=LINE('',#2935,#271);
#178=LINE('',#2939,#272);
#179=LINE('',#2944,#273);
#180=LINE('',#2949,#274);
#181=LINE('',#2953,#275);
#182=LINE('',#2960,#276);
#183=LINE('',#2961,#277);
#184=LINE('',#2964,#278);
#185=LINE('',#2966,#279);
#186=LINE('',#2967,#280);
#187=LINE('',#2971,#281);
#188=LINE('',#2972,#282);
#189=LINE('',#2973,#283);
#190=LINE('',#2977,#284);
#191=LINE('',#2979,#285);
#192=LINE('',#2980,#286);
#193=LINE('',#2981,#287);
#194=LINE('',#2983,#288);
#195=LINE('',#2986,#289);
#196=LINE('',#2988,#290);
#197=LINE('',#2989,#291);
#198=LINE('',#2993,#292);
#199=LINE('',#2994,#293);
#200=LINE('',#2995,#294);
#201=LINE('',#2998,#295);
#202=LINE('',#3000,#296);
#203=LINE('',#3001,#297);
#204=LINE('',#3004,#298);
#205=LINE('',#3006,#299);
#206=LINE('',#3007,#300);
#207=LINE('',#3009,#301);
#208=LINE('',#3010,#302);
#209=VECTOR('',#1605,10.);
#210=VECTOR('',#1606,10.);
#211=VECTOR('',#1607,10.);
#212=VECTOR('',#1610,10.);
#213=VECTOR('',#1613,10.);
#214=VECTOR('',#1614,10.);
#215=VECTOR('',#1615,10.);
#216=VECTOR('',#1630,100.);
#217=VECTOR('',#1635,10.);
#218=VECTOR('',#1646,10.);
#219=VECTOR('',#1655,10.);
#220=VECTOR('',#1662,10.);
#221=VECTOR('',#1665,10.);
#222=VECTOR('',#1668,10.);
#223=VECTOR('',#1681,10.);
#224=VECTOR('',#1682,10.);
#225=VECTOR('',#1707,10.);
#226=VECTOR('',#1712,10.);
#227=VECTOR('',#1717,10.);
#228=VECTOR('',#1722,10.);
#229=VECTOR('',#1723,10.);
#230=VECTOR('',#1726,10.);
#231=VECTOR('',#1731,10.);
#232=VECTOR('',#1734,10.);
#233=VECTOR('',#1747,10.);
#234=VECTOR('',#1780,0.98);
#235=VECTOR('',#1783,0.98);
#236=VECTOR('',#1788,0.98);
#237=VECTOR('',#1791,0.98);
#238=VECTOR('',#1796,0.98);
#239=VECTOR('',#1799,0.98);
#240=VECTOR('',#1804,0.98);
#241=VECTOR('',#1807,0.98);
#242=VECTOR('',#1812,1.5);
#243=VECTOR('',#1815,1.5);
#244=VECTOR('',#1820,10.5);
#245=VECTOR('',#1829,42.5);
#246=VECTOR('',#1836,45.5);
#247=VECTOR('',#1845,10.);
#248=VECTOR('',#1846,10.);
#249=VECTOR('',#1847,10.);
#250=VECTOR('',#1848,10.);
#251=VECTOR('',#1851,10.);
#252=VECTOR('',#1852,10.);
#253=VECTOR('',#1853,10.);
#254=VECTOR('',#1856,10.);
#255=VECTOR('',#1857,10.);
#256=VECTOR('',#1858,10.);
#257=VECTOR('',#1861,10.);
#258=VECTOR('',#1862,10.);
#259=VECTOR('',#1865,10.);
#260=VECTOR('',#1866,10.);
#261=VECTOR('',#1867,10.);
#262=VECTOR('',#1872,10.);
#263=VECTOR('',#1877,10.);
#264=VECTOR('',#1878,10.);
#265=VECTOR('',#1879,10.);
#266=VECTOR('',#1884,10.);
#267=VECTOR('',#1891,10.);
#268=VECTOR('',#1908,1.5);
#269=VECTOR('',#1913,1.5);
#270=VECTOR('',#1918,1.5);
#271=VECTOR('',#1923,1.50000000000001);
#272=VECTOR('',#1926,10.);
#273=VECTOR('',#1931,10.);
#274=VECTOR('',#1936,10.);
#275=VECTOR('',#1941,10.5);
#276=VECTOR('',#1952,10.);
#277=VECTOR('',#1953,10.);
#278=VECTOR('',#1956,10.);
#279=VECTOR('',#1957,10.);
#280=VECTOR('',#1958,10.);
#281=VECTOR('',#1961,10.);
#282=VECTOR('',#1962,10.);
#283=VECTOR('',#1963,10.);
#284=VECTOR('',#1966,10.);
#285=VECTOR('',#1967,10.);
#286=VECTOR('',#1968,10.);
#287=VECTOR('',#1969,10.);
#288=VECTOR('',#1972,10.);
#289=VECTOR('',#1975,10.);
#290=VECTOR('',#1976,10.);
#291=VECTOR('',#1977,10.);
#292=VECTOR('',#1980,10.);
#293=VECTOR('',#1981,10.);
#294=VECTOR('',#1982,10.);
#295=VECTOR('',#1985,10.);
#296=VECTOR('',#1986,10.);
#297=VECTOR('',#1987,10.);
#298=VECTOR('',#1990,10.);
#299=VECTOR('',#1991,10.);
#300=VECTOR('',#1992,10.);
#301=VECTOR('',#1995,10.);
#302=VECTOR('',#1996,10.);
#303=PLANE('',#1438);
#304=PLANE('',#1487);
#305=PLANE('',#1490);
#306=PLANE('',#1506);
#307=PLANE('',#1530);
#308=PLANE('',#1537);
#309=PLANE('',#1538);
#310=PLANE('',#1539);
#311=PLANE('',#1540);
#312=PLANE('',#1541);
#313=PLANE('',#1542);
#314=PLANE('',#1543);
#315=PLANE('',#1547);
#316=PLANE('',#1557);
#317=PLANE('',#1558);
#318=PLANE('',#1567);
#319=PLANE('',#1569);
#320=PLANE('',#1571);
#321=PLANE('',#1578);
#322=PLANE('',#1579);
#323=PLANE('',#1580);
#324=PLANE('',#1581);
#325=PLANE('',#1582);
#326=PLANE('',#1583);
#327=PLANE('',#1584);
#328=PLANE('',#1585);
#329=PLANE('',#1586);
#330=PLANE('',#1587);
#331=PLANE('',#1588);
#332=PLANE('',#1589);
#333=PLANE('',#1590);
#334=FACE_OUTER_BOUND('',#413,.T.);
#335=FACE_OUTER_BOUND('',#414,.T.);
#336=FACE_OUTER_BOUND('',#421,.T.);
#337=FACE_OUTER_BOUND('',#422,.T.);
#338=FACE_OUTER_BOUND('',#423,.T.);
#339=FACE_OUTER_BOUND('',#424,.T.);
#340=FACE_OUTER_BOUND('',#425,.T.);
#341=FACE_OUTER_BOUND('',#426,.T.);
#342=FACE_OUTER_BOUND('',#427,.T.);
#343=FACE_OUTER_BOUND('',#428,.T.);
#344=FACE_OUTER_BOUND('',#429,.T.);
#345=FACE_OUTER_BOUND('',#430,.T.);
#346=FACE_OUTER_BOUND('',#431,.T.);
#347=FACE_OUTER_BOUND('',#432,.T.);
#348=FACE_OUTER_BOUND('',#433,.T.);
#349=FACE_OUTER_BOUND('',#434,.T.);
#350=FACE_OUTER_BOUND('',#435,.T.);
#351=FACE_OUTER_BOUND('',#436,.T.);
#352=FACE_OUTER_BOUND('',#442,.T.);
#353=FACE_OUTER_BOUND('',#443,.T.);
#354=FACE_OUTER_BOUND('',#444,.T.);
#355=FACE_OUTER_BOUND('',#445,.T.);
#356=FACE_OUTER_BOUND('',#446,.T.);
#357=FACE_OUTER_BOUND('',#447,.T.);
#358=FACE_OUTER_BOUND('',#448,.T.);
#359=FACE_OUTER_BOUND('',#449,.T.);
#360=FACE_OUTER_BOUND('',#450,.T.);
#361=FACE_OUTER_BOUND('',#451,.T.);
#362=FACE_OUTER_BOUND('',#452,.T.);
#363=FACE_OUTER_BOUND('',#453,.T.);
#364=FACE_OUTER_BOUND('',#459,.T.);
#365=FACE_OUTER_BOUND('',#460,.T.);
#366=FACE_OUTER_BOUND('',#461,.T.);
#367=FACE_OUTER_BOUND('',#462,.T.);
#368=FACE_OUTER_BOUND('',#463,.T.);
#369=FACE_OUTER_BOUND('',#464,.T.);
#370=FACE_OUTER_BOUND('',#465,.T.);
#371=FACE_OUTER_BOUND('',#466,.T.);
#372=FACE_OUTER_BOUND('',#467,.T.);
#373=FACE_OUTER_BOUND('',#468,.T.);
#374=FACE_OUTER_BOUND('',#469,.T.);
#375=FACE_OUTER_BOUND('',#470,.T.);
#376=FACE_OUTER_BOUND('',#476,.T.);
#377=FACE_OUTER_BOUND('',#477,.T.);
#378=FACE_OUTER_BOUND('',#478,.T.);
#379=FACE_OUTER_BOUND('',#480,.T.);
#380=FACE_OUTER_BOUND('',#482,.T.);
#381=FACE_OUTER_BOUND('',#483,.T.);
#382=FACE_OUTER_BOUND('',#484,.T.);
#383=FACE_OUTER_BOUND('',#485,.T.);
#384=FACE_OUTER_BOUND('',#486,.T.);
#385=FACE_OUTER_BOUND('',#487,.T.);
#386=FACE_OUTER_BOUND('',#488,.T.);
#387=FACE_OUTER_BOUND('',#489,.T.);
#388=FACE_OUTER_BOUND('',#490,.T.);
#389=FACE_OUTER_BOUND('',#491,.T.);
#390=FACE_OUTER_BOUND('',#497,.T.);
#391=FACE_OUTER_BOUND('',#499,.T.);
#392=FACE_OUTER_BOUND('',#500,.T.);
#393=FACE_OUTER_BOUND('',#501,.T.);
#394=FACE_OUTER_BOUND('',#502,.T.);
#395=FACE_OUTER_BOUND('',#503,.T.);
#396=FACE_OUTER_BOUND('',#504,.T.);
#397=FACE_OUTER_BOUND('',#505,.T.);
#398=FACE_OUTER_BOUND('',#506,.T.);
#399=FACE_OUTER_BOUND('',#507,.T.);
#400=FACE_OUTER_BOUND('',#508,.T.);
#401=FACE_OUTER_BOUND('',#509,.T.);
#402=FACE_OUTER_BOUND('',#510,.T.);
#403=FACE_OUTER_BOUND('',#511,.T.);
#404=FACE_OUTER_BOUND('',#512,.T.);
#405=FACE_OUTER_BOUND('',#513,.T.);
#406=FACE_OUTER_BOUND('',#516,.T.);
#407=FACE_OUTER_BOUND('',#517,.T.);
#408=FACE_OUTER_BOUND('',#518,.T.);
#409=FACE_OUTER_BOUND('',#519,.T.);
#410=FACE_OUTER_BOUND('',#520,.T.);
#411=FACE_OUTER_BOUND('',#523,.T.);
#412=FACE_OUTER_BOUND('',#525,.T.);
#413=EDGE_LOOP('',(#929,#930,#931,#932,#933));
#414=EDGE_LOOP('',(#934));
#415=EDGE_LOOP('',(#935,#936,#937,#938,#939,#940,#941,#942,#943,#944,#945));
#416=EDGE_LOOP('',(#946));
#417=EDGE_LOOP('',(#947));
#418=EDGE_LOOP('',(#948));
#419=EDGE_LOOP('',(#949));
#420=EDGE_LOOP('',(#950));
#421=EDGE_LOOP('',(#951,#952,#953,#954,#955));
#422=EDGE_LOOP('',(#956,#957,#958,#959));
#423=EDGE_LOOP('',(#960,#961,#962,#963));
#424=EDGE_LOOP('',(#964,#965,#966,#967));
#425=EDGE_LOOP('',(#968,#969,#970,#971));
#426=EDGE_LOOP('',(#972,#973,#974,#975));
#427=EDGE_LOOP('',(#976,#977,#978,#979));
#428=EDGE_LOOP('',(#980,#981,#982,#983));
#429=EDGE_LOOP('',(#984,#985,#986,#987));
#430=EDGE_LOOP('',(#988,#989,#990,#991));
#431=EDGE_LOOP('',(#992,#993,#994,#995));
#432=EDGE_LOOP('',(#996,#997,#998,#999));
#433=EDGE_LOOP('',(#1000,#1001,#1002,#1003));
#434=EDGE_LOOP('',(#1004,#1005,#1006,#1007));
#435=EDGE_LOOP('',(#1008,#1009,#1010,#1011,#1012));
#436=EDGE_LOOP('',(#1013,#1014,#1015,#1016));
#437=EDGE_LOOP('',(#1017));
#438=EDGE_LOOP('',(#1018));
#439=EDGE_LOOP('',(#1019));
#440=EDGE_LOOP('',(#1020));
#441=EDGE_LOOP('',(#1021));
#442=EDGE_LOOP('',(#1022,#1023,#1024,#1025));
#443=EDGE_LOOP('',(#1026,#1027,#1028,#1029));
#444=EDGE_LOOP('',(#1030,#1031,#1032,#1033));
#445=EDGE_LOOP('',(#1034,#1035,#1036,#1037));
#446=EDGE_LOOP('',(#1038,#1039,#1040,#1041));
#447=EDGE_LOOP('',(#1042,#1043,#1044,#1045));
#448=EDGE_LOOP('',(#1046,#1047,#1048,#1049));
#449=EDGE_LOOP('',(#1050,#1051,#1052,#1053));
#450=EDGE_LOOP('',(#1054,#1055,#1056,#1057));
#451=EDGE_LOOP('',(#1058,#1059,#1060,#1061));
#452=EDGE_LOOP('',(#1062,#1063,#1064,#1065));
#453=EDGE_LOOP('',(#1066,#1067,#1068,#1069,#1070,#1071,#1072));
#454=EDGE_LOOP('',(#1073));
#455=EDGE_LOOP('',(#1074));
#456=EDGE_LOOP('',(#1075));
#457=EDGE_LOOP('',(#1076));
#458=EDGE_LOOP('',(#1077));
#459=EDGE_LOOP('',(#1078,#1079,#1080,#1081));
#460=EDGE_LOOP('',(#1082,#1083,#1084,#1085,#1086));
#461=EDGE_LOOP('',(#1087,#1088,#1089,#1090));
#462=EDGE_LOOP('',(#1091,#1092,#1093,#1094,#1095));
#463=EDGE_LOOP('',(#1096,#1097,#1098,#1099));
#464=EDGE_LOOP('',(#1100,#1101,#1102,#1103,#1104));
#465=EDGE_LOOP('',(#1105,#1106,#1107,#1108));
#466=EDGE_LOOP('',(#1109,#1110,#1111,#1112,#1113));
#467=EDGE_LOOP('',(#1114,#1115,#1116,#1117));
#468=EDGE_LOOP('',(#1118,#1119,#1120,#1121,#1122));
#469=EDGE_LOOP('',(#1123,#1124,#1125,#1126));
#470=EDGE_LOOP('',(#1127));
#471=EDGE_LOOP('',(#1128));
#472=EDGE_LOOP('',(#1129));
#473=EDGE_LOOP('',(#1130));
#474=EDGE_LOOP('',(#1131));
#475=EDGE_LOOP('',(#1132));
#476=EDGE_LOOP('',(#1133,#1134,#1135,#1136));
#477=EDGE_LOOP('',(#1137,#1138,#1139,#1140));
#478=EDGE_LOOP('',(#1141));
#479=EDGE_LOOP('',(#1142));
#480=EDGE_LOOP('',(#1143));
#481=EDGE_LOOP('',(#1144));
#482=EDGE_LOOP('',(#1145,#1146,#1147,#1148));
#483=EDGE_LOOP('',(#1149,#1150,#1151,#1152));
#484=EDGE_LOOP('',(#1153,#1154,#1155,#1156));
#485=EDGE_LOOP('',(#1157,#1158,#1159,#1160));
#486=EDGE_LOOP('',(#1161,#1162,#1163,#1164,#1165));
#487=EDGE_LOOP('',(#1166,#1167,#1168,#1169));
#488=EDGE_LOOP('',(#1170,#1171,#1172,#1173));
#489=EDGE_LOOP('',(#1174,#1175,#1176,#1177));
#490=EDGE_LOOP('',(#1178,#1179,#1180,#1181));
#491=EDGE_LOOP('',(#1182,#1183,#1184,#1185,#1186,#1187));
#492=EDGE_LOOP('',(#1188,#1189));
#493=EDGE_LOOP('',(#1190,#1191));
#494=EDGE_LOOP('',(#1192,#1193));
#495=EDGE_LOOP('',(#1194,#1195));
#496=EDGE_LOOP('',(#1196,#1197));
#497=EDGE_LOOP('',(#1198,#1199,#1200,#1201,#1202,#1203,#1204));
#498=EDGE_LOOP('',(#1205,#1206,#1207,#1208));
#499=EDGE_LOOP('',(#1209,#1210,#1211,#1212,#1213,#1214,#1215,#1216,#1217,
#1218,#1219,#1220,#1221));
#500=EDGE_LOOP('',(#1222,#1223,#1224,#1225));
#501=EDGE_LOOP('',(#1226,#1227,#1228,#1229));
#502=EDGE_LOOP('',(#1230,#1231,#1232,#1233));
#503=EDGE_LOOP('',(#1234,#1235,#1236,#1237));
#504=EDGE_LOOP('',(#1238,#1239));
#505=EDGE_LOOP('',(#1240,#1241));
#506=EDGE_LOOP('',(#1242,#1243));
#507=EDGE_LOOP('',(#1244,#1245,#1246,#1247,#1248,#1249,#1250,#1251,#1252,
#1253));
#508=EDGE_LOOP('',(#1254,#1255,#1256));
#509=EDGE_LOOP('',(#1257,#1258,#1259,#1260,#1261));
#510=EDGE_LOOP('',(#1262,#1263,#1264,#1265));
#511=EDGE_LOOP('',(#1266,#1267,#1268,#1269,#1270,#1271));
#512=EDGE_LOOP('',(#1272,#1273,#1274));
#513=EDGE_LOOP('',(#1275,#1276,#1277,#1278));
#514=EDGE_LOOP('',(#1279));
#515=EDGE_LOOP('',(#1280));
#516=EDGE_LOOP('',(#1281,#1282,#1283,#1284));
#517=EDGE_LOOP('',(#1285,#1286,#1287,#1288,#1289,#1290,#1291,#1292,#1293,
#1294));
#518=EDGE_LOOP('',(#1295,#1296,#1297,#1298));
#519=EDGE_LOOP('',(#1299,#1300,#1301,#1302,#1303,#1304,#1305,#1306,#1307,
#1308));
#520=EDGE_LOOP('',(#1309,#1310,#1311,#1312));
#521=EDGE_LOOP('',(#1313));
#522=EDGE_LOOP('',(#1314));
#523=EDGE_LOOP('',(#1315));
#524=EDGE_LOOP('',(#1316));
#525=EDGE_LOOP('',(#1317,#1318,#1319,#1320));
#526=EDGE_LOOP('',(#1321,#1322,#1323,#1324));
#527=CIRCLE('',#1434,100.);
#528=CIRCLE('',#1435,100.);
#529=CIRCLE('',#1436,3.);
#530=CIRCLE('',#1437,97.);
#531=CIRCLE('',#1441,0.98);
#532=CIRCLE('',#1442,0.98);
#533=CIRCLE('',#1443,0.98);
#534=CIRCLE('',#1444,0.98);
#535=CIRCLE('',#1445,1.5);
#536=CIRCLE('',#1447,100.);
#537=CIRCLE('',#1449,1.99999999999999);
#538=CIRCLE('',#1451,1.99999999999999);
#539=CIRCLE('',#1454,1.99999999999998);
#540=CIRCLE('',#1455,1.99999999999999);
#541=CIRCLE('',#1458,1.99999999999999);
#542=CIRCLE('',#1459,1.99999999999999);
#543=CIRCLE('',#1461,1.99999999999998);
#544=CIRCLE('',#1463,1.99999999999999);
#545=CIRCLE('',#1465,1.99999999999998);
#546=CIRCLE('',#1466,28.);
#547=CIRCLE('',#1467,30.);
#548=CIRCLE('',#1469,2.);
#549=CIRCLE('',#1471,2.00000000000002);
#550=CIRCLE('',#1472,28.);
#551=CIRCLE('',#1473,30.);
#552=CIRCLE('',#1475,1.99999999999998);
#553=CIRCLE('',#1476,125.43615489055);
#554=CIRCLE('',#1477,123.43615489055);
#555=CIRCLE('',#1479,52.);
#556=CIRCLE('',#1480,50.);
#557=CIRCLE('',#1482,50.);
#558=CIRCLE('',#1484,123.43615489055);
#559=CIRCLE('',#1486,30.);
#560=CIRCLE('',#1489,30.);
#561=CIRCLE('',#1492,2.);
#562=CIRCLE('',#1494,2.);
#563=CIRCLE('',#1495,28.);
#564=CIRCLE('',#1497,2.);
#565=CIRCLE('',#1499,2.);
#566=CIRCLE('',#1500,28.);
#567=CIRCLE('',#1502,2.);
#568=CIRCLE('',#1503,125.43615489055);
#569=CIRCLE('',#1505,52.);
#570=CIRCLE('',#1507,10.5);
#571=CIRCLE('',#1508,1.50000000000001);
#572=CIRCLE('',#1509,1.5);
#573=CIRCLE('',#1510,1.5);
#574=CIRCLE('',#1511,1.5);
#575=CIRCLE('',#1513,0.98);
#576=CIRCLE('',#1516,0.98);
#577=CIRCLE('',#1519,0.98);
#578=CIRCLE('',#1522,0.98);
#579=CIRCLE('',#1525,1.5);
#580=CIRCLE('',#1528,10.5);
#581=CIRCLE('',#1529,10.5);
#582=CIRCLE('',#1532,42.5);
#583=CIRCLE('',#1533,42.5);
#584=CIRCLE('',#1535,45.5);
#585=CIRCLE('',#1536,45.5);
#586=CIRCLE('',#1545,27.);
#587=CIRCLE('',#1546,27.);
#588=CIRCLE('',#1549,27.);
#589=CIRCLE('',#1550,27.);
#590=CIRCLE('',#1552,122.502152876794);
#591=CIRCLE('',#1553,122.502152876794);
#592=CIRCLE('',#1555,51.4502071853567);
#593=CIRCLE('',#1556,51.4502071853567);
#594=CIRCLE('',#1560,1.5);
#595=CIRCLE('',#1562,1.5);
#596=CIRCLE('',#1564,1.5);
#597=CIRCLE('',#1566,1.50000000000001);
#598=CIRCLE('',#1568,10.5);
#599=CIRCLE('',#1570,10.5);
#600=CIRCLE('',#1572,10.5);
#601=CIRCLE('',#1574,10.5);
#602=CIRCLE('',#1575,10.5);
#603=CIRCLE('',#1576,10.5);
#604=CIRCLE('',#1577,10.5);
#605=VERTEX_POINT('',#2005);
#606=VERTEX_POINT('',#2006);
#607=VERTEX_POINT('',#2009);
#608=VERTEX_POINT('',#2013);
#609=VERTEX_POINT('',#2014);
#610=VERTEX_POINT('',#2016);
#611=VERTEX_POINT('',#2029);
#612=VERTEX_POINT('',#2031);
#613=VERTEX_POINT('',#2049);
#614=VERTEX_POINT('',#2051);
#615=VERTEX_POINT('',#2053);
#616=VERTEX_POINT('',#2055);
#617=VERTEX_POINT('',#2057);
#618=VERTEX_POINT('',#2059);
#619=VERTEX_POINT('',#2062);
#620=VERTEX_POINT('',#2064);
#621=VERTEX_POINT('',#2066);
#622=VERTEX_POINT('',#2068);
#623=VERTEX_POINT('',#2070);
#624=VERTEX_POINT('',#2073);
#625=VERTEX_POINT('',#2077);
#626=VERTEX_POINT('',#2079);
#627=VERTEX_POINT('',#2112);
#628=VERTEX_POINT('',#2116);
#629=VERTEX_POINT('',#2149);
#630=VERTEX_POINT('',#2153);
#631=VERTEX_POINT('',#2241);
#632=VERTEX_POINT('',#2261);
#633=VERTEX_POINT('',#2316);
#634=VERTEX_POINT('',#2347);
#635=VERTEX_POINT('',#2349);
#636=VERTEX_POINT('',#2353);
#637=VERTEX_POINT('',#2354);
#638=VERTEX_POINT('',#2359);
#639=VERTEX_POINT('',#2360);
#640=VERTEX_POINT('',#2365);
#641=VERTEX_POINT('',#2366);
#642=VERTEX_POINT('',#2371);
#643=VERTEX_POINT('',#2372);
#644=VERTEX_POINT('',#2377);
#645=VERTEX_POINT('',#2391);
#646=VERTEX_POINT('',#2394);
#647=VERTEX_POINT('',#2429);
#648=VERTEX_POINT('',#2464);
#649=VERTEX_POINT('',#2499);
#650=VERTEX_POINT('',#2534);
#651=VERTEX_POINT('',#2570);
#652=VERTEX_POINT('',#2574);
#653=VERTEX_POINT('',#2578);
#654=VERTEX_POINT('',#2582);
#655=VERTEX_POINT('',#2588);
#656=VERTEX_POINT('',#2592);
#657=VERTEX_POINT('',#2596);
#658=VERTEX_POINT('',#2600);
#659=VERTEX_POINT('',#2604);
#660=VERTEX_POINT('',#2610);
#661=VERTEX_POINT('',#2612);
#662=VERTEX_POINT('',#2614);
#663=VERTEX_POINT('',#2616);
#664=VERTEX_POINT('',#2618);
#665=VERTEX_POINT('',#2621);
#666=VERTEX_POINT('',#2625);
#667=VERTEX_POINT('',#2626);
#668=VERTEX_POINT('',#2665);
#669=VERTEX_POINT('',#2669);
#670=VERTEX_POINT('',#2670);
#671=VERTEX_POINT('',#2709);
#672=VERTEX_POINT('',#2713);
#673=VERTEX_POINT('',#2714);
#674=VERTEX_POINT('',#2753);
#675=VERTEX_POINT('',#2757);
#676=VERTEX_POINT('',#2758);
#677=VERTEX_POINT('',#2797);
#678=VERTEX_POINT('',#2801);
#679=VERTEX_POINT('',#2802);
#680=VERTEX_POINT('',#2841);
#681=VERTEX_POINT('',#2843);
#682=VERTEX_POINT('',#2848);
#683=VERTEX_POINT('',#2850);
#684=VERTEX_POINT('',#2854);
#685=VERTEX_POINT('',#2856);
#686=VERTEX_POINT('',#2862);
#687=VERTEX_POINT('',#2863);
#688=VERTEX_POINT('',#2865);
#689=VERTEX_POINT('',#2867);
#690=VERTEX_POINT('',#2871);
#691=VERTEX_POINT('',#2873);
#692=VERTEX_POINT('',#2877);
#693=VERTEX_POINT('',#2879);
#694=VERTEX_POINT('',#2886);
#695=VERTEX_POINT('',#2888);
#696=VERTEX_POINT('',#2892);
#697=VERTEX_POINT('',#2894);
#698=VERTEX_POINT('',#2898);
#699=VERTEX_POINT('',#2900);
#700=VERTEX_POINT('',#2904);
#701=VERTEX_POINT('',#2906);
#702=VERTEX_POINT('',#2910);
#703=VERTEX_POINT('',#2912);
#704=VERTEX_POINT('',#2921);
#705=VERTEX_POINT('',#2925);
#706=VERTEX_POINT('',#2929);
#707=VERTEX_POINT('',#2933);
#708=VERTEX_POINT('',#2937);
#709=VERTEX_POINT('',#2938);
#710=VERTEX_POINT('',#2942);
#711=VERTEX_POINT('',#2943);
#712=VERTEX_POINT('',#2947);
#713=VERTEX_POINT('',#2948);
#714=VERTEX_POINT('',#2952);
#715=VERTEX_POINT('',#2959);
#716=VERTEX_POINT('',#2963);
#717=VERTEX_POINT('',#2965);
#718=VERTEX_POINT('',#2969);
#719=VERTEX_POINT('',#2970);
#720=VERTEX_POINT('',#2975);
#721=VERTEX_POINT('',#2976);
#722=VERTEX_POINT('',#2978);
#723=VERTEX_POINT('',#2985);
#724=VERTEX_POINT('',#2987);
#725=VERTEX_POINT('',#2991);
#726=VERTEX_POINT('',#2992);
#727=VERTEX_POINT('',#2997);
#728=VERTEX_POINT('',#2999);
#729=VERTEX_POINT('',#3003);
#730=VERTEX_POINT('',#3005);
#731=EDGE_CURVE('',#605,#606,#527,.T.);
#732=EDGE_CURVE('',#606,#605,#528,.T.);
#733=EDGE_CURVE('',#605,#607,#529,.T.);
#734=EDGE_CURVE('',#607,#607,#530,.T.);
#735=EDGE_CURVE('',#608,#609,#115,.T.);
#736=EDGE_CURVE('',#610,#608,#94,.T.);
#737=EDGE_CURVE('',#611,#610,#116,.T.);
#738=EDGE_CURVE('',#612,#611,#95,.T.);
#739=EDGE_CURVE('',#613,#612,#117,.T.);
#740=EDGE_CURVE('',#614,#613,#89,.T.);
#741=EDGE_CURVE('',#615,#614,#118,.T.);
#742=EDGE_CURVE('',#616,#615,#90,.T.);
#743=EDGE_CURVE('',#617,#616,#119,.T.);
#744=EDGE_CURVE('',#617,#618,#120,.T.);
#745=EDGE_CURVE('',#618,#609,#121,.T.);
#746=EDGE_CURVE('',#619,#619,#531,.T.);
#747=EDGE_CURVE('',#620,#620,#532,.T.);
#748=EDGE_CURVE('',#621,#621,#533,.T.);
#749=EDGE_CURVE('',#622,#622,#534,.T.);
#750=EDGE_CURVE('',#623,#623,#535,.T.);
#751=EDGE_CURVE('',#624,#624,#536,.T.);
#752=EDGE_CURVE('',#624,#606,#122,.T.);
#753=EDGE_CURVE('',#616,#625,#537,.T.);
#754=EDGE_CURVE('',#625,#626,#123,.T.);
#755=EDGE_CURVE('',#626,#617,#91,.T.);
#756=EDGE_CURVE('',#615,#627,#538,.T.);
#757=EDGE_CURVE('',#627,#625,#92,.T.);
#758=EDGE_CURVE('',#614,#628,#539,.T.);
#759=EDGE_CURVE('',#628,#627,#124,.T.);
#760=EDGE_CURVE('',#613,#629,#540,.T.);
#761=EDGE_CURVE('',#629,#628,#93,.T.);
#762=EDGE_CURVE('',#612,#630,#541,.T.);
#763=EDGE_CURVE('',#630,#629,#125,.T.);
#764=EDGE_CURVE('',#611,#631,#542,.T.);
#765=EDGE_CURVE('',#631,#630,#96,.T.);
#766=EDGE_CURVE('',#610,#632,#543,.T.);
#767=EDGE_CURVE('',#632,#631,#126,.T.);
#768=EDGE_CURVE('',#608,#633,#97,.T.);
#769=EDGE_CURVE('',#633,#632,#98,.T.);
#770=EDGE_CURVE('',#627,#634,#127,.T.);
#771=EDGE_CURVE('',#634,#635,#544,.T.);
#772=EDGE_CURVE('',#635,#625,#128,.T.);
#773=EDGE_CURVE('',#636,#637,#545,.T.);
#774=EDGE_CURVE('',#637,#635,#546,.T.);
#775=EDGE_CURVE('',#634,#636,#547,.T.);
#776=EDGE_CURVE('',#638,#639,#548,.T.);
#777=EDGE_CURVE('',#639,#637,#129,.T.);
#778=EDGE_CURVE('',#636,#638,#130,.T.);
#779=EDGE_CURVE('',#640,#641,#549,.T.);
#780=EDGE_CURVE('',#641,#639,#550,.T.);
#781=EDGE_CURVE('',#638,#640,#551,.T.);
#782=EDGE_CURVE('',#642,#643,#552,.T.);
#783=EDGE_CURVE('',#643,#641,#553,.T.);
#784=EDGE_CURVE('',#640,#642,#554,.T.);
#785=EDGE_CURVE('',#633,#644,#99,.T.);
#786=EDGE_CURVE('',#644,#643,#555,.T.);
#787=EDGE_CURVE('',#642,#632,#556,.T.);
#788=EDGE_CURVE('',#645,#642,#131,.T.);
#789=EDGE_CURVE('',#631,#645,#557,.T.);
#790=EDGE_CURVE('',#646,#646,#100,.T.);
#791=EDGE_CURVE('',#647,#647,#101,.T.);
#792=EDGE_CURVE('',#648,#648,#102,.T.);
#793=EDGE_CURVE('',#649,#649,#103,.T.);
#794=EDGE_CURVE('',#650,#650,#104,.T.);
#795=EDGE_CURVE('',#651,#640,#132,.T.);
#796=EDGE_CURVE('',#645,#651,#558,.T.);
#797=EDGE_CURVE('',#652,#638,#133,.T.);
#798=EDGE_CURVE('',#651,#652,#559,.T.);
#799=EDGE_CURVE('',#653,#636,#134,.T.);
#800=EDGE_CURVE('',#652,#653,#135,.T.);
#801=EDGE_CURVE('',#654,#634,#136,.T.);
#802=EDGE_CURVE('',#653,#654,#560,.T.);
#803=EDGE_CURVE('',#654,#628,#137,.T.);
#804=EDGE_CURVE('',#629,#655,#138,.T.);
#805=EDGE_CURVE('',#655,#654,#561,.T.);
#806=EDGE_CURVE('',#656,#653,#562,.T.);
#807=EDGE_CURVE('',#655,#656,#563,.T.);
#808=EDGE_CURVE('',#657,#652,#564,.T.);
#809=EDGE_CURVE('',#656,#657,#139,.T.);
#810=EDGE_CURVE('',#658,#651,#565,.T.);
#811=EDGE_CURVE('',#657,#658,#566,.T.);
#812=EDGE_CURVE('',#659,#645,#567,.T.);
#813=EDGE_CURVE('',#658,#659,#568,.T.);
#814=EDGE_CURVE('',#659,#630,#569,.T.);
#815=EDGE_CURVE('',#660,#660,#570,.T.);
#816=EDGE_CURVE('',#661,#661,#571,.T.);
#817=EDGE_CURVE('',#662,#662,#572,.T.);
#818=EDGE_CURVE('',#663,#663,#573,.T.);
#819=EDGE_CURVE('',#664,#664,#574,.T.);
#820=EDGE_CURVE('',#665,#665,#575,.T.);
#821=EDGE_CURVE('',#665,#619,#140,.T.);
#822=EDGE_CURVE('',#666,#667,#105,.T.);
#823=EDGE_CURVE('',#667,#666,#106,.T.);
#824=EDGE_CURVE('',#667,#650,#141,.T.);
#825=EDGE_CURVE('',#668,#668,#576,.T.);
#826=EDGE_CURVE('',#668,#620,#142,.T.);
#827=EDGE_CURVE('',#669,#670,#107,.T.);
#828=EDGE_CURVE('',#670,#669,#108,.T.);
#829=EDGE_CURVE('',#670,#649,#143,.T.);
#830=EDGE_CURVE('',#671,#671,#577,.T.);
#831=EDGE_CURVE('',#671,#621,#144,.T.);
#832=EDGE_CURVE('',#672,#673,#109,.T.);
#833=EDGE_CURVE('',#673,#672,#110,.T.);
#834=EDGE_CURVE('',#673,#648,#145,.T.);
#835=EDGE_CURVE('',#674,#674,#578,.T.);
#836=EDGE_CURVE('',#674,#622,#146,.T.);
#837=EDGE_CURVE('',#675,#676,#111,.T.);
#838=EDGE_CURVE('',#676,#675,#112,.T.);
#839=EDGE_CURVE('',#676,#647,#147,.T.);
#840=EDGE_CURVE('',#677,#677,#579,.T.);
#841=EDGE_CURVE('',#677,#623,#148,.T.);
#842=EDGE_CURVE('',#678,#679,#113,.T.);
#843=EDGE_CURVE('',#679,#678,#114,.T.);
#844=EDGE_CURVE('',#679,#646,#149,.T.);
#845=EDGE_CURVE('',#680,#680,#580,.T.);
#846=EDGE_CURVE('',#680,#681,#150,.T.);
#847=EDGE_CURVE('',#681,#681,#581,.T.);
#848=EDGE_CURVE('',#682,#682,#582,.T.);
#849=EDGE_CURVE('',#682,#683,#151,.T.);
#850=EDGE_CURVE('',#683,#683,#583,.T.);
#851=EDGE_CURVE('',#684,#684,#584,.T.);
#852=EDGE_CURVE('',#684,#685,#152,.T.);
#853=EDGE_CURVE('',#685,#685,#585,.T.);
#854=EDGE_CURVE('',#686,#687,#153,.T.);
#855=EDGE_CURVE('',#686,#688,#154,.T.);
#856=EDGE_CURVE('',#688,#689,#155,.T.);
#857=EDGE_CURVE('',#687,#689,#156,.T.);
#858=EDGE_CURVE('',#690,#686,#157,.T.);
#859=EDGE_CURVE('',#690,#691,#158,.T.);
#860=EDGE_CURVE('',#691,#688,#159,.T.);
#861=EDGE_CURVE('',#692,#690,#160,.T.);
#862=EDGE_CURVE('',#692,#693,#161,.T.);
#863=EDGE_CURVE('',#693,#691,#162,.T.);
#864=EDGE_CURVE('',#687,#692,#163,.T.);
#865=EDGE_CURVE('',#689,#693,#164,.T.);
#866=EDGE_CURVE('',#694,#626,#165,.T.);
#867=EDGE_CURVE('',#694,#695,#166,.T.);
#868=EDGE_CURVE('',#695,#618,#167,.T.);
#869=EDGE_CURVE('',#696,#694,#586,.T.);
#870=EDGE_CURVE('',#696,#697,#168,.T.);
#871=EDGE_CURVE('',#697,#695,#587,.T.);
#872=EDGE_CURVE('',#698,#696,#169,.T.);
#873=EDGE_CURVE('',#698,#699,#170,.T.);
#874=EDGE_CURVE('',#699,#697,#171,.T.);
#875=EDGE_CURVE('',#700,#698,#588,.T.);
#876=EDGE_CURVE('',#700,#701,#172,.T.);
#877=EDGE_CURVE('',#701,#699,#589,.T.);
#878=EDGE_CURVE('',#702,#700,#590,.T.);
#879=EDGE_CURVE('',#702,#703,#173,.T.);
#880=EDGE_CURVE('',#703,#701,#591,.T.);
#881=EDGE_CURVE('',#609,#703,#592,.T.);
#882=EDGE_CURVE('',#644,#702,#593,.T.);
#883=EDGE_CURVE('',#704,#704,#594,.T.);
#884=EDGE_CURVE('',#704,#664,#174,.T.);
#885=EDGE_CURVE('',#705,#705,#595,.T.);
#886=EDGE_CURVE('',#705,#663,#175,.T.);
#887=EDGE_CURVE('',#706,#706,#596,.T.);
#888=EDGE_CURVE('',#706,#662,#176,.T.);
#889=EDGE_CURVE('',#707,#707,#597,.T.);
#890=EDGE_CURVE('',#707,#661,#177,.T.);
#891=EDGE_CURVE('',#708,#709,#178,.T.);
#892=EDGE_CURVE('',#709,#708,#598,.T.);
#893=EDGE_CURVE('',#710,#711,#179,.T.);
#894=EDGE_CURVE('',#711,#710,#599,.T.);
#895=EDGE_CURVE('',#712,#713,#180,.T.);
#896=EDGE_CURVE('',#713,#712,#600,.T.);
#897=EDGE_CURVE('',#660,#714,#181,.T.);
#898=EDGE_CURVE('',#709,#714,#601,.T.);
#899=EDGE_CURVE('',#713,#708,#602,.T.);
#900=EDGE_CURVE('',#711,#712,#603,.T.);
#901=EDGE_CURVE('',#714,#710,#604,.T.);
#902=EDGE_CURVE('',#715,#708,#182,.T.);
#903=EDGE_CURVE('',#713,#715,#183,.T.);
#904=EDGE_CURVE('',#716,#710,#184,.T.);
#905=EDGE_CURVE('',#717,#716,#185,.T.);
#906=EDGE_CURVE('',#709,#717,#186,.T.);
#907=EDGE_CURVE('',#718,#719,#187,.T.);
#908=EDGE_CURVE('',#718,#717,#188,.T.);
#909=EDGE_CURVE('',#719,#716,#189,.T.);
#910=EDGE_CURVE('',#720,#721,#190,.T.);
#911=EDGE_CURVE('',#720,#722,#191,.T.);
#912=EDGE_CURVE('',#722,#712,#192,.T.);
#913=EDGE_CURVE('',#721,#715,#193,.T.);
#914=EDGE_CURVE('',#711,#722,#194,.T.);
#915=EDGE_CURVE('',#723,#719,#195,.T.);
#916=EDGE_CURVE('',#724,#723,#196,.T.);
#917=EDGE_CURVE('',#718,#724,#197,.T.);
#918=EDGE_CURVE('',#725,#726,#198,.T.);
#919=EDGE_CURVE('',#725,#724,#199,.T.);
#920=EDGE_CURVE('',#726,#723,#200,.T.);
#921=EDGE_CURVE('',#727,#725,#201,.T.);
#922=EDGE_CURVE('',#727,#728,#202,.T.);
#923=EDGE_CURVE('',#728,#721,#203,.T.);
#924=EDGE_CURVE('',#729,#727,#204,.T.);
#925=EDGE_CURVE('',#729,#730,#205,.T.);
#926=EDGE_CURVE('',#730,#728,#206,.T.);
#927=EDGE_CURVE('',#726,#729,#207,.T.);
#928=EDGE_CURVE('',#720,#730,#208,.T.);
#929=ORIENTED_EDGE('',*,*,#731,.T.);
#930=ORIENTED_EDGE('',*,*,#732,.T.);
#931=ORIENTED_EDGE('',*,*,#733,.T.);
#932=ORIENTED_EDGE('',*,*,#734,.T.);
#933=ORIENTED_EDGE('',*,*,#733,.F.);
#934=ORIENTED_EDGE('',*,*,#734,.F.);
#935=ORIENTED_EDGE('',*,*,#735,.F.);
#936=ORIENTED_EDGE('',*,*,#736,.F.);
#937=ORIENTED_EDGE('',*,*,#737,.F.);
#938=ORIENTED_EDGE('',*,*,#738,.F.);
#939=ORIENTED_EDGE('',*,*,#739,.F.);
#940=ORIENTED_EDGE('',*,*,#740,.F.);
#941=ORIENTED_EDGE('',*,*,#741,.F.);
#942=ORIENTED_EDGE('',*,*,#742,.F.);
#943=ORIENTED_EDGE('',*,*,#743,.F.);
#944=ORIENTED_EDGE('',*,*,#744,.T.);
#945=ORIENTED_EDGE('',*,*,#745,.T.);
#946=ORIENTED_EDGE('',*,*,#746,.T.);
#947=ORIENTED_EDGE('',*,*,#747,.T.);
#948=ORIENTED_EDGE('',*,*,#748,.T.);
#949=ORIENTED_EDGE('',*,*,#749,.T.);
#950=ORIENTED_EDGE('',*,*,#750,.T.);
#951=ORIENTED_EDGE('',*,*,#751,.F.);
#952=ORIENTED_EDGE('',*,*,#752,.T.);
#953=ORIENTED_EDGE('',*,*,#731,.F.);
#954=ORIENTED_EDGE('',*,*,#732,.F.);
#955=ORIENTED_EDGE('',*,*,#752,.F.);
#956=ORIENTED_EDGE('',*,*,#753,.T.);
#957=ORIENTED_EDGE('',*,*,#754,.T.);
#958=ORIENTED_EDGE('',*,*,#755,.T.);
#959=ORIENTED_EDGE('',*,*,#743,.T.);
#960=ORIENTED_EDGE('',*,*,#756,.T.);
#961=ORIENTED_EDGE('',*,*,#757,.T.);
#962=ORIENTED_EDGE('',*,*,#753,.F.);
#963=ORIENTED_EDGE('',*,*,#742,.T.);
#964=ORIENTED_EDGE('',*,*,#758,.T.);
#965=ORIENTED_EDGE('',*,*,#759,.T.);
#966=ORIENTED_EDGE('',*,*,#756,.F.);
#967=ORIENTED_EDGE('',*,*,#741,.T.);
#968=ORIENTED_EDGE('',*,*,#760,.T.);
#969=ORIENTED_EDGE('',*,*,#761,.T.);
#970=ORIENTED_EDGE('',*,*,#758,.F.);
#971=ORIENTED_EDGE('',*,*,#740,.T.);
#972=ORIENTED_EDGE('',*,*,#762,.T.);
#973=ORIENTED_EDGE('',*,*,#763,.T.);
#974=ORIENTED_EDGE('',*,*,#760,.F.);
#975=ORIENTED_EDGE('',*,*,#739,.T.);
#976=ORIENTED_EDGE('',*,*,#764,.T.);
#977=ORIENTED_EDGE('',*,*,#765,.T.);
#978=ORIENTED_EDGE('',*,*,#762,.F.);
#979=ORIENTED_EDGE('',*,*,#738,.T.);
#980=ORIENTED_EDGE('',*,*,#766,.T.);
#981=ORIENTED_EDGE('',*,*,#767,.T.);
#982=ORIENTED_EDGE('',*,*,#764,.F.);
#983=ORIENTED_EDGE('',*,*,#737,.T.);
#984=ORIENTED_EDGE('',*,*,#768,.T.);
#985=ORIENTED_EDGE('',*,*,#769,.T.);
#986=ORIENTED_EDGE('',*,*,#766,.F.);
#987=ORIENTED_EDGE('',*,*,#736,.T.);
#988=ORIENTED_EDGE('',*,*,#757,.F.);
#989=ORIENTED_EDGE('',*,*,#770,.T.);
#990=ORIENTED_EDGE('',*,*,#771,.T.);
#991=ORIENTED_EDGE('',*,*,#772,.T.);
#992=ORIENTED_EDGE('',*,*,#773,.T.);
#993=ORIENTED_EDGE('',*,*,#774,.T.);
#994=ORIENTED_EDGE('',*,*,#771,.F.);
#995=ORIENTED_EDGE('',*,*,#775,.T.);
#996=ORIENTED_EDGE('',*,*,#776,.T.);
#997=ORIENTED_EDGE('',*,*,#777,.T.);
#998=ORIENTED_EDGE('',*,*,#773,.F.);
#999=ORIENTED_EDGE('',*,*,#778,.T.);
#1000=ORIENTED_EDGE('',*,*,#779,.T.);
#1001=ORIENTED_EDGE('',*,*,#780,.T.);
#1002=ORIENTED_EDGE('',*,*,#776,.F.);
#1003=ORIENTED_EDGE('',*,*,#781,.T.);
#1004=ORIENTED_EDGE('',*,*,#782,.T.);
#1005=ORIENTED_EDGE('',*,*,#783,.T.);
#1006=ORIENTED_EDGE('',*,*,#779,.F.);
#1007=ORIENTED_EDGE('',*,*,#784,.T.);
#1008=ORIENTED_EDGE('',*,*,#769,.F.);
#1009=ORIENTED_EDGE('',*,*,#785,.T.);
#1010=ORIENTED_EDGE('',*,*,#786,.T.);
#1011=ORIENTED_EDGE('',*,*,#782,.F.);
#1012=ORIENTED_EDGE('',*,*,#787,.T.);
#1013=ORIENTED_EDGE('',*,*,#767,.F.);
#1014=ORIENTED_EDGE('',*,*,#787,.F.);
#1015=ORIENTED_EDGE('',*,*,#788,.F.);
#1016=ORIENTED_EDGE('',*,*,#789,.F.);
#1017=ORIENTED_EDGE('',*,*,#790,.T.);
#1018=ORIENTED_EDGE('',*,*,#791,.T.);
#1019=ORIENTED_EDGE('',*,*,#792,.T.);
#1020=ORIENTED_EDGE('',*,*,#793,.T.);
#1021=ORIENTED_EDGE('',*,*,#794,.T.);
#1022=ORIENTED_EDGE('',*,*,#784,.F.);
#1023=ORIENTED_EDGE('',*,*,#795,.F.);
#1024=ORIENTED_EDGE('',*,*,#796,.F.);
#1025=ORIENTED_EDGE('',*,*,#788,.T.);
#1026=ORIENTED_EDGE('',*,*,#781,.F.);
#1027=ORIENTED_EDGE('',*,*,#797,.F.);
#1028=ORIENTED_EDGE('',*,*,#798,.F.);
#1029=ORIENTED_EDGE('',*,*,#795,.T.);
#1030=ORIENTED_EDGE('',*,*,#778,.F.);
#1031=ORIENTED_EDGE('',*,*,#799,.F.);
#1032=ORIENTED_EDGE('',*,*,#800,.F.);
#1033=ORIENTED_EDGE('',*,*,#797,.T.);
#1034=ORIENTED_EDGE('',*,*,#775,.F.);
#1035=ORIENTED_EDGE('',*,*,#801,.F.);
#1036=ORIENTED_EDGE('',*,*,#802,.F.);
#1037=ORIENTED_EDGE('',*,*,#799,.T.);
#1038=ORIENTED_EDGE('',*,*,#759,.F.);
#1039=ORIENTED_EDGE('',*,*,#803,.F.);
#1040=ORIENTED_EDGE('',*,*,#801,.T.);
#1041=ORIENTED_EDGE('',*,*,#770,.F.);
#1042=ORIENTED_EDGE('',*,*,#761,.F.);
#1043=ORIENTED_EDGE('',*,*,#804,.T.);
#1044=ORIENTED_EDGE('',*,*,#805,.T.);
#1045=ORIENTED_EDGE('',*,*,#803,.T.);
#1046=ORIENTED_EDGE('',*,*,#806,.T.);
#1047=ORIENTED_EDGE('',*,*,#802,.T.);
#1048=ORIENTED_EDGE('',*,*,#805,.F.);
#1049=ORIENTED_EDGE('',*,*,#807,.T.);
#1050=ORIENTED_EDGE('',*,*,#808,.T.);
#1051=ORIENTED_EDGE('',*,*,#800,.T.);
#1052=ORIENTED_EDGE('',*,*,#806,.F.);
#1053=ORIENTED_EDGE('',*,*,#809,.T.);
#1054=ORIENTED_EDGE('',*,*,#810,.T.);
#1055=ORIENTED_EDGE('',*,*,#798,.T.);
#1056=ORIENTED_EDGE('',*,*,#808,.F.);
#1057=ORIENTED_EDGE('',*,*,#811,.T.);
#1058=ORIENTED_EDGE('',*,*,#812,.T.);
#1059=ORIENTED_EDGE('',*,*,#796,.T.);
#1060=ORIENTED_EDGE('',*,*,#810,.F.);
#1061=ORIENTED_EDGE('',*,*,#813,.T.);
#1062=ORIENTED_EDGE('',*,*,#765,.F.);
#1063=ORIENTED_EDGE('',*,*,#789,.T.);
#1064=ORIENTED_EDGE('',*,*,#812,.F.);
#1065=ORIENTED_EDGE('',*,*,#814,.T.);
#1066=ORIENTED_EDGE('',*,*,#763,.F.);
#1067=ORIENTED_EDGE('',*,*,#814,.F.);
#1068=ORIENTED_EDGE('',*,*,#813,.F.);
#1069=ORIENTED_EDGE('',*,*,#811,.F.);
#1070=ORIENTED_EDGE('',*,*,#809,.F.);
#1071=ORIENTED_EDGE('',*,*,#807,.F.);
#1072=ORIENTED_EDGE('',*,*,#804,.F.);
#1073=ORIENTED_EDGE('',*,*,#815,.T.);
#1074=ORIENTED_EDGE('',*,*,#816,.T.);
#1075=ORIENTED_EDGE('',*,*,#817,.T.);
#1076=ORIENTED_EDGE('',*,*,#818,.T.);
#1077=ORIENTED_EDGE('',*,*,#819,.T.);
#1078=ORIENTED_EDGE('',*,*,#820,.F.);
#1079=ORIENTED_EDGE('',*,*,#821,.T.);
#1080=ORIENTED_EDGE('',*,*,#746,.F.);
#1081=ORIENTED_EDGE('',*,*,#821,.F.);
#1082=ORIENTED_EDGE('',*,*,#822,.F.);
#1083=ORIENTED_EDGE('',*,*,#823,.F.);
#1084=ORIENTED_EDGE('',*,*,#824,.T.);
#1085=ORIENTED_EDGE('',*,*,#794,.F.);
#1086=ORIENTED_EDGE('',*,*,#824,.F.);
#1087=ORIENTED_EDGE('',*,*,#825,.F.);
#1088=ORIENTED_EDGE('',*,*,#826,.T.);
#1089=ORIENTED_EDGE('',*,*,#747,.F.);
#1090=ORIENTED_EDGE('',*,*,#826,.F.);
#1091=ORIENTED_EDGE('',*,*,#827,.F.);
#1092=ORIENTED_EDGE('',*,*,#828,.F.);
#1093=ORIENTED_EDGE('',*,*,#829,.T.);
#1094=ORIENTED_EDGE('',*,*,#793,.F.);
#1095=ORIENTED_EDGE('',*,*,#829,.F.);
#1096=ORIENTED_EDGE('',*,*,#830,.F.);
#1097=ORIENTED_EDGE('',*,*,#831,.T.);
#1098=ORIENTED_EDGE('',*,*,#748,.F.);
#1099=ORIENTED_EDGE('',*,*,#831,.F.);
#1100=ORIENTED_EDGE('',*,*,#832,.F.);
#1101=ORIENTED_EDGE('',*,*,#833,.F.);
#1102=ORIENTED_EDGE('',*,*,#834,.T.);
#1103=ORIENTED_EDGE('',*,*,#792,.F.);
#1104=ORIENTED_EDGE('',*,*,#834,.F.);
#1105=ORIENTED_EDGE('',*,*,#835,.F.);
#1106=ORIENTED_EDGE('',*,*,#836,.T.);
#1107=ORIENTED_EDGE('',*,*,#749,.F.);
#1108=ORIENTED_EDGE('',*,*,#836,.F.);
#1109=ORIENTED_EDGE('',*,*,#837,.F.);
#1110=ORIENTED_EDGE('',*,*,#838,.F.);
#1111=ORIENTED_EDGE('',*,*,#839,.T.);
#1112=ORIENTED_EDGE('',*,*,#791,.F.);
#1113=ORIENTED_EDGE('',*,*,#839,.F.);
#1114=ORIENTED_EDGE('',*,*,#840,.F.);
#1115=ORIENTED_EDGE('',*,*,#841,.T.);
#1116=ORIENTED_EDGE('',*,*,#750,.F.);
#1117=ORIENTED_EDGE('',*,*,#841,.F.);
#1118=ORIENTED_EDGE('',*,*,#842,.F.);
#1119=ORIENTED_EDGE('',*,*,#843,.F.);
#1120=ORIENTED_EDGE('',*,*,#844,.T.);
#1121=ORIENTED_EDGE('',*,*,#790,.F.);
#1122=ORIENTED_EDGE('',*,*,#844,.F.);
#1123=ORIENTED_EDGE('',*,*,#845,.F.);
#1124=ORIENTED_EDGE('',*,*,#846,.T.);
#1125=ORIENTED_EDGE('',*,*,#847,.T.);
#1126=ORIENTED_EDGE('',*,*,#846,.F.);
#1127=ORIENTED_EDGE('',*,*,#847,.F.);
#1128=ORIENTED_EDGE('',*,*,#820,.T.);
#1129=ORIENTED_EDGE('',*,*,#825,.T.);
#1130=ORIENTED_EDGE('',*,*,#830,.T.);
#1131=ORIENTED_EDGE('',*,*,#835,.T.);
#1132=ORIENTED_EDGE('',*,*,#840,.T.);
#1133=ORIENTED_EDGE('',*,*,#848,.F.);
#1134=ORIENTED_EDGE('',*,*,#849,.T.);
#1135=ORIENTED_EDGE('',*,*,#850,.F.);
#1136=ORIENTED_EDGE('',*,*,#849,.F.);
#1137=ORIENTED_EDGE('',*,*,#851,.F.);
#1138=ORIENTED_EDGE('',*,*,#852,.T.);
#1139=ORIENTED_EDGE('',*,*,#853,.F.);
#1140=ORIENTED_EDGE('',*,*,#852,.F.);
#1141=ORIENTED_EDGE('',*,*,#851,.T.);
#1142=ORIENTED_EDGE('',*,*,#848,.T.);
#1143=ORIENTED_EDGE('',*,*,#751,.T.);
#1144=ORIENTED_EDGE('',*,*,#853,.T.);
#1145=ORIENTED_EDGE('',*,*,#854,.F.);
#1146=ORIENTED_EDGE('',*,*,#855,.T.);
#1147=ORIENTED_EDGE('',*,*,#856,.T.);
#1148=ORIENTED_EDGE('',*,*,#857,.F.);
#1149=ORIENTED_EDGE('',*,*,#858,.F.);
#1150=ORIENTED_EDGE('',*,*,#859,.T.);
#1151=ORIENTED_EDGE('',*,*,#860,.T.);
#1152=ORIENTED_EDGE('',*,*,#855,.F.);
#1153=ORIENTED_EDGE('',*,*,#861,.F.);
#1154=ORIENTED_EDGE('',*,*,#862,.T.);
#1155=ORIENTED_EDGE('',*,*,#863,.T.);
#1156=ORIENTED_EDGE('',*,*,#859,.F.);
#1157=ORIENTED_EDGE('',*,*,#864,.F.);
#1158=ORIENTED_EDGE('',*,*,#857,.T.);
#1159=ORIENTED_EDGE('',*,*,#865,.T.);
#1160=ORIENTED_EDGE('',*,*,#862,.F.);
#1161=ORIENTED_EDGE('',*,*,#866,.F.);
#1162=ORIENTED_EDGE('',*,*,#867,.T.);
#1163=ORIENTED_EDGE('',*,*,#868,.T.);
#1164=ORIENTED_EDGE('',*,*,#744,.F.);
#1165=ORIENTED_EDGE('',*,*,#755,.F.);
#1166=ORIENTED_EDGE('',*,*,#869,.F.);
#1167=ORIENTED_EDGE('',*,*,#870,.T.);
#1168=ORIENTED_EDGE('',*,*,#871,.T.);
#1169=ORIENTED_EDGE('',*,*,#867,.F.);
#1170=ORIENTED_EDGE('',*,*,#872,.F.);
#1171=ORIENTED_EDGE('',*,*,#873,.T.);
#1172=ORIENTED_EDGE('',*,*,#874,.T.);
#1173=ORIENTED_EDGE('',*,*,#870,.F.);
#1174=ORIENTED_EDGE('',*,*,#875,.F.);
#1175=ORIENTED_EDGE('',*,*,#876,.T.);
#1176=ORIENTED_EDGE('',*,*,#877,.T.);
#1177=ORIENTED_EDGE('',*,*,#873,.F.);
#1178=ORIENTED_EDGE('',*,*,#878,.F.);
#1179=ORIENTED_EDGE('',*,*,#879,.T.);
#1180=ORIENTED_EDGE('',*,*,#880,.T.);
#1181=ORIENTED_EDGE('',*,*,#876,.F.);
#1182=ORIENTED_EDGE('',*,*,#735,.T.);
#1183=ORIENTED_EDGE('',*,*,#881,.T.);
#1184=ORIENTED_EDGE('',*,*,#879,.F.);
#1185=ORIENTED_EDGE('',*,*,#882,.F.);
#1186=ORIENTED_EDGE('',*,*,#785,.F.);
#1187=ORIENTED_EDGE('',*,*,#768,.F.);
#1188=ORIENTED_EDGE('',*,*,#822,.T.);
#1189=ORIENTED_EDGE('',*,*,#823,.T.);
#1190=ORIENTED_EDGE('',*,*,#827,.T.);
#1191=ORIENTED_EDGE('',*,*,#828,.T.);
#1192=ORIENTED_EDGE('',*,*,#832,.T.);
#1193=ORIENTED_EDGE('',*,*,#833,.T.);
#1194=ORIENTED_EDGE('',*,*,#837,.T.);
#1195=ORIENTED_EDGE('',*,*,#838,.T.);
#1196=ORIENTED_EDGE('',*,*,#842,.T.);
#1197=ORIENTED_EDGE('',*,*,#843,.T.);
#1198=ORIENTED_EDGE('',*,*,#881,.F.);
#1199=ORIENTED_EDGE('',*,*,#745,.F.);
#1200=ORIENTED_EDGE('',*,*,#868,.F.);
#1201=ORIENTED_EDGE('',*,*,#871,.F.);
#1202=ORIENTED_EDGE('',*,*,#874,.F.);
#1203=ORIENTED_EDGE('',*,*,#877,.F.);
#1204=ORIENTED_EDGE('',*,*,#880,.F.);
#1205=ORIENTED_EDGE('',*,*,#865,.F.);
#1206=ORIENTED_EDGE('',*,*,#856,.F.);
#1207=ORIENTED_EDGE('',*,*,#860,.F.);
#1208=ORIENTED_EDGE('',*,*,#863,.F.);
#1209=ORIENTED_EDGE('',*,*,#754,.F.);
#1210=ORIENTED_EDGE('',*,*,#772,.F.);
#1211=ORIENTED_EDGE('',*,*,#774,.F.);
#1212=ORIENTED_EDGE('',*,*,#777,.F.);
#1213=ORIENTED_EDGE('',*,*,#780,.F.);
#1214=ORIENTED_EDGE('',*,*,#783,.F.);
#1215=ORIENTED_EDGE('',*,*,#786,.F.);
#1216=ORIENTED_EDGE('',*,*,#882,.T.);
#1217=ORIENTED_EDGE('',*,*,#878,.T.);
#1218=ORIENTED_EDGE('',*,*,#875,.T.);
#1219=ORIENTED_EDGE('',*,*,#872,.T.);
#1220=ORIENTED_EDGE('',*,*,#869,.T.);
#1221=ORIENTED_EDGE('',*,*,#866,.T.);
#1222=ORIENTED_EDGE('',*,*,#883,.F.);
#1223=ORIENTED_EDGE('',*,*,#884,.T.);
#1224=ORIENTED_EDGE('',*,*,#819,.F.);
#1225=ORIENTED_EDGE('',*,*,#884,.F.);
#1226=ORIENTED_EDGE('',*,*,#885,.F.);
#1227=ORIENTED_EDGE('',*,*,#886,.T.);
#1228=ORIENTED_EDGE('',*,*,#818,.F.);
#1229=ORIENTED_EDGE('',*,*,#886,.F.);
#1230=ORIENTED_EDGE('',*,*,#887,.F.);
#1231=ORIENTED_EDGE('',*,*,#888,.T.);
#1232=ORIENTED_EDGE('',*,*,#817,.F.);
#1233=ORIENTED_EDGE('',*,*,#888,.F.);
#1234=ORIENTED_EDGE('',*,*,#889,.F.);
#1235=ORIENTED_EDGE('',*,*,#890,.T.);
#1236=ORIENTED_EDGE('',*,*,#816,.F.);
#1237=ORIENTED_EDGE('',*,*,#890,.F.);
#1238=ORIENTED_EDGE('',*,*,#891,.F.);
#1239=ORIENTED_EDGE('',*,*,#892,.F.);
#1240=ORIENTED_EDGE('',*,*,#893,.F.);
#1241=ORIENTED_EDGE('',*,*,#894,.F.);
#1242=ORIENTED_EDGE('',*,*,#895,.F.);
#1243=ORIENTED_EDGE('',*,*,#896,.F.);
#1244=ORIENTED_EDGE('',*,*,#815,.F.);
#1245=ORIENTED_EDGE('',*,*,#897,.T.);
#1246=ORIENTED_EDGE('',*,*,#898,.F.);
#1247=ORIENTED_EDGE('',*,*,#892,.T.);
#1248=ORIENTED_EDGE('',*,*,#899,.F.);
#1249=ORIENTED_EDGE('',*,*,#896,.T.);
#1250=ORIENTED_EDGE('',*,*,#900,.F.);
#1251=ORIENTED_EDGE('',*,*,#894,.T.);
#1252=ORIENTED_EDGE('',*,*,#901,.F.);
#1253=ORIENTED_EDGE('',*,*,#897,.F.);
#1254=ORIENTED_EDGE('',*,*,#899,.T.);
#1255=ORIENTED_EDGE('',*,*,#902,.F.);
#1256=ORIENTED_EDGE('',*,*,#903,.F.);
#1257=ORIENTED_EDGE('',*,*,#898,.T.);
#1258=ORIENTED_EDGE('',*,*,#901,.T.);
#1259=ORIENTED_EDGE('',*,*,#904,.F.);
#1260=ORIENTED_EDGE('',*,*,#905,.F.);
#1261=ORIENTED_EDGE('',*,*,#906,.F.);
#1262=ORIENTED_EDGE('',*,*,#907,.F.);
#1263=ORIENTED_EDGE('',*,*,#908,.T.);
#1264=ORIENTED_EDGE('',*,*,#905,.T.);
#1265=ORIENTED_EDGE('',*,*,#909,.F.);
#1266=ORIENTED_EDGE('',*,*,#910,.F.);
#1267=ORIENTED_EDGE('',*,*,#911,.T.);
#1268=ORIENTED_EDGE('',*,*,#912,.T.);
#1269=ORIENTED_EDGE('',*,*,#895,.T.);
#1270=ORIENTED_EDGE('',*,*,#903,.T.);
#1271=ORIENTED_EDGE('',*,*,#913,.F.);
#1272=ORIENTED_EDGE('',*,*,#900,.T.);
#1273=ORIENTED_EDGE('',*,*,#912,.F.);
#1274=ORIENTED_EDGE('',*,*,#914,.F.);
#1275=ORIENTED_EDGE('',*,*,#907,.T.);
#1276=ORIENTED_EDGE('',*,*,#915,.F.);
#1277=ORIENTED_EDGE('',*,*,#916,.F.);
#1278=ORIENTED_EDGE('',*,*,#917,.F.);
#1279=ORIENTED_EDGE('',*,*,#883,.T.);
#1280=ORIENTED_EDGE('',*,*,#887,.T.);
#1281=ORIENTED_EDGE('',*,*,#918,.F.);
#1282=ORIENTED_EDGE('',*,*,#919,.T.);
#1283=ORIENTED_EDGE('',*,*,#916,.T.);
#1284=ORIENTED_EDGE('',*,*,#920,.F.);
#1285=ORIENTED_EDGE('',*,*,#921,.F.);
#1286=ORIENTED_EDGE('',*,*,#922,.T.);
#1287=ORIENTED_EDGE('',*,*,#923,.T.);
#1288=ORIENTED_EDGE('',*,*,#913,.T.);
#1289=ORIENTED_EDGE('',*,*,#902,.T.);
#1290=ORIENTED_EDGE('',*,*,#891,.T.);
#1291=ORIENTED_EDGE('',*,*,#906,.T.);
#1292=ORIENTED_EDGE('',*,*,#908,.F.);
#1293=ORIENTED_EDGE('',*,*,#917,.T.);
#1294=ORIENTED_EDGE('',*,*,#919,.F.);
#1295=ORIENTED_EDGE('',*,*,#924,.F.);
#1296=ORIENTED_EDGE('',*,*,#925,.T.);
#1297=ORIENTED_EDGE('',*,*,#926,.T.);
#1298=ORIENTED_EDGE('',*,*,#922,.F.);
#1299=ORIENTED_EDGE('',*,*,#927,.F.);
#1300=ORIENTED_EDGE('',*,*,#920,.T.);
#1301=ORIENTED_EDGE('',*,*,#915,.T.);
#1302=ORIENTED_EDGE('',*,*,#909,.T.);
#1303=ORIENTED_EDGE('',*,*,#904,.T.);
#1304=ORIENTED_EDGE('',*,*,#893,.T.);
#1305=ORIENTED_EDGE('',*,*,#914,.T.);
#1306=ORIENTED_EDGE('',*,*,#911,.F.);
#1307=ORIENTED_EDGE('',*,*,#928,.T.);
#1308=ORIENTED_EDGE('',*,*,#925,.F.);
#1309=ORIENTED_EDGE('',*,*,#910,.T.);
#1310=ORIENTED_EDGE('',*,*,#923,.F.);
#1311=ORIENTED_EDGE('',*,*,#926,.F.);
#1312=ORIENTED_EDGE('',*,*,#928,.F.);
#1313=ORIENTED_EDGE('',*,*,#885,.T.);
#1314=ORIENTED_EDGE('',*,*,#889,.T.);
#1315=ORIENTED_EDGE('',*,*,#850,.T.);
#1316=ORIENTED_EDGE('',*,*,#845,.T.);
#1317=ORIENTED_EDGE('',*,*,#854,.T.);
#1318=ORIENTED_EDGE('',*,*,#864,.T.);
#1319=ORIENTED_EDGE('',*,*,#861,.T.);
#1320=ORIENTED_EDGE('',*,*,#858,.T.);
#1321=ORIENTED_EDGE('',*,*,#918,.T.);
#1322=ORIENTED_EDGE('',*,*,#927,.T.);
#1323=ORIENTED_EDGE('',*,*,#924,.T.);
#1324=ORIENTED_EDGE('',*,*,#921,.T.);
#1325=TOROIDAL_SURFACE('',#1433,97.,3.);
#1326=TOROIDAL_SURFACE('',#1464,28.,2.);
#1327=TOROIDAL_SURFACE('',#1470,28.,2.);
#1328=TOROIDAL_SURFACE('',#1474,125.43615489055,2.);
#1329=TOROIDAL_SURFACE('',#1478,52.,2.);
#1330=TOROIDAL_SURFACE('',#1493,28.,2.);
#1331=TOROIDAL_SURFACE('',#1498,28.,2.);
#1332=TOROIDAL_SURFACE('',#1501,125.43615489055,2.);
#1333=TOROIDAL_SURFACE('',#1504,52.,2.);
#1334=ADVANCED_FACE('',(#334),#1325,.T.);
#1335=ADVANCED_FACE('',(#335,#54,#55,#56,#57,#58,#59),#303,.F.);
#1336=ADVANCED_FACE('',(#336),#19,.T.);
#1337=ADVANCED_FACE('',(#337),#20,.F.);
#1338=ADVANCED_FACE('',(#338),#15,.T.);
#1339=ADVANCED_FACE('',(#339),#21,.F.);
#1340=ADVANCED_FACE('',(#340),#16,.T.);
#1341=ADVANCED_FACE('',(#341),#22,.F.);
#1342=ADVANCED_FACE('',(#342),#17,.T.);
#1343=ADVANCED_FACE('',(#343),#23,.F.);
#1344=ADVANCED_FACE('',(#344),#18,.T.);
#1345=ADVANCED_FACE('',(#345),#24,.T.);
#1346=ADVANCED_FACE('',(#346),#1326,.T.);
#1347=ADVANCED_FACE('',(#347),#25,.T.);
#1348=ADVANCED_FACE('',(#348),#1327,.T.);
#1349=ADVANCED_FACE('',(#349),#1328,.T.);
#1350=ADVANCED_FACE('',(#350),#1329,.T.);
#1351=ADVANCED_FACE('',(#351,#60,#61,#62,#63,#64),#26,.F.);
#1352=ADVANCED_FACE('',(#352),#27,.F.);
#1353=ADVANCED_FACE('',(#353),#28,.T.);
#1354=ADVANCED_FACE('',(#354),#304,.T.);
#1355=ADVANCED_FACE('',(#355),#29,.T.);
#1356=ADVANCED_FACE('',(#356),#305,.T.);
#1357=ADVANCED_FACE('',(#357),#30,.T.);
#1358=ADVANCED_FACE('',(#358),#1330,.T.);
#1359=ADVANCED_FACE('',(#359),#31,.T.);
#1360=ADVANCED_FACE('',(#360),#1331,.T.);
#1361=ADVANCED_FACE('',(#361),#1332,.T.);
#1362=ADVANCED_FACE('',(#362),#1333,.T.);
#1363=ADVANCED_FACE('',(#363,#65,#66,#67,#68,#69),#306,.F.);
#1364=ADVANCED_FACE('',(#364),#32,.F.);
#1365=ADVANCED_FACE('',(#365),#33,.F.);
#1366=ADVANCED_FACE('',(#366),#34,.F.);
#1367=ADVANCED_FACE('',(#367),#35,.F.);
#1368=ADVANCED_FACE('',(#368),#36,.F.);
#1369=ADVANCED_FACE('',(#369),#37,.F.);
#1370=ADVANCED_FACE('',(#370),#38,.F.);
#1371=ADVANCED_FACE('',(#371),#39,.F.);
#1372=ADVANCED_FACE('',(#372),#40,.F.);
#1373=ADVANCED_FACE('',(#373),#41,.F.);
#1374=ADVANCED_FACE('',(#374),#42,.F.);
#1375=ADVANCED_FACE('',(#375,#70,#71,#72,#73,#74),#307,.T.);
#1376=ADVANCED_FACE('',(#376),#43,.F.);
#1377=ADVANCED_FACE('',(#377),#44,.T.);
#1378=ADVANCED_FACE('',(#378,#75),#308,.T.);
#1379=ADVANCED_FACE('',(#379,#76),#309,.T.);
#1380=ADVANCED_FACE('',(#380),#310,.F.);
#1381=ADVANCED_FACE('',(#381),#311,.F.);
#1382=ADVANCED_FACE('',(#382),#312,.F.);
#1383=ADVANCED_FACE('',(#383),#313,.F.);
#1384=ADVANCED_FACE('',(#384),#314,.F.);
#1385=ADVANCED_FACE('',(#385),#45,.F.);
#1386=ADVANCED_FACE('',(#386),#315,.F.);
#1387=ADVANCED_FACE('',(#387),#46,.F.);
#1388=ADVANCED_FACE('',(#388),#47,.T.);
#1389=ADVANCED_FACE('',(#389,#77,#78,#79,#80,#81),#48,.T.);
#1390=ADVANCED_FACE('',(#390,#82),#316,.T.);
#1391=ADVANCED_FACE('',(#391),#317,.T.);
#1392=ADVANCED_FACE('',(#392),#49,.F.);
#1393=ADVANCED_FACE('',(#393),#50,.F.);
#1394=ADVANCED_FACE('',(#394),#51,.F.);
#1395=ADVANCED_FACE('',(#395),#52,.F.);
#1396=ADVANCED_FACE('',(#396),#318,.T.);
#1397=ADVANCED_FACE('',(#397),#319,.T.);
#1398=ADVANCED_FACE('',(#398),#320,.T.);
#1399=ADVANCED_FACE('',(#399),#53,.F.);
#1400=ADVANCED_FACE('',(#400),#321,.F.);
#1401=ADVANCED_FACE('',(#401),#322,.F.);
#1402=ADVANCED_FACE('',(#402),#323,.F.);
#1403=ADVANCED_FACE('',(#403),#324,.F.);
#1404=ADVANCED_FACE('',(#404),#325,.F.);
#1405=ADVANCED_FACE('',(#405,#83,#84),#326,.F.);
#1406=ADVANCED_FACE('',(#406),#327,.F.);
#1407=ADVANCED_FACE('',(#407),#328,.F.);
#1408=ADVANCED_FACE('',(#408),#329,.F.);
#1409=ADVANCED_FACE('',(#409),#330,.F.);
#1410=ADVANCED_FACE('',(#410,#85,#86),#331,.F.);
#1411=ADVANCED_FACE('',(#411,#87),#332,.T.);
#1412=ADVANCED_FACE('',(#412,#88),#333,.T.);
#1413=CLOSED_SHELL('',(#1334,#1335,#1336,#1337,#1338,#1339,#1340,#1341,
#1342,#1343,#1344,#1345,#1346,#1347,#1348,#1349,#1350,#1351,#1352,#1353,
#1354,#1355,#1356,#1357,#1358,#1359,#1360,#1361,#1362,#1363,#1364,#1365,
#1366,#1367,#1368,#1369,#1370,#1371,#1372,#1373,#1374,#1375,#1376,#1377,
#1378,#1379,#1380,#1381,#1382,#1383,#1384,#1385,#1386,#1387,#1388,#1389,
#1390,#1391,#1392,#1393,#1394,#1395,#1396,#1397,#1398,#1399,#1400,#1401,
#1402,#1403,#1404,#1405,#1406,#1407,#1408,#1409,#1410,#1411,#1412));
#1414=DERIVED_UNIT_ELEMENT(#1416,1.);
#1415=DERIVED_UNIT_ELEMENT(#3019,3.);
#1416=(
MASS_UNIT()
NAMED_UNIT(*)
SI_UNIT($,.GRAM.)
);
#1417=DERIVED_UNIT((#1414,#1415));
#1418=MEASURE_REPRESENTATION_ITEM('density measure',
POSITIVE_RATIO_MEASURE(1.06),#1417);
#1419=PROPERTY_DEFINITION_REPRESENTATION(#1424,#1421);
#1420=PROPERTY_DEFINITION_REPRESENTATION(#1425,#1422);
#1421=REPRESENTATION('material name',(#1423),#3016);
#1422=REPRESENTATION('density',(#1418),#3016);
#1423=DESCRIPTIVE_REPRESENTATION_ITEM('ABS Plastic','ABS Plastic');
#1424=PROPERTY_DEFINITION('material property','material name',#3026);
#1425=PROPERTY_DEFINITION('material property','density of part',#3026);
#1426=DATE_TIME_ROLE('creation_date');
#1427=APPLIED_DATE_AND_TIME_ASSIGNMENT(#1428,#1426,(#3026));
#1428=DATE_AND_TIME(#1429,#1430);
#1429=CALENDAR_DATE(2025,3,11);
#1430=LOCAL_TIME(0,0,0.,#1431);
#1431=COORDINATED_UNIVERSAL_TIME_OFFSET(0,0,.BEHIND.);
#1432=AXIS2_PLACEMENT_3D('placement',#2003,#1591,#1592);
#1433=AXIS2_PLACEMENT_3D('',#2004,#1593,#1594);
#1434=AXIS2_PLACEMENT_3D('',#2007,#1595,#1596);
#1435=AXIS2_PLACEMENT_3D('',#2008,#1597,#1598);
#1436=AXIS2_PLACEMENT_3D('',#2010,#1599,#1600);
#1437=AXIS2_PLACEMENT_3D('',#2011,#1601,#1602);
#1438=AXIS2_PLACEMENT_3D('',#2012,#1603,#1604);
#1439=AXIS2_PLACEMENT_3D('',#2052,#1608,#1609);
#1440=AXIS2_PLACEMENT_3D('',#2056,#1611,#1612);
#1441=AXIS2_PLACEMENT_3D('',#2063,#1616,#1617);
#1442=AXIS2_PLACEMENT_3D('',#2065,#1618,#1619);
#1443=AXIS2_PLACEMENT_3D('',#2067,#1620,#1621);
#1444=AXIS2_PLACEMENT_3D('',#2069,#1622,#1623);
#1445=AXIS2_PLACEMENT_3D('',#2071,#1624,#1625);
#1446=AXIS2_PLACEMENT_3D('',#2072,#1626,#1627);
#1447=AXIS2_PLACEMENT_3D('',#2074,#1628,#1629);
#1448=AXIS2_PLACEMENT_3D('',#2076,#1631,#1632);
#1449=AXIS2_PLACEMENT_3D('',#2078,#1633,#1634);
#1450=AXIS2_PLACEMENT_3D('',#2081,#1636,#1637);
#1451=AXIS2_PLACEMENT_3D('',#2113,#1638,#1639);
#1452=AXIS2_PLACEMENT_3D('',#2114,#1640,#1641);
#1453=AXIS2_PLACEMENT_3D('',#2115,#1642,#1643);
#1454=AXIS2_PLACEMENT_3D('',#2117,#1644,#1645);
#1455=AXIS2_PLACEMENT_3D('',#2150,#1647,#1648);
#1456=AXIS2_PLACEMENT_3D('',#2151,#1649,#1650);
#1457=AXIS2_PLACEMENT_3D('',#2152,#1651,#1652);
#1458=AXIS2_PLACEMENT_3D('',#2154,#1653,#1654);
#1459=AXIS2_PLACEMENT_3D('',#2242,#1656,#1657);
#1460=AXIS2_PLACEMENT_3D('',#2260,#1658,#1659);
#1461=AXIS2_PLACEMENT_3D('',#2262,#1660,#1661);
#1462=AXIS2_PLACEMENT_3D('',#2346,#1663,#1664);
#1463=AXIS2_PLACEMENT_3D('',#2350,#1666,#1667);
#1464=AXIS2_PLACEMENT_3D('',#2352,#1669,#1670);
#1465=AXIS2_PLACEMENT_3D('',#2355,#1671,#1672);
#1466=AXIS2_PLACEMENT_3D('',#2356,#1673,#1674);
#1467=AXIS2_PLACEMENT_3D('',#2357,#1675,#1676);
#1468=AXIS2_PLACEMENT_3D('',#2358,#1677,#1678);
#1469=AXIS2_PLACEMENT_3D('',#2361,#1679,#1680);
#1470=AXIS2_PLACEMENT_3D('',#2364,#1683,#1684);
#1471=AXIS2_PLACEMENT_3D('',#2367,#1685,#1686);
#1472=AXIS2_PLACEMENT_3D('',#2368,#1687,#1688);
#1473=AXIS2_PLACEMENT_3D('',#2369,#1689,#1690);
#1474=AXIS2_PLACEMENT_3D('',#2370,#1691,#1692);
#1475=AXIS2_PLACEMENT_3D('',#2373,#1693,#1694);
#1476=AXIS2_PLACEMENT_3D('',#2374,#1695,#1696);
#1477=AXIS2_PLACEMENT_3D('',#2375,#1697,#1698);
#1478=AXIS2_PLACEMENT_3D('',#2376,#1699,#1700);
#1479=AXIS2_PLACEMENT_3D('',#2388,#1701,#1702);
#1480=AXIS2_PLACEMENT_3D('',#2389,#1703,#1704);
#1481=AXIS2_PLACEMENT_3D('',#2390,#1705,#1706);
#1482=AXIS2_PLACEMENT_3D('',#2393,#1708,#1709);
#1483=AXIS2_PLACEMENT_3D('',#2569,#1710,#1711);
#1484=AXIS2_PLACEMENT_3D('',#2572,#1713,#1714);
#1485=AXIS2_PLACEMENT_3D('',#2573,#1715,#1716);
#1486=AXIS2_PLACEMENT_3D('',#2576,#1718,#1719);
#1487=AXIS2_PLACEMENT_3D('',#2577,#1720,#1721);
#1488=AXIS2_PLACEMENT_3D('',#2581,#1724,#1725);
#1489=AXIS2_PLACEMENT_3D('',#2584,#1727,#1728);
#1490=AXIS2_PLACEMENT_3D('',#2585,#1729,#1730);
#1491=AXIS2_PLACEMENT_3D('',#2587,#1732,#1733);
#1492=AXIS2_PLACEMENT_3D('',#2590,#1735,#1736);
#1493=AXIS2_PLACEMENT_3D('',#2591,#1737,#1738);
#1494=AXIS2_PLACEMENT_3D('',#2593,#1739,#1740);
#1495=AXIS2_PLACEMENT_3D('',#2594,#1741,#1742);
#1496=AXIS2_PLACEMENT_3D('',#2595,#1743,#1744);
#1497=AXIS2_PLACEMENT_3D('',#2597,#1745,#1746);
#1498=AXIS2_PLACEMENT_3D('',#2599,#1748,#1749);
#1499=AXIS2_PLACEMENT_3D('',#2601,#1750,#1751);
#1500=AXIS2_PLACEMENT_3D('',#2602,#1752,#1753);
#1501=AXIS2_PLACEMENT_3D('',#2603,#1754,#1755);
#1502=AXIS2_PLACEMENT_3D('',#2605,#1756,#1757);
#1503=AXIS2_PLACEMENT_3D('',#2606,#1758,#1759);
#1504=AXIS2_PLACEMENT_3D('',#2607,#1760,#1761);
#1505=AXIS2_PLACEMENT_3D('',#2608,#1762,#1763);
#1506=AXIS2_PLACEMENT_3D('',#2609,#1764,#1765);
#1507=AXIS2_PLACEMENT_3D('',#2611,#1766,#1767);
#1508=AXIS2_PLACEMENT_3D('',#2613,#1768,#1769);
#1509=AXIS2_PLACEMENT_3D('',#2615,#1770,#1771);
#1510=AXIS2_PLACEMENT_3D('',#2617,#1772,#1773);
#1511=AXIS2_PLACEMENT_3D('',#2619,#1774,#1775);
#1512=AXIS2_PLACEMENT_3D('',#2620,#1776,#1777);
#1513=AXIS2_PLACEMENT_3D('',#2622,#1778,#1779);
#1514=AXIS2_PLACEMENT_3D('',#2624,#1781,#1782);
#1515=AXIS2_PLACEMENT_3D('',#2664,#1784,#1785);
#1516=AXIS2_PLACEMENT_3D('',#2666,#1786,#1787);
#1517=AXIS2_PLACEMENT_3D('',#2668,#1789,#1790);
#1518=AXIS2_PLACEMENT_3D('',#2708,#1792,#1793);
#1519=AXIS2_PLACEMENT_3D('',#2710,#1794,#1795);
#1520=AXIS2_PLACEMENT_3D('',#2712,#1797,#1798);
#1521=AXIS2_PLACEMENT_3D('',#2752,#1800,#1801);
#1522=AXIS2_PLACEMENT_3D('',#2754,#1802,#1803);
#1523=AXIS2_PLACEMENT_3D('',#2756,#1805,#1806);
#1524=AXIS2_PLACEMENT_3D('',#2796,#1808,#1809);
#1525=AXIS2_PLACEMENT_3D('',#2798,#1810,#1811);
#1526=AXIS2_PLACEMENT_3D('',#2800,#1813,#1814);
#1527=AXIS2_PLACEMENT_3D('',#2840,#1816,#1817);
#1528=AXIS2_PLACEMENT_3D('',#2842,#1818,#1819);
#1529=AXIS2_PLACEMENT_3D('',#2845,#1821,#1822);
#1530=AXIS2_PLACEMENT_3D('',#2846,#1823,#1824);
#1531=AXIS2_PLACEMENT_3D('',#2847,#1825,#1826);
#1532=AXIS2_PLACEMENT_3D('',#2849,#1827,#1828);
#1533=AXIS2_PLACEMENT_3D('',#2852,#1830,#1831);
#1534=AXIS2_PLACEMENT_3D('',#2853,#1832,#1833);
#1535=AXIS2_PLACEMENT_3D('',#2855,#1834,#1835);
#1536=AXIS2_PLACEMENT_3D('',#2858,#1837,#1838);
#1537=AXIS2_PLACEMENT_3D('',#2859,#1839,#1840);
#1538=AXIS2_PLACEMENT_3D('',#2860,#1841,#1842);
#1539=AXIS2_PLACEMENT_3D('',#2861,#1843,#1844);
#1540=AXIS2_PLACEMENT_3D('',#2870,#1849,#1850);
#1541=AXIS2_PLACEMENT_3D('',#2876,#1854,#1855);
#1542=AXIS2_PLACEMENT_3D('',#2882,#1859,#1860);
#1543=AXIS2_PLACEMENT_3D('',#2885,#1863,#1864);
#1544=AXIS2_PLACEMENT_3D('',#2891,#1868,#1869);
#1545=AXIS2_PLACEMENT_3D('',#2893,#1870,#1871);
#1546=AXIS2_PLACEMENT_3D('',#2896,#1873,#1874);
#1547=AXIS2_PLACEMENT_3D('',#2897,#1875,#1876);
#1548=AXIS2_PLACEMENT_3D('',#2903,#1880,#1881);
#1549=AXIS2_PLACEMENT_3D('',#2905,#1882,#1883);
#1550=AXIS2_PLACEMENT_3D('',#2908,#1885,#1886);
#1551=AXIS2_PLACEMENT_3D('',#2909,#1887,#1888);
#1552=AXIS2_PLACEMENT_3D('',#2911,#1889,#1890);
#1553=AXIS2_PLACEMENT_3D('',#2914,#1892,#1893);
#1554=AXIS2_PLACEMENT_3D('',#2915,#1894,#1895);
#1555=AXIS2_PLACEMENT_3D('',#2916,#1896,#1897);
#1556=AXIS2_PLACEMENT_3D('',#2917,#1898,#1899);
#1557=AXIS2_PLACEMENT_3D('',#2918,#1900,#1901);
#1558=AXIS2_PLACEMENT_3D('',#2919,#1902,#1903);
#1559=AXIS2_PLACEMENT_3D('',#2920,#1904,#1905);
#1560=AXIS2_PLACEMENT_3D('',#2922,#1906,#1907);
#1561=AXIS2_PLACEMENT_3D('',#2924,#1909,#1910);
#1562=AXIS2_PLACEMENT_3D('',#2926,#1911,#1912);
#1563=AXIS2_PLACEMENT_3D('',#2928,#1914,#1915);
#1564=AXIS2_PLACEMENT_3D('',#2930,#1916,#1917);
#1565=AXIS2_PLACEMENT_3D('',#2932,#1919,#1920);
#1566=AXIS2_PLACEMENT_3D('',#2934,#1921,#1922);
#1567=AXIS2_PLACEMENT_3D('',#2936,#1924,#1925);
#1568=AXIS2_PLACEMENT_3D('',#2940,#1927,#1928);
#1569=AXIS2_PLACEMENT_3D('',#2941,#1929,#1930);
#1570=AXIS2_PLACEMENT_3D('',#2945,#1932,#1933);
#1571=AXIS2_PLACEMENT_3D('',#2946,#1934,#1935);
#1572=AXIS2_PLACEMENT_3D('',#2950,#1937,#1938);
#1573=AXIS2_PLACEMENT_3D('',#2951,#1939,#1940);
#1574=AXIS2_PLACEMENT_3D('',#2954,#1942,#1943);
#1575=AXIS2_PLACEMENT_3D('',#2955,#1944,#1945);
#1576=AXIS2_PLACEMENT_3D('',#2956,#1946,#1947);
#1577=AXIS2_PLACEMENT_3D('',#2957,#1948,#1949);
#1578=AXIS2_PLACEMENT_3D('',#2958,#1950,#1951);
#1579=AXIS2_PLACEMENT_3D('',#2962,#1954,#1955);
#1580=AXIS2_PLACEMENT_3D('',#2968,#1959,#1960);
#1581=AXIS2_PLACEMENT_3D('',#2974,#1964,#1965);
#1582=AXIS2_PLACEMENT_3D('',#2982,#1970,#1971);
#1583=AXIS2_PLACEMENT_3D('',#2984,#1973,#1974);
#1584=AXIS2_PLACEMENT_3D('',#2990,#1978,#1979);
#1585=AXIS2_PLACEMENT_3D('',#2996,#1983,#1984);
#1586=AXIS2_PLACEMENT_3D('',#3002,#1988,#1989);
#1587=AXIS2_PLACEMENT_3D('',#3008,#1993,#1994);
#1588=AXIS2_PLACEMENT_3D('',#3011,#1997,#1998);
#1589=AXIS2_PLACEMENT_3D('',#3012,#1999,#2000);
#1590=AXIS2_PLACEMENT_3D('',#3013,#2001,#2002);
#1591=DIRECTION('axis',(0.,0.,1.));
#1592=DIRECTION('refdir',(1.,0.,0.));
#1593=DIRECTION('center_axis',(-4.736951571734E-16,-1.,0.));
#1594=DIRECTION('ref_axis',(0.,0.,-1.));
#1595=DIRECTION('center_axis',(4.736951571734E-16,1.,0.));
#1596=DIRECTION('ref_axis',(-1.,4.71844785465692E-16,1.33226762955019E-16));
#1597=DIRECTION('center_axis',(4.736951571734E-16,1.,0.));
#1598=DIRECTION('ref_axis',(-1.,4.71844785465692E-16,1.33226762955019E-16));
#1599=DIRECTION('center_axis',(-1.,4.736951571734E-16,-1.22124532708767E-16));
#1600=DIRECTION('ref_axis',(-1.22124532708767E-16,0.,1.));
#1601=DIRECTION('center_axis',(-4.736951571734E-16,-1.,0.));
#1602=DIRECTION('ref_axis',(-1.,4.736951571734E-16,1.33226762955019E-16));
#1603=DIRECTION('center_axis',(-4.736951571734E-16,-1.,0.));
#1604=DIRECTION('ref_axis',(0.,0.,-1.));
#1605=DIRECTION('',(0.,0.,-1.));
#1606=DIRECTION('',(0.,0.,1.));
#1607=DIRECTION('',(-1.,4.736951571734E-16,0.));
#1608=DIRECTION('center_axis',(4.736951571734E-16,1.,0.));
#1609=DIRECTION('ref_axis',(1.,-4.736951571734E-16,2.19218511203116E-14));
#1610=DIRECTION('',(0.,0.,-1.));
#1611=DIRECTION('center_axis',(4.736951571734E-16,1.,0.));
#1612=DIRECTION('ref_axis',(1.,-4.736951571734E-16,-4.68173287332838E-14));
#1613=DIRECTION('',(1.,-4.736951571734E-16,0.));
#1614=DIRECTION('',(0.,0.,-1.));
#1615=DIRECTION('',(-1.,5.32907051820075E-16,0.));
#1616=DIRECTION('center_axis',(-4.736951571734E-16,-1.,0.));
#1617=DIRECTION('ref_axis',(1.,-4.73579508941668E-16,0.));
#1618=DIRECTION('center_axis',(-4.736951571734E-16,-1.,0.));
#1619=DIRECTION('ref_axis',(1.,-4.73579508941668E-16,0.));
#1620=DIRECTION('center_axis',(-4.736951571734E-16,-1.,0.));
#1621=DIRECTION('ref_axis',(1.,-4.44089209850063E-16,0.));
#1622=DIRECTION('center_axis',(-4.736951571734E-16,-1.,0.));
#1623=DIRECTION('ref_axis',(1.,-4.44089209850063E-16,0.));
#1624=DIRECTION('center_axis',(-4.736951571734E-16,-1.,0.));
#1625=DIRECTION('ref_axis',(1.,-4.71844785465692E-16,0.));
#1626=DIRECTION('center_axis',(0.,-1.,0.));
#1627=DIRECTION('ref_axis',(1.,0.,0.));
#1628=DIRECTION('center_axis',(-4.736951571734E-16,-1.,0.));
#1629=DIRECTION('ref_axis',(1.,-4.736951571734E-16,0.));
#1630=DIRECTION('',(0.,1.,0.));
#1631=DIRECTION('center_axis',(1.,-4.736951571734E-16,0.));
#1632=DIRECTION('ref_axis',(-3.92523114670943E-16,-0.707106781186544,-0.707106781186551));
#1633=DIRECTION('center_axis',(1.,0.,0.));
#1634=DIRECTION('ref_axis',(0.,-1.,0.));
#1635=DIRECTION('',(-1.,4.736951571734E-16,0.));
#1636=DIRECTION('center_axis',(-0.996615677342153,0.082202139119625,0.));
#1637=DIRECTION('ref_axis',(-0.082202139119625,-0.996615677342153,-4.42586268675062E-15));
#1638=DIRECTION('center_axis',(0.,0.,-1.));
#1639=DIRECTION('ref_axis',(0.,-1.,0.));
#1640=DIRECTION('center_axis',(0.0811059919364772,-0.996705482111943,4.89051045403704E-15));
#1641=DIRECTION('ref_axis',(0.996705482111943,0.0811059919364772,-4.60075748294068E-14));
#1642=DIRECTION('center_axis',(0.,0.,1.));
#1643=DIRECTION('ref_axis',(-0.735595724266951,-0.677420792742724,0.));
#1644=DIRECTION('center_axis',(-2.78498284209711E-16,0.,-1.));
#1645=DIRECTION('ref_axis',(0.,-1.,0.));
#1646=DIRECTION('',(0.,0.,1.));
#1647=DIRECTION('center_axis',(-1.,0.,0.));
#1648=DIRECTION('ref_axis',(0.,-1.,0.));
#1649=DIRECTION('center_axis',(0.0811059919364772,-0.996705482111943,1.80091479365879E-15));
#1650=DIRECTION('ref_axis',(0.996705482111943,0.0811059919364772,2.17714416603443E-14));
#1651=DIRECTION('center_axis',(1.,-4.736951571734E-16,0.));
#1652=DIRECTION('ref_axis',(-3.92523114670944E-16,-0.707106781186546,0.707106781186549));
#1653=DIRECTION('center_axis',(-1.,1.11022302462516E-15,9.86076131526268E-30));
#1654=DIRECTION('ref_axis',(-1.11022302462516E-15,-1.,0.));
#1655=DIRECTION('',(1.,-4.736951571734E-16,0.));
#1656=DIRECTION('center_axis',(4.49113816334353E-13,5.5511151231258E-16,
1.));
#1657=DIRECTION('ref_axis',(0.,-1.,5.5511151231258E-16));
#1658=DIRECTION('center_axis',(0.,0.,1.));
#1659=DIRECTION('ref_axis',(0.000927010750744637,-0.999999570325442,0.));
#1660=DIRECTION('center_axis',(0.,0.,1.));
#1661=DIRECTION('ref_axis',(0.,-1.,0.));
#1662=DIRECTION('',(0.,0.,-1.));
#1663=DIRECTION('center_axis',(0.0822021391196251,0.996615677342153,0.));
#1664=DIRECTION('ref_axis',(0.704713703685457,-0.0581256899995269,0.707106781186551));
#1665=DIRECTION('',(0.0822021391196251,0.996615677342153,0.));
#1666=DIRECTION('center_axis',(-0.0822021391196273,-0.996615677342153,0.));
#1667=DIRECTION('ref_axis',(0.996615677342153,-0.0822021391196273,0.));
#1668=DIRECTION('',(-0.0822021391196251,-0.996615677342153,0.));
#1669=DIRECTION('center_axis',(0.,0.,1.));
#1670=DIRECTION('ref_axis',(1.,0.,0.));
#1671=DIRECTION('center_axis',(0.687744647910784,-0.725952683905826,0.));
#1672=DIRECTION('ref_axis',(0.725952683905826,0.687744647910784,0.));
#1673=DIRECTION('center_axis',(0.,0.,-1.));
#1674=DIRECTION('ref_axis',(0.943406038515627,0.331639935008211,0.));
#1675=DIRECTION('center_axis',(0.,0.,1.));
#1676=DIRECTION('ref_axis',(0.943406038515627,0.331639935008211,0.));
#1677=DIRECTION('center_axis',(-0.687744647910783,0.725952683905827,0.));
#1678=DIRECTION('ref_axis',(0.513326065610387,0.486308904262469,0.707106781186546));
#1679=DIRECTION('center_axis',(0.68774464791078,-0.725952683905829,0.));
#1680=DIRECTION('ref_axis',(0.725952683905829,0.68774464791078,0.));
#1681=DIRECTION('',(0.687744647910783,-0.725952683905827,0.));
#1682=DIRECTION('',(-0.687744647910783,0.725952683905827,0.));
#1683=DIRECTION('center_axis',(0.,0.,1.));
#1684=DIRECTION('ref_axis',(-0.829746964601641,0.558139744808021,0.));
#1685=DIRECTION('center_axis',(-0.931651061847195,0.363354233440308,0.));
#1686=DIRECTION('ref_axis',(-0.363354233440308,-0.931651061847195,0.));
#1687=DIRECTION('center_axis',(0.,0.,-1.));
#1688=DIRECTION('ref_axis',(-0.829746964601641,0.558139744808021,0.));
#1689=DIRECTION('center_axis',(0.,0.,1.));
#1690=DIRECTION('ref_axis',(-0.829746964601641,0.558139744808021,0.));
#1691=DIRECTION('center_axis',(0.,0.,-1.));
#1692=DIRECTION('ref_axis',(-1.,0.,0.));
#1693=DIRECTION('center_axis',(-0.31250103121872,0.949917420351494,0.));
#1694=DIRECTION('ref_axis',(-0.949917420351494,-0.31250103121872,0.));
#1695=DIRECTION('center_axis',(0.,0.,1.));
#1696=DIRECTION('ref_axis',(0.725952683905826,0.687744647910783,0.));
#1697=DIRECTION('center_axis',(0.,0.,-1.));
#1698=DIRECTION('ref_axis',(0.725952683905826,0.687744647910783,0.));
#1699=DIRECTION('center_axis',(0.,0.,-1.));
#1700=DIRECTION('ref_axis',(0.810636065287348,-0.585550313513234,0.));
#1701=DIRECTION('center_axis',(0.,0.,1.));
#1702=DIRECTION('ref_axis',(0.8106250981225,-0.585565496160666,0.));
#1703=DIRECTION('center_axis',(0.,0.,-1.));
#1704=DIRECTION('ref_axis',(0.8106250981225,-0.585565496160666,0.));
#1705=DIRECTION('center_axis',(0.,0.,1.));
#1706=DIRECTION('ref_axis',(0.00181656191103352,0.999998350050051,0.));
#1707=DIRECTION('',(0.,0.,1.));
#1708=DIRECTION('center_axis',(0.,0.,1.));
#1709=DIRECTION('ref_axis',(0.8106250981225,-0.585565496160666,0.));
#1710=DIRECTION('center_axis',(0.,0.,1.));
#1711=DIRECTION('ref_axis',(-0.949917420351494,-0.312501031218718,0.));
#1712=DIRECTION('',(0.,0.,1.));
#1713=DIRECTION('center_axis',(0.,0.,1.));
#1714=DIRECTION('ref_axis',(0.725952683905826,0.687744647910783,0.));
#1715=DIRECTION('center_axis',(0.,0.,1.));
#1716=DIRECTION('ref_axis',(-0.829746964601641,0.558139744808021,0.));
#1717=DIRECTION('',(0.,0.,1.));
#1718=DIRECTION('center_axis',(0.,0.,-1.));
#1719=DIRECTION('ref_axis',(-0.829746964601641,0.558139744808021,0.));
#1720=DIRECTION('center_axis',(0.725952683905827,0.687744647910783,0.));
#1721=DIRECTION('ref_axis',(-0.687744647910783,0.725952683905827,0.));
#1722=DIRECTION('',(0.,0.,1.));
#1723=DIRECTION('',(0.687744647910783,-0.725952683905827,0.));
#1724=DIRECTION('center_axis',(0.,0.,1.));
#1725=DIRECTION('ref_axis',(0.996615677342153,-0.082202139119625,0.));
#1726=DIRECTION('',(0.,0.,1.));
#1727=DIRECTION('center_axis',(0.,0.,-1.));
#1728=DIRECTION('ref_axis',(0.943406038515627,0.331639935008211,0.));
#1729=DIRECTION('center_axis',(0.996615677342153,-0.0822021391196251,0.));
#1730=DIRECTION('ref_axis',(0.0822021391196251,0.996615677342153,0.));
#1731=DIRECTION('',(-0.0822021391196251,-0.996615677342153,0.));
#1732=DIRECTION('center_axis',(0.0822021391196251,0.996615677342153,0.));
#1733=DIRECTION('ref_axis',(0.704713703685458,-0.0581256899995269,-0.70710678118655));
#1734=DIRECTION('',(0.0822021391196251,0.996615677342153,0.));
#1735=DIRECTION('center_axis',(-0.0822021391196273,-0.996615677342153,0.));
#1736=DIRECTION('ref_axis',(0.,0.,-1.));
#1737=DIRECTION('center_axis',(0.,0.,1.));
#1738=DIRECTION('ref_axis',(1.,0.,0.));
#1739=DIRECTION('center_axis',(0.687744647910784,-0.725952683905826,0.));
#1740=DIRECTION('ref_axis',(0.,0.,-1.));
#1741=DIRECTION('center_axis',(0.,0.,1.));
#1742=DIRECTION('ref_axis',(0.943406038515627,0.331639935008211,0.));
#1743=DIRECTION('center_axis',(-0.687744647910783,0.725952683905827,0.));
#1744=DIRECTION('ref_axis',(0.513326065610387,0.486308904262469,-0.707106781186546));
#1745=DIRECTION('center_axis',(0.68774464791078,-0.725952683905829,0.));
#1746=DIRECTION('ref_axis',(0.,0.,-1.));
#1747=DIRECTION('',(-0.687744647910783,0.725952683905827,0.));
#1748=DIRECTION('center_axis',(0.,0.,1.));
#1749=DIRECTION('ref_axis',(-0.829746964601641,0.558139744808021,0.));
#1750=DIRECTION('center_axis',(-0.931651061847195,0.363354233440308,0.));
#1751=DIRECTION('ref_axis',(0.,0.,-1.));
#1752=DIRECTION('center_axis',(0.,0.,1.));
#1753=DIRECTION('ref_axis',(-0.829746964601641,0.558139744808021,0.));
#1754=DIRECTION('center_axis',(0.,0.,-1.));
#1755=DIRECTION('ref_axis',(-1.,0.,0.));
#1756=DIRECTION('center_axis',(-0.31250103121872,0.949917420351494,0.));
#1757=DIRECTION('ref_axis',(0.,0.,-1.));
#1758=DIRECTION('center_axis',(0.,0.,-1.));
#1759=DIRECTION('ref_axis',(0.725952683905826,0.687744647910783,0.));
#1760=DIRECTION('center_axis',(0.,0.,-1.));
#1761=DIRECTION('ref_axis',(0.810636065287397,-0.585550313513166,0.));
#1762=DIRECTION('center_axis',(0.,0.,-1.));
#1763=DIRECTION('ref_axis',(0.8106250981225,-0.585565496160666,0.));
#1764=DIRECTION('center_axis',(0.,0.,1.));
#1765=DIRECTION('ref_axis',(1.,0.,0.));
#1766=DIRECTION('center_axis',(0.,0.,1.));
#1767=DIRECTION('ref_axis',(-1.,0.,0.));
#1768=DIRECTION('center_axis',(0.,0.,1.));
#1769=DIRECTION('ref_axis',(1.,0.,0.));
#1770=DIRECTION('center_axis',(0.,0.,1.));
#1771=DIRECTION('ref_axis',(1.,0.,0.));
#1772=DIRECTION('center_axis',(0.,0.,1.));
#1773=DIRECTION('ref_axis',(1.,0.,0.));
#1774=DIRECTION('center_axis',(0.,0.,1.));
#1775=DIRECTION('ref_axis',(1.,0.,0.));
#1776=DIRECTION('center_axis',(4.73579508941668E-16,1.,0.));
#1777=DIRECTION('ref_axis',(1.,-4.73579508941668E-16,0.));
#1778=DIRECTION('center_axis',(4.736951571734E-16,1.,0.));
#1779=DIRECTION('ref_axis',(1.,-4.73579508941668E-16,0.));
#1780=DIRECTION('',(4.73579508941668E-16,1.,0.));
#1781=DIRECTION('center_axis',(4.73579508941668E-16,1.,0.));
#1782=DIRECTION('ref_axis',(1.,-4.73579508941668E-16,0.));
#1783=DIRECTION('',(4.73579508941668E-16,1.,0.));
#1784=DIRECTION('center_axis',(4.73579508941668E-16,1.,0.));
#1785=DIRECTION('ref_axis',(1.,-4.73579508941668E-16,0.));
#1786=DIRECTION('center_axis',(4.736951571734E-16,1.,0.));
#1787=DIRECTION('ref_axis',(1.,-4.73579508941668E-16,0.));
#1788=DIRECTION('',(4.73579508941668E-16,1.,0.));
#1789=DIRECTION('center_axis',(4.73579508941668E-16,1.,0.));
#1790=DIRECTION('ref_axis',(1.,-4.73579508941668E-16,0.));
#1791=DIRECTION('',(4.73579508941668E-16,1.,0.));
#1792=DIRECTION('center_axis',(4.44089209850063E-16,1.,0.));
#1793=DIRECTION('ref_axis',(1.,-4.44089209850063E-16,0.));
#1794=DIRECTION('center_axis',(4.736951571734E-16,1.,0.));
#1795=DIRECTION('ref_axis',(1.,-4.44089209850063E-16,0.));
#1796=DIRECTION('',(4.44089209850063E-16,1.,0.));
#1797=DIRECTION('center_axis',(4.44089209850063E-16,1.,0.));
#1798=DIRECTION('ref_axis',(1.,-4.44089209850063E-16,0.));
#1799=DIRECTION('',(4.44089209850063E-16,1.,0.));
#1800=DIRECTION('center_axis',(4.44089209850063E-16,1.,0.));
#1801=DIRECTION('ref_axis',(1.,-4.44089209850063E-16,0.));
#1802=DIRECTION('center_axis',(4.736951571734E-16,1.,0.));
#1803=DIRECTION('ref_axis',(1.,-4.44089209850063E-16,0.));
#1804=DIRECTION('',(4.44089209850063E-16,1.,0.));
#1805=DIRECTION('center_axis',(4.44089209850063E-16,1.,0.));
#1806=DIRECTION('ref_axis',(1.,-4.44089209850063E-16,0.));
#1807=DIRECTION('',(4.44089209850063E-16,1.,0.));
#1808=DIRECTION('center_axis',(4.71844785465692E-16,1.,0.));
#1809=DIRECTION('ref_axis',(1.,-4.71844785465692E-16,0.));
#1810=DIRECTION('center_axis',(4.736951571734E-16,1.,0.));
#1811=DIRECTION('ref_axis',(1.,-4.71844785465692E-16,0.));
#1812=DIRECTION('',(4.71844785465692E-16,1.,0.));
#1813=DIRECTION('center_axis',(4.71844785465692E-16,1.,0.));
#1814=DIRECTION('ref_axis',(1.,-4.71844785465692E-16,0.));
#1815=DIRECTION('',(4.71844785465692E-16,1.,0.));
#1816=DIRECTION('center_axis',(4.74454284027845E-16,1.,0.));
#1817=DIRECTION('ref_axis',(1.,-4.74454284027845E-16,0.));
#1818=DIRECTION('center_axis',(4.736951571734E-16,1.,0.));
#1819=DIRECTION('ref_axis',(1.,-4.74454284027845E-16,0.));
#1820=DIRECTION('',(4.74454284027845E-16,1.,0.));
#1821=DIRECTION('center_axis',(4.736951571734E-16,1.,0.));
#1822=DIRECTION('ref_axis',(1.,-4.736951571734E-16,0.));
#1823=DIRECTION('center_axis',(-4.736951571734E-16,-1.,0.));
#1824=DIRECTION('ref_axis',(0.,0.,-1.));
#1825=DIRECTION('center_axis',(-4.44089209850063E-16,-1.,0.));
#1826=DIRECTION('ref_axis',(-1.,4.44089209850063E-16,0.));
#1827=DIRECTION('center_axis',(4.736951571734E-16,1.,0.));
#1828=DIRECTION('ref_axis',(-1.,4.736951571734E-16,0.));
#1829=DIRECTION('',(4.44089209850063E-16,1.,0.));
#1830=DIRECTION('center_axis',(-4.736951571734E-16,-1.,0.));
#1831=DIRECTION('ref_axis',(-1.,4.44089209850063E-16,0.));
#1832=DIRECTION('center_axis',(-4.44089209850063E-16,-1.,0.));
#1833=DIRECTION('ref_axis',(1.,-4.44089209850063E-16,0.));
#1834=DIRECTION('center_axis',(-4.736951571734E-16,-1.,0.));
#1835=DIRECTION('ref_axis',(1.,-4.736951571734E-16,0.));
#1836=DIRECTION('',(4.44089209850063E-16,1.,0.));
#1837=DIRECTION('center_axis',(4.736951571734E-16,1.,0.));
#1838=DIRECTION('ref_axis',(1.,-4.44089209850063E-16,0.));
#1839=DIRECTION('center_axis',(-4.736951571734E-16,-1.,0.));
#1840=DIRECTION('ref_axis',(0.,0.,-1.));
#1841=DIRECTION('center_axis',(-4.736951571734E-16,-1.,0.));
#1842=DIRECTION('ref_axis',(0.,0.,-1.));
#1843=DIRECTION('center_axis',(-0.687744647910783,0.725952683905826,0.));
#1844=DIRECTION('ref_axis',(0.725952683905826,0.687744647910783,0.));
#1845=DIRECTION('',(0.725952683905826,0.687744647910783,0.));
#1846=DIRECTION('',(0.,0.,-1.));
#1847=DIRECTION('',(0.725952683905826,0.687744647910783,0.));
#1848=DIRECTION('',(0.,0.,-1.));
#1849=DIRECTION('center_axis',(0.725952683905827,0.687744647910783,0.));
#1850=DIRECTION('ref_axis',(0.687744647910783,-0.725952683905827,0.));
#1851=DIRECTION('',(0.687744647910783,-0.725952683905827,0.));
#1852=DIRECTION('',(0.,0.,-1.));
#1853=DIRECTION('',(0.687744647910783,-0.725952683905827,0.));
#1854=DIRECTION('center_axis',(0.687744647910783,-0.725952683905827,0.));
#1855=DIRECTION('ref_axis',(-0.725952683905827,-0.687744647910783,0.));
#1856=DIRECTION('',(-0.725952683905827,-0.687744647910783,0.));
#1857=DIRECTION('',(0.,0.,-1.));
#1858=DIRECTION('',(-0.725952683905827,-0.687744647910783,0.));
#1859=DIRECTION('center_axis',(-0.725952683905827,-0.687744647910783,0.));
#1860=DIRECTION('ref_axis',(-0.687744647910783,0.725952683905827,0.));
#1861=DIRECTION('',(-0.687744647910783,0.725952683905827,0.));
#1862=DIRECTION('',(-0.687744647910783,0.725952683905827,0.));
#1863=DIRECTION('center_axis',(0.996615677342153,-0.082202139119625,0.));
#1864=DIRECTION('ref_axis',(-0.082202139119625,-0.996615677342153,0.));
#1865=DIRECTION('',(-0.082202139119625,-0.996615677342153,0.));
#1866=DIRECTION('',(0.,0.,-1.));
#1867=DIRECTION('',(-0.082202139119625,-0.996615677342153,0.));
#1868=DIRECTION('center_axis',(0.,0.,-1.));
#1869=DIRECTION('ref_axis',(0.996615677342153,-0.082202139119625,0.));
#1870=DIRECTION('center_axis',(0.,0.,-1.));
#1871=DIRECTION('ref_axis',(0.996615677342153,-0.082202139119625,0.));
#1872=DIRECTION('',(0.,0.,-1.));
#1873=DIRECTION('center_axis',(0.,0.,-1.));
#1874=DIRECTION('ref_axis',(0.996615677342153,-0.082202139119625,0.));
#1875=DIRECTION('center_axis',(0.725952683905826,0.687744647910783,0.));
#1876=DIRECTION('ref_axis',(0.687744647910783,-0.725952683905826,0.));
#1877=DIRECTION('',(0.687744647910783,-0.725952683905826,0.));
#1878=DIRECTION('',(0.,0.,-1.));
#1879=DIRECTION('',(0.687744647910783,-0.725952683905827,0.));
#1880=DIRECTION('center_axis',(0.,0.,-1.));
#1881=DIRECTION('ref_axis',(-0.833203273158569,0.552966821425886,0.));
#1882=DIRECTION('center_axis',(0.,0.,-1.));
#1883=DIRECTION('ref_axis',(0.725952683905826,0.687744647910783,0.));
#1884=DIRECTION('',(0.,0.,-1.));
#1885=DIRECTION('center_axis',(0.,0.,-1.));
#1886=DIRECTION('ref_axis',(0.725952683905826,0.687744647910783,0.));
#1887=DIRECTION('center_axis',(0.,0.,-1.));
#1888=DIRECTION('ref_axis',(-0.953732150553861,-0.300657587630692,0.));
#1889=DIRECTION('center_axis',(0.,0.,1.));
#1890=DIRECTION('ref_axis',(-0.953732150553861,-0.300657587630692,0.));
#1891=DIRECTION('',(0.,0.,-1.));
#1892=DIRECTION('center_axis',(0.,0.,1.));
#1893=DIRECTION('ref_axis',(-0.953732150553861,-0.300657587630692,0.));
#1894=DIRECTION('center_axis',(0.,0.,-1.));
#1895=DIRECTION('ref_axis',(-0.0378446914794182,0.999283633072627,0.));
#1896=DIRECTION('center_axis',(0.,0.,1.));
#1897=DIRECTION('ref_axis',(-0.0378446914794182,0.999283633072627,0.));
#1898=DIRECTION('center_axis',(0.,0.,1.));
#1899=DIRECTION('ref_axis',(-0.0378446914794182,0.999283633072627,0.));
#1900=DIRECTION('center_axis',(0.,0.,1.));
#1901=DIRECTION('ref_axis',(1.,0.,0.));
#1902=DIRECTION('center_axis',(0.,0.,1.));
#1903=DIRECTION('ref_axis',(1.,0.,0.));
#1904=DIRECTION('center_axis',(0.,0.,-1.));
#1905=DIRECTION('ref_axis',(1.,0.,0.));
#1906=DIRECTION('center_axis',(0.,0.,-1.));
#1907=DIRECTION('ref_axis',(1.,0.,0.));
#1908=DIRECTION('',(0.,0.,-1.));
#1909=DIRECTION('center_axis',(0.,0.,-1.));
#1910=DIRECTION('ref_axis',(1.,0.,0.));
#1911=DIRECTION('center_axis',(0.,0.,-1.));
#1912=DIRECTION('ref_axis',(1.,0.,0.));
#1913=DIRECTION('',(0.,0.,-1.));
#1914=DIRECTION('center_axis',(0.,0.,-1.));
#1915=DIRECTION('ref_axis',(1.,0.,0.));
#1916=DIRECTION('center_axis',(0.,0.,-1.));
#1917=DIRECTION('ref_axis',(1.,0.,0.));
#1918=DIRECTION('',(0.,0.,-1.));
#1919=DIRECTION('center_axis',(0.,0.,-1.));
#1920=DIRECTION('ref_axis',(1.,0.,0.));
#1921=DIRECTION('center_axis',(0.,0.,-1.));
#1922=DIRECTION('ref_axis',(1.,0.,0.));
#1923=DIRECTION('',(0.,0.,-1.));
#1924=DIRECTION('center_axis',(0.,0.,-1.));
#1925=DIRECTION('ref_axis',(-1.,0.,0.));
#1926=DIRECTION('',(0.687744647910783,-0.725952683905827,0.));
#1927=DIRECTION('center_axis',(0.,0.,1.));
#1928=DIRECTION('ref_axis',(-1.,0.,0.));
#1929=DIRECTION('center_axis',(0.,0.,-1.));
#1930=DIRECTION('ref_axis',(-1.,0.,0.));
#1931=DIRECTION('',(-0.687744647910783,0.725952683905827,0.));
#1932=DIRECTION('center_axis',(0.,0.,1.));
#1933=DIRECTION('ref_axis',(-1.,0.,0.));
#1934=DIRECTION('center_axis',(0.,0.,-1.));
#1935=DIRECTION('ref_axis',(-1.,0.,0.));
#1936=DIRECTION('',(0.725952683905826,0.687744647910784,0.));
#1937=DIRECTION('center_axis',(0.,0.,1.));
#1938=DIRECTION('ref_axis',(-1.,0.,0.));
#1939=DIRECTION('center_axis',(0.,0.,1.));
#1940=DIRECTION('ref_axis',(-1.,0.,0.));
#1941=DIRECTION('',(0.,0.,1.));
#1942=DIRECTION('center_axis',(0.,0.,-1.));
#1943=DIRECTION('ref_axis',(-1.,0.,0.));
#1944=DIRECTION('center_axis',(0.,0.,-1.));
#1945=DIRECTION('ref_axis',(-1.,0.,0.));
#1946=DIRECTION('center_axis',(0.,0.,-1.));
#1947=DIRECTION('ref_axis',(-1.,0.,0.));
#1948=DIRECTION('center_axis',(0.,0.,-1.));
#1949=DIRECTION('ref_axis',(-1.,0.,0.));
#1950=DIRECTION('center_axis',(0.,0.,-1.));
#1951=DIRECTION('ref_axis',(-1.,0.,0.));
#1952=DIRECTION('',(0.687744647910783,-0.725952683905827,0.));
#1953=DIRECTION('',(0.725952683905826,0.687744647910784,0.));
#1954=DIRECTION('center_axis',(0.,0.,-1.));
#1955=DIRECTION('ref_axis',(-1.,0.,0.));
#1956=DIRECTION('',(-0.687744647910783,0.725952683905827,0.));
#1957=DIRECTION('',(-0.725952683905827,-0.687744647910783,0.));
#1958=DIRECTION('',(0.687744647910783,-0.725952683905827,0.));
#1959=DIRECTION('center_axis',(0.687744647910783,-0.725952683905827,0.));
#1960=DIRECTION('ref_axis',(-0.725952683905827,-0.687744647910783,0.));
#1961=DIRECTION('',(-0.725952683905827,-0.687744647910783,0.));
#1962=DIRECTION('',(0.,0.,-1.));
#1963=DIRECTION('',(0.,0.,-1.));
#1964=DIRECTION('center_axis',(-0.687744647910784,0.725952683905826,0.));
#1965=DIRECTION('ref_axis',(0.725952683905826,0.687744647910784,0.));
#1966=DIRECTION('',(0.725952683905826,0.687744647910784,0.));
#1967=DIRECTION('',(0.,0.,-1.));
#1968=DIRECTION('',(0.725952683905826,0.687744647910784,0.));
#1969=DIRECTION('',(0.,0.,-1.));
#1970=DIRECTION('center_axis',(0.,0.,-1.));
#1971=DIRECTION('ref_axis',(-1.,0.,0.));
#1972=DIRECTION('',(-0.687744647910783,0.725952683905827,0.));
#1973=DIRECTION('center_axis',(0.,0.,-1.));
#1974=DIRECTION('ref_axis',(-1.,0.,0.));
#1975=DIRECTION('',(-0.687744647910783,0.725952683905827,0.));
#1976=DIRECTION('',(-0.725952683905827,-0.687744647910783,0.));
#1977=DIRECTION('',(0.687744647910783,-0.725952683905827,0.));
#1978=DIRECTION('center_axis',(0.687744647910783,-0.725952683905827,0.));
#1979=DIRECTION('ref_axis',(-0.725952683905827,-0.687744647910783,0.));
#1980=DIRECTION('',(-0.725952683905827,-0.687744647910783,0.));
#1981=DIRECTION('',(0.,0.,-1.));
#1982=DIRECTION('',(0.,0.,-1.));
#1983=DIRECTION('center_axis',(0.725952683905827,0.687744647910783,0.));
#1984=DIRECTION('ref_axis',(0.687744647910783,-0.725952683905827,0.));
#1985=DIRECTION('',(0.687744647910783,-0.725952683905827,0.));
#1986=DIRECTION('',(0.,0.,-1.));
#1987=DIRECTION('',(0.687744647910783,-0.725952683905827,0.));
#1988=DIRECTION('center_axis',(-0.687744647910784,0.725952683905826,0.));
#1989=DIRECTION('ref_axis',(0.725952683905826,0.687744647910784,0.));
#1990=DIRECTION('',(0.725952683905826,0.687744647910784,0.));
#1991=DIRECTION('',(0.,0.,-1.));
#1992=DIRECTION('',(0.725952683905826,0.687744647910784,0.));
#1993=DIRECTION('center_axis',(-0.725952683905827,-0.687744647910783,0.));
#1994=DIRECTION('ref_axis',(-0.687744647910783,0.725952683905827,0.));
#1995=DIRECTION('',(-0.687744647910783,0.725952683905827,0.));
#1996=DIRECTION('',(-0.687744647910783,0.725952683905827,0.));
#1997=DIRECTION('center_axis',(0.,0.,-1.));
#1998=DIRECTION('ref_axis',(-1.,0.,0.));
#1999=DIRECTION('center_axis',(-4.736951571734E-16,-1.,0.));
#2000=DIRECTION('ref_axis',(0.,0.,-1.));
#2001=DIRECTION('center_axis',(0.,0.,1.));
#2002=DIRECTION('ref_axis',(1.,0.,0.));
#2003=CARTESIAN_POINT('',(0.,0.,0.));
#2004=CARTESIAN_POINT('Origin',(-6.08422172367124,-103.,20.));
#2005=CARTESIAN_POINT('',(-6.08422172367125,-103.,120.));
#2006=CARTESIAN_POINT('',(-106.084221723671,-103.,20.));
#2007=CARTESIAN_POINT('Origin',(-6.08422172367124,-103.,20.));
#2008=CARTESIAN_POINT('Origin',(-6.08422172367124,-103.,20.));
#2009=CARTESIAN_POINT('',(-6.08422172367125,-100.,117.));
#2010=CARTESIAN_POINT('Origin',(-6.08422172367125,-103.,117.));
#2011=CARTESIAN_POINT('Origin',(-6.08422172367124,-100.,20.));
#2012=CARTESIAN_POINT('Origin',(-6.08422172367124,-100.,20.));
#2013=CARTESIAN_POINT('',(-27.873367590903,-100.,38.8941229940619));
#2014=CARTESIAN_POINT('',(-27.8733675928042,-100.,3.));
#2015=CARTESIAN_POINT('',(-27.8733675928042,-100.,40.));
#2016=CARTESIAN_POINT('',(-30.9044006342861,-100.,38.));
#2017=CARTESIAN_POINT('Ctrl Pts',(-30.9044006342797,-100.,38.));
#2018=CARTESIAN_POINT('Ctrl Pts',(-30.9044006342784,-100.,38.0175564442088));
#2019=CARTESIAN_POINT('Ctrl Pts',(-30.8782496881847,-100.,38.0224516689014));
#2020=CARTESIAN_POINT('Ctrl Pts',(-30.8002477465095,-100.,38.0538422303066));
#2021=CARTESIAN_POINT('Ctrl Pts',(-30.6914900300855,-100.,38.0841935653518));
#2022=CARTESIAN_POINT('Ctrl Pts',(-30.4530724093173,-100.,38.1571852381486));
#2023=CARTESIAN_POINT('Ctrl Pts',(-30.1279927641893,-100.,38.2494853439919));
#2024=CARTESIAN_POINT('Ctrl Pts',(-29.7229189797123,-100.,38.3673924289159));
#2025=CARTESIAN_POINT('Ctrl Pts',(-29.1957372370001,-100.,38.5186348985976));
#2026=CARTESIAN_POINT('Ctrl Pts',(-28.5748029184732,-100.,38.6964189204075));
#2027=CARTESIAN_POINT('Ctrl Pts',(-28.0908530041847,-100.,38.8337557191375));
#2028=CARTESIAN_POINT('Ctrl Pts',(-27.8736439190116,-100.,38.8951011988454));
#2029=CARTESIAN_POINT('',(-30.9044006342781,-100.,2.));
#2030=CARTESIAN_POINT('',(-30.9044006342861,-100.,0.));
#2031=CARTESIAN_POINT('',(-10.9931956352758,-100.,-2.));
#2032=CARTESIAN_POINT('Ctrl Pts',(-10.9931956352758,-100.,-2.));
#2033=CARTESIAN_POINT('Ctrl Pts',(-13.9049475080859,-100.,-2.00000000000001));
#2034=CARTESIAN_POINT('Ctrl Pts',(-18.7297215704989,-100.,-1.27445722137031));
#2035=CARTESIAN_POINT('Ctrl Pts',(-23.9082685150592,-100.,0.00881483787082749));
#2036=CARTESIAN_POINT('Ctrl Pts',(-26.7192350033753,-100.,0.780094071153516));
#2037=CARTESIAN_POINT('Ctrl Pts',(-27.8884919243358,-100.,1.108538822474));
#2038=CARTESIAN_POINT('Ctrl Pts',(-28.70303138923,-99.9999999999999,1.34075232432149));
#2039=CARTESIAN_POINT('Ctrl Pts',(-29.172121800206,-100.,1.4750884720929));
#2040=CARTESIAN_POINT('Ctrl Pts',(-29.5236398588785,-99.9999999999999,1.57619904747075));
#2041=CARTESIAN_POINT('Ctrl Pts',(-29.8694833650698,-100.,1.67568969684963));
#2042=CARTESIAN_POINT('Ctrl Pts',(-30.2203665089336,-99.9999999999999,1.77760585744732));
#2043=CARTESIAN_POINT('Ctrl Pts',(-30.5132371946408,-100.,1.86198992539673));
#2044=CARTESIAN_POINT('Ctrl Pts',(-30.7204830971642,-99.9999999999999,1.92453032753678));
#2045=CARTESIAN_POINT('Ctrl Pts',(-30.8452228581209,-100.,1.96255362442024));
#2046=CARTESIAN_POINT('Ctrl Pts',(-30.8799587002437,-100.,1.97943500016536));
#2047=CARTESIAN_POINT('Ctrl Pts',(-30.9044006342781,-100.,1.98483462566245));
#2048=CARTESIAN_POINT('Ctrl Pts',(-30.9044006342781,-100.,2.));
#2049=CARTESIAN_POINT('',(67.0739492107294,-100.,-2.));
#2050=CARTESIAN_POINT('',(-3.04211086183564,-100.,-2.));
#2051=CARTESIAN_POINT('',(71.087532471498,-100.,2.));
#2052=CARTESIAN_POINT('Origin',(67.0739492107294,-100.,2.));
#2053=CARTESIAN_POINT('',(71.087532471498,-100.,38.));
#2054=CARTESIAN_POINT('',(71.087532471498,-100.,10.));
#2055=CARTESIAN_POINT('',(67.0739492107294,-100.,42.));
#2056=CARTESIAN_POINT('Origin',(67.0739492107294,-100.,38.));
#2057=CARTESIAN_POINT('',(65.9055908307523,-100.,42.));
#2058=CARTESIAN_POINT('',(-3.04211086183564,-100.,42.));
#2059=CARTESIAN_POINT('',(65.9055908307523,-100.,3.));
#2060=CARTESIAN_POINT('',(65.9055908307523,-100.,40.));
#2061=CARTESIAN_POINT('',(-106.084221723671,-99.9999999999999,3.));
#2062=CARTESIAN_POINT('',(-1.8047614852057,-100.,14.7405397615345));
#2063=CARTESIAN_POINT('Origin',(-0.8247614852057,-100.,14.7405397615345));
#2064=CARTESIAN_POINT('',(-1.8047614852057,-100.,25.2594602384655));
#2065=CARTESIAN_POINT('Origin',(-0.824761485205697,-100.,25.2594602384655));
#2066=CARTESIAN_POINT('',(-12.3236819621368,-100.,14.7405397615345));
#2067=CARTESIAN_POINT('Origin',(-11.3436819621368,-100.,14.7405397615345));
#2068=CARTESIAN_POINT('',(-12.3236819621368,-100.,25.2594602384655));
#2069=CARTESIAN_POINT('Origin',(-11.3436819621368,-100.,25.2594602384655));
#2070=CARTESIAN_POINT('',(-7.58422172367124,-100.,20.));
#2071=CARTESIAN_POINT('Origin',(-6.08422172367124,-100.,20.));
#2072=CARTESIAN_POINT('Origin',(-6.08422172367124,-100.,20.));
#2073=CARTESIAN_POINT('',(-106.084221723671,-105.,20.));
#2074=CARTESIAN_POINT('Origin',(-6.08422172367124,-105.,20.));
#2075=CARTESIAN_POINT('',(-106.084221723671,-100.,20.));
#2076=CARTESIAN_POINT('Origin',(-3.04211086183564,-98.,42.));
#2077=CARTESIAN_POINT('',(67.0739492107294,-98.,40.));
#2078=CARTESIAN_POINT('Origin',(67.0739492107294,-98.,42.));
#2079=CARTESIAN_POINT('',(66.0705533955373,-98.,40.));
#2080=CARTESIAN_POINT('',(-3.04211086183564,-98.,40.));
#2081=CARTESIAN_POINT('Origin',(66.0705533955373,-98.,42.));
#2082=CARTESIAN_POINT('Ctrl Pts',(67.0739492107294,-98.,40.));
#2083=CARTESIAN_POINT('Ctrl Pts',(67.527315118288,-97.9631077662332,40.));
#2084=CARTESIAN_POINT('Ctrl Pts',(68.2801149960712,-97.901849368529,39.7377831603533));
#2085=CARTESIAN_POINT('Ctrl Pts',(68.9561354059955,-97.8468388294076,38.8964011787622));
#2086=CARTESIAN_POINT('Ctrl Pts',(69.0943011168137,-97.8355957217608,38.2991993003419));
#2087=CARTESIAN_POINT('Ctrl Pts',(69.0943011168137,-97.8355957217608,38.));
#2088=CARTESIAN_POINT('Ctrl Pts',(67.0739492107294,-98.5983986006838,40.));
#2089=CARTESIAN_POINT('Ctrl Pts',(67.5258681514245,-98.5685703517541,39.9886203805055));
#2090=CARTESIAN_POINT('Ctrl Pts',(68.2661043706196,-98.518368795761,39.7056029953601));
#2091=CARTESIAN_POINT('Ctrl Pts',(68.9093853016429,-98.4726526546068,38.8727158961925));
#2092=CARTESIAN_POINT('Ctrl Pts',(69.0425343956583,-98.4632135236888,38.2902088045984));
#2093=CARTESIAN_POINT('Ctrl Pts',(69.0425343956583,-98.4632135236888,38.));
#2094=CARTESIAN_POINT('Ctrl Pts',(67.0739492107295,-99.6340320796303,40.5030493395442));
#2095=CARTESIAN_POINT('Ctrl Pts',(67.6399614352019,-99.6250475774137,40.4854859865825));
#2096=CARTESIAN_POINT('Ctrl Pts',(68.5564598010348,-99.6098164100338,40.12816690028));
#2097=CARTESIAN_POINT('Ctrl Pts',(69.352027265597,-99.595670951613,39.0845510657755));
#2098=CARTESIAN_POINT('Ctrl Pts',(69.5120820891417,-99.5927785264114,38.3620331966047));
#2099=CARTESIAN_POINT('Ctrl Pts',(69.5120820891417,-99.5927785264114,38.));
#2100=CARTESIAN_POINT('Ctrl Pts',(67.0739492107294,-100.,41.5512010494872));
#2101=CARTESIAN_POINT('Ctrl Pts',(67.8744899418565,-100.000094013278,41.5459905445491));
#2102=CARTESIAN_POINT('Ctrl Pts',(69.1961358864115,-99.9999931900196,41.072054697314));
#2103=CARTESIAN_POINT('Ctrl Pts',(70.3754169279759,-100.000144269045,39.5805489417922));
#2104=CARTESIAN_POINT('Ctrl Pts',(70.615220664502,-100.,38.5277214565847));
#2105=CARTESIAN_POINT('Ctrl Pts',(70.615220664502,-100.,38.));
#2106=CARTESIAN_POINT('Ctrl Pts',(67.0739492107294,-100.,42.));
#2107=CARTESIAN_POINT('Ctrl Pts',(67.9745951883438,-100.,42.));
#2108=CARTESIAN_POINT('Ctrl Pts',(69.4700896015102,-100.,41.4755663207066));
#2109=CARTESIAN_POINT('Ctrl Pts',(70.8130557417352,-100.,39.7928023575244));
#2110=CARTESIAN_POINT('Ctrl Pts',(71.087532471498,-100.,38.5983986006838));
#2111=CARTESIAN_POINT('Ctrl Pts',(71.087532471498,-100.,38.));
#2112=CARTESIAN_POINT('',(69.0943011168137,-97.8355957217608,38.));
#2113=CARTESIAN_POINT('Origin',(71.087532471498,-98.,38.));
#2114=CARTESIAN_POINT('Origin',(67.0739492107294,-98.,38.));
#2115=CARTESIAN_POINT('Origin',(71.087532471498,-98.0000000000001,10.));
#2116=CARTESIAN_POINT('',(69.0943011168137,-97.8355957217608,2.));
#2117=CARTESIAN_POINT('Origin',(71.087532471498,-98.0000000000001,2.));
#2118=CARTESIAN_POINT('',(69.0943011168137,-97.8355957217608,10.));
#2119=CARTESIAN_POINT('Ctrl Pts',(69.0943011168137,-97.8355957217608,1.99999999999999));
#2120=CARTESIAN_POINT('Ctrl Pts',(69.0943011168137,-97.8355957217608,1.70080069965811));
#2121=CARTESIAN_POINT('Ctrl Pts',(68.9561440468432,-97.8468381262665,1.10358065012867));
#2122=CARTESIAN_POINT('Ctrl Pts',(68.2801300060534,-97.9018481471055,0.262178855430427));
#2123=CARTESIAN_POINT('Ctrl Pts',(67.527315118288,-97.9631077662332,2.48861525042962E-15));
#2124=CARTESIAN_POINT('Ctrl Pts',(67.0739492107294,-98.,2.77555756156289E-16));
#2125=CARTESIAN_POINT('Ctrl Pts',(69.0425343956583,-98.4632135236888,1.99999999999999));
#2126=CARTESIAN_POINT('Ctrl Pts',(69.0425343956583,-98.4632135236888,1.70979119540157));
#2127=CARTESIAN_POINT('Ctrl Pts',(68.9094501878751,-98.4726510925867,1.12720756084183));
#2128=CARTESIAN_POINT('Ctrl Pts',(68.2661782236768,-98.5183664543065,0.294260030296737));
#2129=CARTESIAN_POINT('Ctrl Pts',(67.5258681514245,-98.5685703517541,0.0113796194945179));
#2130=CARTESIAN_POINT('Ctrl Pts',(67.0739492107294,-98.5983986006838,2.7755575615629E-16));
#2131=CARTESIAN_POINT('Ctrl Pts',(69.5120217933064,-99.592814961938,1.99999999999999));
#2132=CARTESIAN_POINT('Ctrl Pts',(69.5120217933064,-99.592814961938,1.63796680339531));
#2133=CARTESIAN_POINT('Ctrl Pts',(69.3519997070167,-99.5957064489132,0.915457536571815));
#2134=CARTESIAN_POINT('Ctrl Pts',(68.5564490725982,-99.6098518522313,-0.12817145922508));
#2135=CARTESIAN_POINT('Ctrl Pts',(67.6399614352019,-99.6250800454131,-0.485438077627569));
#2136=CARTESIAN_POINT('Ctrl Pts',(67.0739492107294,-99.6340645476297,-0.503001430589224));
#2137=CARTESIAN_POINT('Ctrl Pts',(70.615220664502,-100.,2.));
#2138=CARTESIAN_POINT('Ctrl Pts',(70.615220664502,-100.,1.47227854341532));
#2139=CARTESIAN_POINT('Ctrl Pts',(70.3754237412629,-100.000140953461,0.419430030227521));
#2140=CARTESIAN_POINT('Ctrl Pts',(69.1961559004305,-99.9999896059507,-1.07210228862372));
#2141=CARTESIAN_POINT('Ctrl Pts',(67.8744899418565,-100.000094013278,-1.5459905445491));
#2142=CARTESIAN_POINT('Ctrl Pts',(67.0739492107294,-100.,-1.55120104948717));
#2143=CARTESIAN_POINT('Ctrl Pts',(71.087532471498,-100.,2.));
#2144=CARTESIAN_POINT('Ctrl Pts',(71.087532471498,-100.,1.40160139931623));
#2145=CARTESIAN_POINT('Ctrl Pts',(70.8130729074386,-100.,0.207161300257351));
#2146=CARTESIAN_POINT('Ctrl Pts',(69.4701194199854,-100.,-1.47564228913914));
#2147=CARTESIAN_POINT('Ctrl Pts',(67.9745951883438,-100.,-2.));
#2148=CARTESIAN_POINT('Ctrl Pts',(67.0739492107294,-100.,-2.));
#2149=CARTESIAN_POINT('',(67.0739492107294,-98.,0.));
#2150=CARTESIAN_POINT('Origin',(67.0739492107294,-98.,-2.));
#2151=CARTESIAN_POINT('Origin',(67.0739492107294,-98.,2.));
#2152=CARTESIAN_POINT('Origin',(-3.04211086183564,-98.,-2.));
#2153=CARTESIAN_POINT('',(-10.9931956352758,-98.,0.));
#2154=CARTESIAN_POINT('Origin',(-10.9931956352758,-98.,-2.));
#2155=CARTESIAN_POINT('',(-3.04211086183564,-98.,0.));
#2156=CARTESIAN_POINT('Ctrl Pts',(-10.9931956352758,-98.,-2.77555756156289E-16));
#2157=CARTESIAN_POINT('Ctrl Pts',(-13.689576981185,-98.5168832592261,-9.57167202769007E-17));
#2158=CARTESIAN_POINT('Ctrl Pts',(-18.3641733701326,-99.2665117826843,0.362771389314841));
#2159=CARTESIAN_POINT('Ctrl Pts',(-23.6452871602199,-99.7453939494197,1.00440741893541));
#2160=CARTESIAN_POINT('Ctrl Pts',(-26.5492986936491,-99.9009757629699,1.39004703557676));
#2161=CARTESIAN_POINT('Ctrl Pts',(-27.7622827011976,-99.9477758881186,1.55426941123699));
#2162=CARTESIAN_POINT('Ctrl Pts',(-28.6089477867374,-99.9709043541584,1.67037616216074));
#2163=CARTESIAN_POINT('Ctrl Pts',(-29.0969277323486,-99.9814830396505,1.73754423604644));
#2164=CARTESIAN_POINT('Ctrl Pts',(-29.4627583579789,-99.9880069796688,1.78809952373537));
#2165=CARTESIAN_POINT('Ctrl Pts',(-29.8228085819121,-99.9930815428539,1.83784484842482));
#2166=CARTESIAN_POINT('Ctrl Pts',(-30.1882019533441,-99.9968634384721,1.88880292872366));
#2167=CARTESIAN_POINT('Ctrl Pts',(-30.4932405870771,-99.9988440631848,1.93099496269837));
#2168=CARTESIAN_POINT('Ctrl Pts',(-30.7091135074024,-99.9996569371526,1.96226516376839));
#2169=CARTESIAN_POINT('Ctrl Pts',(-30.8390493239914,-99.9999202226846,1.98127681221012));
#2170=CARTESIAN_POINT('Ctrl Pts',(-30.8752323381047,-99.9999675906787,1.98971750008268));
#2171=CARTESIAN_POINT('Ctrl Pts',(-30.900692592868,-99.9999965626043,1.99241731283122));
#2172=CARTESIAN_POINT('Ctrl Pts',(-30.900692592868,-99.9999965626043,2.));
#2173=CARTESIAN_POINT('Ctrl Pts',(-10.9931956352758,-98.5983986006838,-2.7755575615629E-16));
#2174=CARTESIAN_POINT('Ctrl Pts',(-13.6888766122165,-99.0163150969602,-0.159460931777247));
#2175=CARTESIAN_POINT('Ctrl Pts',(-18.4202858091755,-99.5344663925409,0.115098418825626));
#2176=CARTESIAN_POINT('Ctrl Pts',(-23.6906947700191,-99.8408260289199,0.828473413828062));
#2177=CARTESIAN_POINT('Ctrl Pts',(-26.5807320449209,-99.9383778161802,1.27739197939348));
#2178=CARTESIAN_POINT('Ctrl Pts',(-27.7858515555326,-99.9675753563994,1.47067784434724));
#2179=CARTESIAN_POINT('Ctrl Pts',(-28.6266886892473,-99.9819513837332,1.60815611850532));
#2180=CARTESIAN_POINT('Ctrl Pts',(-29.1111477366782,-99.988517587977,1.68783180032627));
#2181=CARTESIAN_POINT('Ctrl Pts',(-29.4743004427056,-99.9925642972854,1.74787701799363));
#2182=CARTESIAN_POINT('Ctrl Pts',(-29.8316720489796,-99.9957108261814,1.80701316372942));
#2183=CARTESIAN_POINT('Ctrl Pts',(-30.1943189216795,-99.9980550727306,1.86763468691961));
#2184=CARTESIAN_POINT('Ctrl Pts',(-30.4970469700872,-99.9992835377167,1.9178532481204));
#2185=CARTESIAN_POINT('Ctrl Pts',(-30.7112785960318,-99.9997873741573,1.95507765059092));
#2186=CARTESIAN_POINT('Ctrl Pts',(-30.840225107406,-99.999950545683,1.97771041210839));
#2187=CARTESIAN_POINT('Ctrl Pts',(-30.8761325386418,-99.9999799027179,1.98775887628981));
#2188=CARTESIAN_POINT('Ctrl Pts',(-30.9013988856606,-99.999997872088,1.99097299312064));
#2189=CARTESIAN_POINT('Ctrl Pts',(-30.9013988856606,-99.999997872088,2.));
#2190=CARTESIAN_POINT('Ctrl Pts',(-10.9931956352758,-99.6344199755243,-0.502093889197911));
#2191=CARTESIAN_POINT('Ctrl Pts',(-13.7438315124345,-99.7602827328376,-0.748069701828983));
#2192=CARTESIAN_POINT('Ctrl Pts',(-18.5396977688055,-99.8897852093486,-0.412557594141201));
#2193=CARTESIAN_POINT('Ctrl Pts',(-23.7767169527733,-99.9633188428577,0.500932659450395));
#2194=CARTESIAN_POINT('Ctrl Pts',(-26.6371686746421,-99.9857318293782,1.07507422445032));
#2195=CARTESIAN_POINT('Ctrl Pts',(-27.8277618173575,-99.9925492549031,1.3225477863155));
#2196=CARTESIAN_POINT('Ctrl Pts',(-28.6579981261908,-99.9958422959084,1.49846343042667));
#2197=CARTESIAN_POINT('Ctrl Pts',(-29.1361778512762,-99.9973609690504,1.60045247973112));
#2198=CARTESIAN_POINT('Ctrl Pts',(-29.4945752264594,-99.9982919758172,1.67730402142693));
#2199=CARTESIAN_POINT('Ctrl Pts',(-29.8472192702034,-99.9990164441531,1.75299359546211));
#2200=CARTESIAN_POINT('Ctrl Pts',(-30.2050357109744,-99.9995548324948,1.83058269024036));
#2201=CARTESIAN_POINT('Ctrl Pts',(-30.5037111605858,-99.9998357584279,1.89485519737988));
#2202=CARTESIAN_POINT('Ctrl Pts',(-30.7150681258509,-99.9999512427241,1.94250027935557));
#2203=CARTESIAN_POINT('Ctrl Pts',(-30.842282864245,-99.9999886739002,1.97146957480176));
#2204=CARTESIAN_POINT('Ctrl Pts',(-30.8777079507166,-99.9999954049099,1.98433148514515));
#2205=CARTESIAN_POINT('Ctrl Pts',(-30.9026348992617,-99.9999995089433,1.98844543114478));
#2206=CARTESIAN_POINT('Ctrl Pts',(-30.9026348992617,-99.9999995089433,2.));
#2207=CARTESIAN_POINT('Ctrl Pts',(-10.9931956352758,-100.,-1.55120104948717));
#2208=CARTESIAN_POINT('Ctrl Pts',(-13.8567387157987,-99.9986906212061,-1.62425196847447));
#2209=CARTESIAN_POINT('Ctrl Pts',(-18.6726900772932,-100.000167053079,-1.01592220106162));
#2210=CARTESIAN_POINT('Ctrl Pts',(-23.8688103916315,-99.9998092400122,0.156512023967591));
#2211=CARTESIAN_POINT('Ctrl Pts',(-26.6946140201637,-99.9999916691384,0.86859288714012));
#2212=CARTESIAN_POINT('Ctrl Pts',(-27.8702732950015,-99.9999752406006,1.1727504099853));
#2213=CARTESIAN_POINT('Ctrl Pts',(-28.6895213726054,-99.9999929993101,1.38806839382345));
#2214=CARTESIAN_POINT('Ctrl Pts',(-29.1613386453752,-99.9999930681025,1.51270028301958));
#2215=CARTESIAN_POINT('Ctrl Pts',(-29.5149204693707,-99.9999952266318,1.60653236379809));
#2216=CARTESIAN_POINT('Ctrl Pts',(-29.8628041454977,-99.9999964829831,1.69888219688732));
#2217=CARTESIAN_POINT('Ctrl Pts',(-30.2157672707826,-99.9999979918438,1.79349967205996));
#2218=CARTESIAN_POINT('Ctrl Pts',(-30.5103793858273,-99.9999994062599,1.87184973159243));
#2219=CARTESIAN_POINT('Ctrl Pts',(-30.7188586059324,-99.9999998319105,1.92992137699868));
#2220=CARTESIAN_POINT('Ctrl Pts',(-30.8443408600438,-99.999999953332,1.96522842722165));
#2221=CARTESIAN_POINT('Ctrl Pts',(-30.8792834754144,-99.9999999768868,1.98090395443854));
#2222=CARTESIAN_POINT('Ctrl Pts',(-30.9038709137731,-100.,1.98591786730715));
#2223=CARTESIAN_POINT('Ctrl Pts',(-30.9038709137731,-100.,2.));
#2224=CARTESIAN_POINT('Ctrl Pts',(-10.9931956352758,-100.,-2.));
#2225=CARTESIAN_POINT('Ctrl Pts',(-13.9049475080859,-100.,-2.00000000000001));
#2226=CARTESIAN_POINT('Ctrl Pts',(-18.7297215704989,-100.,-1.27445722137031));
#2227=CARTESIAN_POINT('Ctrl Pts',(-23.9082685150592,-100.,0.00881483787082749));
#2228=CARTESIAN_POINT('Ctrl Pts',(-26.7192350033753,-100.,0.780094071153516));
#2229=CARTESIAN_POINT('Ctrl Pts',(-27.8884919243358,-100.,1.108538822474));
#2230=CARTESIAN_POINT('Ctrl Pts',(-28.70303138923,-99.9999999999999,1.34075232432149));
#2231=CARTESIAN_POINT('Ctrl Pts',(-29.172121800206,-100.,1.4750884720929));
#2232=CARTESIAN_POINT('Ctrl Pts',(-29.5236398588785,-99.9999999999999,1.57619904747075));
#2233=CARTESIAN_POINT('Ctrl Pts',(-29.8694833650698,-100.,1.67568969684963));
#2234=CARTESIAN_POINT('Ctrl Pts',(-30.2203665089336,-99.9999999999999,1.77760585744732));
#2235=CARTESIAN_POINT('Ctrl Pts',(-30.5132371946408,-100.,1.86198992539673));
#2236=CARTESIAN_POINT('Ctrl Pts',(-30.7204830971642,-99.9999999999999,1.92453032753678));
#2237=CARTESIAN_POINT('Ctrl Pts',(-30.8452228581209,-100.,1.96255362442024));
#2238=CARTESIAN_POINT('Ctrl Pts',(-30.8799587002437,-100.,1.97943500016536));
#2239=CARTESIAN_POINT('Ctrl Pts',(-30.9044006342781,-100.,1.98483462566245));
#2240=CARTESIAN_POINT('Ctrl Pts',(-30.9044006342781,-100.,2.));
#2241=CARTESIAN_POINT('',(-30.900692592868,-99.9999965626043,2.));
#2242=CARTESIAN_POINT('Origin',(-30.9044006342781,-98.,2.));
#2243=CARTESIAN_POINT('Ctrl Pts',(-30.900692592868,-99.9999965626043,2.));
#2244=CARTESIAN_POINT('Ctrl Pts',(-30.900692592868,-99.9999965626043,1.99241731283122));
#2245=CARTESIAN_POINT('Ctrl Pts',(-30.8752323381047,-99.9999675906787,1.98971750008268));
#2246=CARTESIAN_POINT('Ctrl Pts',(-30.8390493239914,-99.9999202226846,1.98127681221012));
#2247=CARTESIAN_POINT('Ctrl Pts',(-30.7091135074024,-99.9996569371526,1.96226516376839));
#2248=CARTESIAN_POINT('Ctrl Pts',(-30.4932405870771,-99.9988440631848,1.93099496269837));
#2249=CARTESIAN_POINT('Ctrl Pts',(-30.1882019533441,-99.9968634384721,1.88880292872366));
#2250=CARTESIAN_POINT('Ctrl Pts',(-29.8228085819121,-99.9930815428539,1.83784484842482));
#2251=CARTESIAN_POINT('Ctrl Pts',(-29.4627583579789,-99.9880069796688,1.78809952373537));
#2252=CARTESIAN_POINT('Ctrl Pts',(-29.0969277323486,-99.9814830396505,1.73754423604644));
#2253=CARTESIAN_POINT('Ctrl Pts',(-28.6089477867374,-99.9709043541584,1.67037616216074));
#2254=CARTESIAN_POINT('Ctrl Pts',(-27.7622827011976,-99.9477758881186,1.55426941123699));
#2255=CARTESIAN_POINT('Ctrl Pts',(-26.5492986936491,-99.9009757629699,1.39004703557676));
#2256=CARTESIAN_POINT('Ctrl Pts',(-23.6452871602199,-99.7453939494197,1.00440741893541));
#2257=CARTESIAN_POINT('Ctrl Pts',(-18.3641733701326,-99.2665117826843,0.362771389314841));
#2258=CARTESIAN_POINT('Ctrl Pts',(-13.689576981185,-98.5168832592261,-9.57167202769007E-17));
#2259=CARTESIAN_POINT('Ctrl Pts',(-10.9931956352758,-98.,-2.77555756156289E-16));
#2260=CARTESIAN_POINT('Origin',(-30.9044006342861,-98.,0.));
#2261=CARTESIAN_POINT('',(-30.9006925928764,-99.9999965626043,38.));
#2262=CARTESIAN_POINT('Origin',(-30.9044006342861,-98.,38.));
#2263=CARTESIAN_POINT('',(-30.9006925928764,-99.9999965626043,0.));
#2264=CARTESIAN_POINT('Ctrl Pts',(-30.9006925928697,-99.9999965626043,38.));
#2265=CARTESIAN_POINT('Ctrl Pts',(-30.9006925928697,-99.9999965626043,38.0087782221044));
#2266=CARTESIAN_POINT('Ctrl Pts',(-30.8734520591832,-99.9999703383341,38.0112258344507));
#2267=CARTESIAN_POINT('Ctrl Pts',(-30.7922005857643,-99.9998366260662,38.0269211151533));
#2268=CARTESIAN_POINT('Ctrl Pts',(-30.6789131387157,-99.9995497349339,38.0420967826759));
#2269=CARTESIAN_POINT('Ctrl Pts',(-30.4305722415605,-99.9985497291566,38.0785926190743));
#2270=CARTESIAN_POINT('Ctrl Pts',(-30.091994963686,-99.9960548789772,38.1247426719959));
#2271=CARTESIAN_POINT('Ctrl Pts',(-29.6702013403386,-99.9911706860607,38.183696214458));
#2272=CARTESIAN_POINT('Ctrl Pts',(-29.1214500569093,-99.9823946721961,38.2593174492988));
#2273=CARTESIAN_POINT('Ctrl Pts',(-28.1450120937923,-99.9605746888883,38.3936983204586));
#2274=CARTESIAN_POINT('Ctrl Pts',(-26.7665356689362,-99.9118285544589,38.5809987758358));
#2275=CARTESIAN_POINT('Ctrl Pts',(-25.655694364705,-99.8538244329972,38.7282460005875));
#2276=CARTESIAN_POINT('Ctrl Pts',(-25.1052233135215,-99.8203316233554,38.8000667144518));
#2277=CARTESIAN_POINT('Ctrl Pts',(-30.9019286052568,-99.9999988542008,38.));
#2278=CARTESIAN_POINT('Ctrl Pts',(-30.9019286052564,-99.9999988542008,38.0117042927865));
#2279=CARTESIAN_POINT('Ctrl Pts',(-30.8750512669706,-99.9999899865113,38.0149677979523));
#2280=CARTESIAN_POINT('Ctrl Pts',(-30.7948828560063,-99.9999452811483,38.0358944774156));
#2281=CARTESIAN_POINT('Ctrl Pts',(-30.6831049476567,-99.9998489941116,38.0561274808659));
#2282=CARTESIAN_POINT('Ctrl Pts',(-30.4380695657606,-99.9995131479981,38.1047809540379));
#2283=CARTESIAN_POINT('Ctrl Pts',(-30.1039814154715,-99.9986736694837,38.1662798337416));
#2284=CARTESIAN_POINT('Ctrl Pts',(-29.6877266318867,-99.9970334835484,38.2447650478217));
#2285=CARTESIAN_POINT('Ctrl Pts',(-29.1460777244378,-99.9940952903798,38.3452889495692));
#2286=CARTESIAN_POINT('Ctrl Pts',(-28.1819279986863,-99.9867327556928,38.5234251523133));
#2287=CARTESIAN_POINT('Ctrl Pts',(-26.8193144933751,-99.9702050559626,38.7695476787));
#2288=CARTESIAN_POINT('Ctrl Pts',(-25.7187468022498,-99.9500642528787,38.9592194451738));
#2289=CARTESIAN_POINT('Ctrl Pts',(-25.1725225023461,-99.9382840935999,39.0503380146423));
#2290=CARTESIAN_POINT('Ctrl Pts',(-30.9031646197682,-100.,38.));
#2291=CARTESIAN_POINT('Ctrl Pts',(-30.9031646197674,-100.,38.0146303684976));
#2292=CARTESIAN_POINT('Ctrl Pts',(-30.8766504795125,-99.9999998709693,38.0187097406674));
#2293=CARTESIAN_POINT('Ctrl Pts',(-30.7975653051981,-99.9999997358175,38.0448683686074));
#2294=CARTESIAN_POINT('Ctrl Pts',(-30.6872975028785,-99.9999990691149,38.0701605755286));
#2295=CARTESIAN_POINT('Ctrl Pts',(-30.4455710380016,-99.9999966020494,38.1309832849774));
#2296=CARTESIAN_POINT('Ctrl Pts',(-30.1159872553729,-99.9999890385746,38.2078832086007));
#2297=CARTESIAN_POINT('Ctrl Pts',(-29.7053230981501,-99.9999800365033,38.3060798351966));
#2298=CARTESIAN_POINT('Ctrl Pts',(-29.1709077814751,-99.9999781275447,38.4319630645557));
#2299=CARTESIAN_POINT('Ctrl Pts',(-28.2194901651749,-99.9999420994933,38.6554132107396));
#2300=CARTESIAN_POINT('Ctrl Pts',(-26.8742617190753,-99.9999320499016,38.9657699071799));
#2301=CARTESIAN_POINT('Ctrl Pts',(-25.7866322189885,-99.9999270072698,39.207820972337));
#2302=CARTESIAN_POINT('Ctrl Pts',(-25.2464235253356,-100.,39.3251601251611));
#2303=CARTESIAN_POINT('Ctrl Pts',(-30.9044006342797,-100.,38.));
#2304=CARTESIAN_POINT('Ctrl Pts',(-30.9044006342784,-100.,38.0175564442088));
#2305=CARTESIAN_POINT('Ctrl Pts',(-30.8782496881847,-100.,38.0224516689014));
#2306=CARTESIAN_POINT('Ctrl Pts',(-30.8002477465095,-100.,38.0538422303066));
#2307=CARTESIAN_POINT('Ctrl Pts',(-30.6914900300855,-100.,38.0841935653518));
#2308=CARTESIAN_POINT('Ctrl Pts',(-30.4530724093173,-100.,38.1571852381486));
#2309=CARTESIAN_POINT('Ctrl Pts',(-30.1279927641893,-100.,38.2494853439919));
#2310=CARTESIAN_POINT('Ctrl Pts',(-29.7229189797123,-100.,38.3673924289159));
#2311=CARTESIAN_POINT('Ctrl Pts',(-29.1957372370001,-100.,38.5186348985976));
#2312=CARTESIAN_POINT('Ctrl Pts',(-28.2570511412853,-100.,38.7873966409171));
#2313=CARTESIAN_POINT('Ctrl Pts',(-26.9292106946227,-100.,39.1619975516715));
#2314=CARTESIAN_POINT('Ctrl Pts',(-25.8545369758931,-100.,39.4564920011751));
#2315=CARTESIAN_POINT('Ctrl Pts',(-25.3203652049297,-100.,39.6001334289036));
#2316=CARTESIAN_POINT('',(-25.1052233135215,-99.8203316233553,38.8000667144517));
#2317=CARTESIAN_POINT('Ctrl Pts',(-27.8733675928043,-100.,38.8941229935239));
#2318=CARTESIAN_POINT('Ctrl Pts',(-27.8733675928043,-100.,38.8888993954099));
#2319=CARTESIAN_POINT('Ctrl Pts',(-27.872867255763,-99.9999810597328,38.8837223085013));
#2320=CARTESIAN_POINT('Ctrl Pts',(-27.8707722359103,-99.9999016540336,38.8735662080751));
#2321=CARTESIAN_POINT('Ctrl Pts',(-27.8692157282009,-99.9998426347729,38.8686915120417));
#2322=CARTESIAN_POINT('Ctrl Pts',(-27.8629844469381,-99.9996058908352,38.8544276088561));
#2323=CARTESIAN_POINT('Ctrl Pts',(-27.8569375167915,-99.9993756392522,38.8459661763979));
#2324=CARTESIAN_POINT('Ctrl Pts',(-27.8386490708129,-99.998674603835,38.8268680813015));
#2325=CARTESIAN_POINT('Ctrl Pts',(-27.8247384881465,-99.9981372181635,38.8174405198201));
#2326=CARTESIAN_POINT('Ctrl Pts',(-27.7802526073189,-99.9963981421506,38.793251734651));
#2327=CARTESIAN_POINT('Ctrl Pts',(-27.7416981183373,-99.9948600023119,38.7809988823651));
#2328=CARTESIAN_POINT('Ctrl Pts',(-27.5936569486861,-99.9887588983388,38.7459986140951));
#2329=CARTESIAN_POINT('Ctrl Pts',(-27.4295345874523,-99.981824175055,38.7305682057981));
#2330=CARTESIAN_POINT('Ctrl Pts',(-26.7139303137664,-99.9452124319364,38.7154034713689));
#2331=CARTESIAN_POINT('Ctrl Pts',(-25.9810079854728,-99.9009339461946,38.7479522934209));
#2332=CARTESIAN_POINT('Ctrl Pts',(-25.1052233135237,-99.8203316233555,38.8000667144515));
#2333=CARTESIAN_POINT('Ctrl Pts',(-25.1052233135215,-99.8203316233554,38.8000667144518));
#2334=CARTESIAN_POINT('Ctrl Pts',(-25.655694364705,-99.8538244329972,38.7282460005875));
#2335=CARTESIAN_POINT('Ctrl Pts',(-26.7665356689362,-99.9118285544589,38.5809987758358));
#2336=CARTESIAN_POINT('Ctrl Pts',(-28.1450120937923,-99.9605746888883,38.3936983204586));
#2337=CARTESIAN_POINT('Ctrl Pts',(-29.1214500569093,-99.9823946721961,38.2593174492988));
#2338=CARTESIAN_POINT('Ctrl Pts',(-29.6702013403386,-99.9911706860607,38.183696214458));
#2339=CARTESIAN_POINT('Ctrl Pts',(-30.091994963686,-99.9960548789772,38.1247426719959));
#2340=CARTESIAN_POINT('Ctrl Pts',(-30.4305722415605,-99.9985497291566,38.0785926190743));
#2341=CARTESIAN_POINT('Ctrl Pts',(-30.6789131387157,-99.9995497349339,38.0420967826759));
#2342=CARTESIAN_POINT('Ctrl Pts',(-30.7922005857643,-99.9998366260662,38.0269211151533));
#2343=CARTESIAN_POINT('Ctrl Pts',(-30.8734520591832,-99.9999703383341,38.0112258344507));
#2344=CARTESIAN_POINT('Ctrl Pts',(-30.9006925928697,-99.9999965626043,38.0087782221044));
#2345=CARTESIAN_POINT('Ctrl Pts',(-30.9006925928697,-99.9999965626043,38.));
#2346=CARTESIAN_POINT('Origin',(70.7859053878769,-52.9963813670509,38.));
#2347=CARTESIAN_POINT('',(74.8984703202646,-27.4660641735887,38.));
#2348=CARTESIAN_POINT('',(72.7791367425612,-53.1607856452902,38.));
#2349=CARTESIAN_POINT('',(72.9052389655803,-27.3016598953495,40.));
#2350=CARTESIAN_POINT('Origin',(72.9052389655803,-27.3016598953495,38.));
#2351=CARTESIAN_POINT('',(70.7859053878769,-52.9963813670509,40.));
#2352=CARTESIAN_POINT('Origin',(45.,-25.,38.));
#2353=CARTESIAN_POINT('',(66.7785805171748,-4.36766056267652,38.));
#2354=CARTESIAN_POINT('',(65.3266751493632,-5.74314985849808,40.));
#2355=CARTESIAN_POINT('Origin',(65.3266751493632,-5.74314985849808,38.));
#2356=CARTESIAN_POINT('Origin',(45.,-25.,40.));
#2357=CARTESIAN_POINT('Origin',(45.,-25.,38.));
#2358=CARTESIAN_POINT('Origin',(48.443463470531,12.0780180247136,38.));
#2359=CARTESIAN_POINT('',(-23.2214194828252,90.6323394373235,38.));
#2360=CARTESIAN_POINT('',(-24.6733248506369,89.2568501415019,40.));
#2361=CARTESIAN_POINT('Origin',(-24.6733248506369,89.2568501415019,38.));
#2362=CARTESIAN_POINT('',(48.443463470531,12.0780180247136,40.));
#2363=CARTESIAN_POINT('',(49.8953688383427,13.4535073205352,38.));
#2364=CARTESIAN_POINT('Origin',(-45.,70.,38.));
#2365=CARTESIAN_POINT('',(-55.9006270032091,42.0504681445841,38.));
#2366=CARTESIAN_POINT('',(-55.1739185363285,43.9137702682785,40.));
#2367=CARTESIAN_POINT('Origin',(-55.1739185363285,43.9137702682785,38.));
#2368=CARTESIAN_POINT('Origin',(-45.,70.,40.));
#2369=CARTESIAN_POINT('Origin',(-45.,70.,38.));
#2370=CARTESIAN_POINT('Origin',(-100.751676442284,-72.9489566295318,38.));
#2371=CARTESIAN_POINT('',(16.5024773894552,-34.3750309365616,38.));
#2372=CARTESIAN_POINT('',(18.4023122301581,-33.7500288741241,40.));
#2373=CARTESIAN_POINT('Origin',(18.4023122301581,-33.7500288741241,38.));
#2374=CARTESIAN_POINT('Origin',(-100.751676442284,-72.9489566295318,40.));
#2375=CARTESIAN_POINT('Origin',(-100.751676442284,-72.9489566295318,38.));
#2376=CARTESIAN_POINT('Origin',(-30.9933936281196,-50.0000824974975,38.));
#2377=CARTESIAN_POINT('',(17.4541831971335,-68.8900877849822,40.));
#2378=CARTESIAN_POINT('Ctrl Pts',(-25.1052233135215,-99.8203316233553,38.8000667144516));
#2379=CARTESIAN_POINT('Ctrl Pts',(-24.0872373399317,-99.7266418880618,38.860642962621));
#2380=CARTESIAN_POINT('Ctrl Pts',(-22.9795878993365,-99.5940582692069,38.9202970095123));
#2381=CARTESIAN_POINT('Ctrl Pts',(-15.0922675750081,-98.3490599557215,39.3107221452796));
#2382=CARTESIAN_POINT('Ctrl Pts',(-8.64836115385239,-95.9704668282705,39.509384216856));
#2383=CARTESIAN_POINT('Ctrl Pts',(2.93561956120281,-88.8398215977796,39.8191854267968));
#2384=CARTESIAN_POINT('Ctrl Pts',(7.9598222602167,-84.1668595217425,39.913175563825));
#2385=CARTESIAN_POINT('Ctrl Pts',(14.1223586719199,-75.6091247395144,39.9878982419586));
#2386=CARTESIAN_POINT('Ctrl Pts',(15.9744326461375,-72.3355494312254,40.));
#2387=CARTESIAN_POINT('Ctrl Pts',(17.4541831971335,-68.8900877849822,40.));
#2388=CARTESIAN_POINT('Origin',(-30.9933936281196,-50.0000824974975,40.));
#2389=CARTESIAN_POINT('Origin',(-30.9933936281196,-50.0000824974975,38.));
#2390=CARTESIAN_POINT('Origin',(-30.9933936281196,-50.0000824974975,0.));
#2391=CARTESIAN_POINT('',(16.5024773894552,-34.3750309365616,2.));
#2392=CARTESIAN_POINT('',(16.5024773894552,-34.3750309365616,0.));
#2393=CARTESIAN_POINT('Origin',(-30.9933936281196,-50.0000824974975,2.));
#2394=CARTESIAN_POINT('',(-7.58422172367124,-94.1816473265977,20.));
#2395=CARTESIAN_POINT('Ctrl Pts',(-7.58422172367124,-94.1816473265977,20.));
#2396=CARTESIAN_POINT('Ctrl Pts',(-7.58422172367124,-94.1816473265977,19.8130863540682));
#2397=CARTESIAN_POINT('Ctrl Pts',(-7.54702680183502,-94.1619972140647,19.615551598587));
#2398=CARTESIAN_POINT('Ctrl Pts',(-7.40117940219489,-94.0842549043532,19.2562112736187));
#2399=CARTESIAN_POINT('Ctrl Pts',(-7.29270586879402,-94.0261679909396,19.0943319579521));
#2400=CARTESIAN_POINT('Ctrl Pts',(-7.03195957845243,-93.8848759806302,18.8196386746382));
#2401=CARTESIAN_POINT('Ctrl Pts',(-6.85581595697335,-93.7884892127844,18.6972860378918));
#2402=CARTESIAN_POINT('Ctrl Pts',(-6.4761292038853,-93.577036999764,18.537526127142));
#2403=CARTESIAN_POINT('Ctrl Pts',(-6.27265761847496,-93.4619329075956,18.5));
#2404=CARTESIAN_POINT('Ctrl Pts',(-5.89280006190391,-93.2436824994193,18.5));
#2405=CARTESIAN_POINT('Ctrl Pts',(-5.68786828764388,-93.1240813048704,18.5386277766445));
#2406=CARTESIAN_POINT('Ctrl Pts',(-5.30747409344209,-92.8985955666341,18.700243126709));
#2407=CARTESIAN_POINT('Ctrl Pts',(-5.13198303544359,-92.7927709624606,18.8232469150866));
#2408=CARTESIAN_POINT('Ctrl Pts',(-4.87374677265756,-92.635552614417,19.0974215295384));
#2409=CARTESIAN_POINT('Ctrl Pts',(-4.76646144905343,-92.5694997221652,19.2579003922051));
#2410=CARTESIAN_POINT('Ctrl Pts',(-4.62158415738758,-92.4799002891295,19.6154284728534));
#2411=CARTESIAN_POINT('Ctrl Pts',(-4.58422172367124,-92.456597183954,19.8126316146802));
#2412=CARTESIAN_POINT('Ctrl Pts',(-4.58422172367124,-92.456597183954,20.1873683853198));
#2413=CARTESIAN_POINT('Ctrl Pts',(-4.62158415738758,-92.4799002891295,20.3845715271466));
#2414=CARTESIAN_POINT('Ctrl Pts',(-4.76646144905343,-92.5694997221652,20.7420996077949));
#2415=CARTESIAN_POINT('Ctrl Pts',(-4.87374677265756,-92.635552614417,20.9025784704616));
#2416=CARTESIAN_POINT('Ctrl Pts',(-5.13198303544359,-92.7927709624606,21.1767530849134));
#2417=CARTESIAN_POINT('Ctrl Pts',(-5.30747409344209,-92.8985955666341,21.299756873291));
#2418=CARTESIAN_POINT('Ctrl Pts',(-5.68786828764388,-93.1240813048704,21.4613722233555));
#2419=CARTESIAN_POINT('Ctrl Pts',(-5.89280006190391,-93.2436824994193,21.5));
#2420=CARTESIAN_POINT('Ctrl Pts',(-6.27265761847496,-93.4619329075956,21.5));
#2421=CARTESIAN_POINT('Ctrl Pts',(-6.4761292038853,-93.577036999764,21.462473872858));
#2422=CARTESIAN_POINT('Ctrl Pts',(-6.85581595697335,-93.7884892127844,21.3027139621082));
#2423=CARTESIAN_POINT('Ctrl Pts',(-7.03195957845243,-93.8848759806302,21.1803613253618));
#2424=CARTESIAN_POINT('Ctrl Pts',(-7.29270586879402,-94.0261679909396,20.9056680420479));
#2425=CARTESIAN_POINT('Ctrl Pts',(-7.40117940219489,-94.0842549043532,20.7437887263813));
#2426=CARTESIAN_POINT('Ctrl Pts',(-7.54702680183503,-94.1619972140647,20.384448401413));
#2427=CARTESIAN_POINT('Ctrl Pts',(-7.58422172367124,-94.1816473265977,20.1869136459318));
#2428=CARTESIAN_POINT('Ctrl Pts',(-7.58422172367124,-94.1816473265977,20.));
#2429=CARTESIAN_POINT('',(-12.3236819621368,-96.3837204133517,25.2594602384655));
#2430=CARTESIAN_POINT('Ctrl Pts',(-12.3236819621368,-96.3837204133517,25.2594602384655));
#2431=CARTESIAN_POINT('Ctrl Pts',(-12.3236819621368,-96.3837204133517,25.1369641754059));
#2432=CARTESIAN_POINT('Ctrl Pts',(-12.2992579050008,-96.3739117297094,25.0069984832243));
#2433=CARTESIAN_POINT('Ctrl Pts',(-12.2020581416516,-96.3346102143506,24.7695085659475));
#2434=CARTESIAN_POINT('Ctrl Pts',(-12.1293474660871,-96.3051104373972,24.6619588796703));
#2435=CARTESIAN_POINT('Ctrl Pts',(-11.9576803346954,-96.2348206156524,24.4848600079138));
#2436=CARTESIAN_POINT('Ctrl Pts',(-11.8446154412526,-96.1881976225662,24.4067242107802));
#2437=CARTESIAN_POINT('Ctrl Pts',(-11.5991960766721,-96.0856853057369,24.3040516264555));
#2438=CARTESIAN_POINT('Ctrl Pts',(-11.4668718428909,-96.0297782887488,24.2794602384655));
#2439=CARTESIAN_POINT('Ctrl Pts',(-11.2196080551361,-95.9241024684398,24.2794602384655));
#2440=CARTESIAN_POINT('Ctrl Pts',(-11.086861007904,-95.866714446182,24.30437365782));
#2441=CARTESIAN_POINT('Ctrl Pts',(-10.841226587792,-95.7593234314567,24.4075881984277));
#2442=CARTESIAN_POINT('Ctrl Pts',(-10.728338665775,-95.7093502506895,24.485919026531));
#2443=CARTESIAN_POINT('Ctrl Pts',(-10.557424189781,-95.6331745389987,24.6628726426473));
#2444=CARTESIAN_POINT('Ctrl Pts',(-10.4850632820483,-95.6006440291284,24.7700114675403));
#2445=CARTESIAN_POINT('Ctrl Pts',(-10.3881515769446,-95.5569351719331,25.0069769579593));
#2446=CARTESIAN_POINT('Ctrl Pts',(-10.3636819621368,-95.5458286938045,25.1368500664626));
#2447=CARTESIAN_POINT('Ctrl Pts',(-10.3636819621368,-95.5458286938045,25.3820704104685));
#2448=CARTESIAN_POINT('Ctrl Pts',(-10.3881515769446,-95.5569351719331,25.5119435189718));
#2449=CARTESIAN_POINT('Ctrl Pts',(-10.4850632820483,-95.6006440291284,25.7489090093908));
#2450=CARTESIAN_POINT('Ctrl Pts',(-10.557424189781,-95.6331745389987,25.8560478342838));
#2451=CARTESIAN_POINT('Ctrl Pts',(-10.728338665775,-95.7093502506895,26.0330014504001));
#2452=CARTESIAN_POINT('Ctrl Pts',(-10.841226587792,-95.7593234314567,26.1113322785033));
#2453=CARTESIAN_POINT('Ctrl Pts',(-11.086861007904,-95.866714446182,26.214546819111));
#2454=CARTESIAN_POINT('Ctrl Pts',(-11.2196080551361,-95.9241024684398,26.2394602384655));
#2455=CARTESIAN_POINT('Ctrl Pts',(-11.4668718428909,-96.0297782887488,26.2394602384655));
#2456=CARTESIAN_POINT('Ctrl Pts',(-11.5991960766721,-96.0856853057369,26.2148688504756));
#2457=CARTESIAN_POINT('Ctrl Pts',(-11.8446154412526,-96.1881976225662,26.1121962661509));
#2458=CARTESIAN_POINT('Ctrl Pts',(-11.9576803346954,-96.2348206156524,26.0340604690173));
#2459=CARTESIAN_POINT('Ctrl Pts',(-12.1293474660871,-96.3051104373972,25.8569615972608));
#2460=CARTESIAN_POINT('Ctrl Pts',(-12.2020581416516,-96.3346102143506,25.7494119109836));
#2461=CARTESIAN_POINT('Ctrl Pts',(-12.2992579050008,-96.3739117297094,25.5119219937067));
#2462=CARTESIAN_POINT('Ctrl Pts',(-12.3236819621368,-96.3837204133517,25.3819563015252));
#2463=CARTESIAN_POINT('Ctrl Pts',(-12.3236819621368,-96.3837204133517,25.2594602384655));
#2464=CARTESIAN_POINT('',(-12.3236819621368,-96.3837204133517,14.7405397615345));
#2465=CARTESIAN_POINT('Ctrl Pts',(-12.3236819621368,-96.3837204133517,14.7405397615345));
#2466=CARTESIAN_POINT('Ctrl Pts',(-12.3236819621368,-96.3837204133517,14.6180436984748));
#2467=CARTESIAN_POINT('Ctrl Pts',(-12.2992579050008,-96.3739117297094,14.4880780062933));
#2468=CARTESIAN_POINT('Ctrl Pts',(-12.2020581416516,-96.3346102143506,14.2505880890164));
#2469=CARTESIAN_POINT('Ctrl Pts',(-12.1293474660871,-96.3051104373972,14.1430384027392));
#2470=CARTESIAN_POINT('Ctrl Pts',(-11.9576803346954,-96.2348206156524,13.9659395309827));
#2471=CARTESIAN_POINT('Ctrl Pts',(-11.8446154412526,-96.1881976225662,13.8878037338491));
#2472=CARTESIAN_POINT('Ctrl Pts',(-11.5991960766721,-96.0856853057369,13.7851311495244));
#2473=CARTESIAN_POINT('Ctrl Pts',(-11.4668718428909,-96.0297782887488,13.7605397615345));
#2474=CARTESIAN_POINT('Ctrl Pts',(-11.2196080551361,-95.9241024684398,13.7605397615345));
#2475=CARTESIAN_POINT('Ctrl Pts',(-11.086861007904,-95.866714446182,13.785453180889));
#2476=CARTESIAN_POINT('Ctrl Pts',(-10.841226587792,-95.7593234314567,13.8886677214967));
#2477=CARTESIAN_POINT('Ctrl Pts',(-10.728338665775,-95.7093502506895,13.9669985495999));
#2478=CARTESIAN_POINT('Ctrl Pts',(-10.557424189781,-95.6331745389987,14.1439521657162));
#2479=CARTESIAN_POINT('Ctrl Pts',(-10.4850632820483,-95.6006440291284,14.2510909906092));
#2480=CARTESIAN_POINT('Ctrl Pts',(-10.3881515769446,-95.5569351719331,14.4880564810282));
#2481=CARTESIAN_POINT('Ctrl Pts',(-10.3636819621368,-95.5458286938045,14.6179295895315));
#2482=CARTESIAN_POINT('Ctrl Pts',(-10.3636819621368,-95.5458286938045,14.8631499335374));
#2483=CARTESIAN_POINT('Ctrl Pts',(-10.3881515769446,-95.5569351719331,14.9930230420407));
#2484=CARTESIAN_POINT('Ctrl Pts',(-10.4850632820483,-95.6006440291284,15.2299885324597));
#2485=CARTESIAN_POINT('Ctrl Pts',(-10.557424189781,-95.6331745389987,15.3371273573527));
#2486=CARTESIAN_POINT('Ctrl Pts',(-10.728338665775,-95.7093502506895,15.514080973469));
#2487=CARTESIAN_POINT('Ctrl Pts',(-10.841226587792,-95.7593234314567,15.5924118015723));
#2488=CARTESIAN_POINT('Ctrl Pts',(-11.086861007904,-95.866714446182,15.69562634218));
#2489=CARTESIAN_POINT('Ctrl Pts',(-11.2196080551361,-95.9241024684398,15.7205397615345));
#2490=CARTESIAN_POINT('Ctrl Pts',(-11.4668718428909,-96.0297782887488,15.7205397615345));
#2491=CARTESIAN_POINT('Ctrl Pts',(-11.5991960766721,-96.0856853057369,15.6959483735445));
#2492=CARTESIAN_POINT('Ctrl Pts',(-11.8446154412526,-96.1881976225662,15.5932757892198));
#2493=CARTESIAN_POINT('Ctrl Pts',(-11.9576803346954,-96.2348206156524,15.5151399920862));
#2494=CARTESIAN_POINT('Ctrl Pts',(-12.1293474660871,-96.3051104373972,15.3380411203297));
#2495=CARTESIAN_POINT('Ctrl Pts',(-12.2020581416516,-96.3346102143506,15.2304914340525));
#2496=CARTESIAN_POINT('Ctrl Pts',(-12.2992579050008,-96.3739117297094,14.9930015167757));
#2497=CARTESIAN_POINT('Ctrl Pts',(-12.3236819621368,-96.3837204133517,14.8630358245941));
#2498=CARTESIAN_POINT('Ctrl Pts',(-12.3236819621368,-96.3837204133517,14.7405397615345));
#2499=CARTESIAN_POINT('',(-1.80476148520569,-90.5959413210974,25.2594602384655));
#2500=CARTESIAN_POINT('Ctrl Pts',(-1.80476148520569,-90.5959413210974,25.2594602384655));
#2501=CARTESIAN_POINT('Ctrl Pts',(-1.80476148520569,-90.5959413210974,25.137719244111));
#2502=CARTESIAN_POINT('Ctrl Pts',(-1.78059249411052,-90.5785926751448,25.0101038494679));
#2503=CARTESIAN_POINT('Ctrl Pts',(-1.6883007546919,-90.5119914884203,24.7797817928309));
#2504=CARTESIAN_POINT('Ctrl Pts',(-1.62038668886899,-90.4628408893102,24.6769621046329));
#2505=CARTESIAN_POINT('Ctrl Pts',(-1.45232291854533,-90.340369146371,24.4939808410885));
#2506=CARTESIAN_POINT('Ctrl Pts',(-1.33459603344697,-90.2540302797552,24.4114000505942));
#2507=CARTESIAN_POINT('Ctrl Pts',(-1.08270606593559,-90.0672181127329,24.3041582305713));
#2508=CARTESIAN_POINT('Ctrl Pts',(-0.948571214030942,-89.9667279695473,
24.2794602384655));
#2509=CARTESIAN_POINT('Ctrl Pts',(-0.699100612365215,-89.7779738573369,
24.2794602384655));
#2510=CARTESIAN_POINT('Ctrl Pts',(-0.564034818253084,-89.6747535628568,
24.3048528651376));
#2511=CARTESIAN_POINT('Ctrl Pts',(-0.311723113027149,-89.4799570681534,
24.4132656614895));
#2512=CARTESIAN_POINT('Ctrl Pts',(-0.194448059588563,-89.3883953957787,
24.4962441047663));
#2513=CARTESIAN_POINT('Ctrl Pts',(-0.0279150041298094,-89.2575363417556,
24.6788764161108));
#2514=CARTESIAN_POINT('Ctrl Pts',(0.0392616221785828,-89.2043900845829,
24.7808215429945));
#2515=CARTESIAN_POINT('Ctrl Pts',(0.130954624438466,-89.1316346142918,25.0099854935931));
#2516=CARTESIAN_POINT('Ctrl Pts',(0.155238514794312,-89.1122636643083,25.137372831791));
#2517=CARTESIAN_POINT('Ctrl Pts',(0.155238514794313,-89.1122636643083,25.3902157872082));
#2518=CARTESIAN_POINT('Ctrl Pts',(0.1274692686305,-89.134418194958,25.5255241453472));
#2519=CARTESIAN_POINT('Ctrl Pts',(0.0242609804304424,-89.216270998944,25.7661102756412));
#2520=CARTESIAN_POINT('Ctrl Pts',(-0.0509454688156084,-89.2757169542208,
25.8715735132011));
#2521=CARTESIAN_POINT('Ctrl Pts',(-0.223938501113333,-89.4114304375014,
26.0445665454988));
#2522=CARTESIAN_POINT('Ctrl Pts',(-0.336916875764311,-89.4994950077801,
26.119285937116));
#2523=CARTESIAN_POINT('Ctrl Pts',(-0.577906632631299,-89.6853607044367,
26.2167247138333));
#2524=CARTESIAN_POINT('Ctrl Pts',(-0.705928407105993,-89.7831398942408,
26.2394602384655));
#2525=CARTESIAN_POINT('Ctrl Pts',(-0.942362697136421,-89.9620304898172,
26.2394602384655));
#2526=CARTESIAN_POINT('Ctrl Pts',(-1.06998465392173,-90.0576933322171,26.2171602807038));
#2527=CARTESIAN_POINT('Ctrl Pts',(-1.31135132252835,-90.236868588919,26.1200147780151));
#2528=CARTESIAN_POINT('Ctrl Pts',(-1.42506074897628,-90.3203857110271,26.0450902658206));
#2529=CARTESIAN_POINT('Ctrl Pts',(-1.59916003110361,-90.4474457593569,25.8709909836933));
#2530=CARTESIAN_POINT('Ctrl Pts',(-1.67452607780683,-90.50203347633,25.7648874584936));
#2531=CARTESIAN_POINT('Ctrl Pts',(-1.77743436745968,-90.5763286508745,25.5239805161527));
#2532=CARTESIAN_POINT('Ctrl Pts',(-1.80476148520569,-90.5959413210974,25.3890560442604));
#2533=CARTESIAN_POINT('Ctrl Pts',(-1.80476148520569,-90.5959413210974,25.2594602384655));
#2534=CARTESIAN_POINT('',(-1.8047614852057,-90.5959413210974,14.7405397615345));
#2535=CARTESIAN_POINT('Ctrl Pts',(-1.8047614852057,-90.5959413210974,14.7405397615345));
#2536=CARTESIAN_POINT('Ctrl Pts',(-1.8047614852057,-90.5959413210974,14.6187987671799));
#2537=CARTESIAN_POINT('Ctrl Pts',(-1.78059249411052,-90.5785926751448,14.4911833725368));
#2538=CARTESIAN_POINT('Ctrl Pts',(-1.68830075469191,-90.5119914884203,14.2608613158998));
#2539=CARTESIAN_POINT('Ctrl Pts',(-1.62038668886899,-90.4628408893102,14.1580416277019));
#2540=CARTESIAN_POINT('Ctrl Pts',(-1.45232291854534,-90.340369146371,13.9750603641575));
#2541=CARTESIAN_POINT('Ctrl Pts',(-1.33459603344698,-90.2540302797552,13.8924795736631));
#2542=CARTESIAN_POINT('Ctrl Pts',(-1.0827060659356,-90.0672181127329,13.7852377536403));
#2543=CARTESIAN_POINT('Ctrl Pts',(-0.948571214030948,-89.9667279695473,
13.7605397615345));
#2544=CARTESIAN_POINT('Ctrl Pts',(-0.69910061236522,-89.7779738573369,13.7605397615345));
#2545=CARTESIAN_POINT('Ctrl Pts',(-0.564034818253082,-89.6747535628568,
13.7859323882066));
#2546=CARTESIAN_POINT('Ctrl Pts',(-0.311723113027148,-89.4799570681534,
13.8943451845585));
#2547=CARTESIAN_POINT('Ctrl Pts',(-0.194448059588567,-89.3883953957787,
13.9773236278352));
#2548=CARTESIAN_POINT('Ctrl Pts',(-0.0279150041298135,-89.2575363417556,
14.1599559391797));
#2549=CARTESIAN_POINT('Ctrl Pts',(0.0392616221785787,-89.2043900845829,
14.2619010660634));
#2550=CARTESIAN_POINT('Ctrl Pts',(0.130954624438463,-89.1316346142918,14.491065016662));
#2551=CARTESIAN_POINT('Ctrl Pts',(0.155238514794304,-89.1122636643083,14.61845235486));
#2552=CARTESIAN_POINT('Ctrl Pts',(0.155238514794304,-89.1122636643083,14.8626271682089));
#2553=CARTESIAN_POINT('Ctrl Pts',(0.130954624438463,-89.1316346142918,14.9900145064069));
#2554=CARTESIAN_POINT('Ctrl Pts',(0.0392616221785787,-89.2043900845829,
15.2191784570055));
#2555=CARTESIAN_POINT('Ctrl Pts',(-0.0279150041298135,-89.2575363417556,
15.3211235838892));
#2556=CARTESIAN_POINT('Ctrl Pts',(-0.194448059588567,-89.3883953957787,
15.5037558952337));
#2557=CARTESIAN_POINT('Ctrl Pts',(-0.311723113027149,-89.4799570681534,
15.5867343385105));
#2558=CARTESIAN_POINT('Ctrl Pts',(-0.564034818253083,-89.6747535628568,
15.6951471348624));
#2559=CARTESIAN_POINT('Ctrl Pts',(-0.69910061236522,-89.7779738573369,15.7205397615345));
#2560=CARTESIAN_POINT('Ctrl Pts',(-0.948571214030949,-89.9667279695473,
15.7205397615345));
#2561=CARTESIAN_POINT('Ctrl Pts',(-1.08270606593562,-90.0672181127329,15.6958417694286));
#2562=CARTESIAN_POINT('Ctrl Pts',(-1.334596033447,-90.2540302797552,15.5885999494058));
#2563=CARTESIAN_POINT('Ctrl Pts',(-1.45232291854534,-90.340369146371,15.5060191589114));
#2564=CARTESIAN_POINT('Ctrl Pts',(-1.62038668886899,-90.4628408893102,15.3230378953671));
#2565=CARTESIAN_POINT('Ctrl Pts',(-1.68830075469191,-90.5119914884203,15.2202182071691));
#2566=CARTESIAN_POINT('Ctrl Pts',(-1.78059249411052,-90.5785926751448,14.9898961505321));
#2567=CARTESIAN_POINT('Ctrl Pts',(-1.8047614852057,-90.5959413210974,14.862280755889));
#2568=CARTESIAN_POINT('Ctrl Pts',(-1.8047614852057,-90.5959413210974,14.7405397615345));
#2569=CARTESIAN_POINT('Origin',(-100.751676442284,-72.9489566295318,0.));
#2570=CARTESIAN_POINT('',(-55.9006270032091,42.0504681445841,2.));
#2571=CARTESIAN_POINT('',(-55.9006270032091,42.0504681445841,0.));
#2572=CARTESIAN_POINT('Origin',(-100.751676442284,-72.9489566295318,2.));
#2573=CARTESIAN_POINT('Origin',(-45.,70.,0.));
#2574=CARTESIAN_POINT('',(-23.2214194828252,90.6323394373235,2.));
#2575=CARTESIAN_POINT('',(-23.2214194828252,90.6323394373235,0.));
#2576=CARTESIAN_POINT('Origin',(-45.,70.,2.));
#2577=CARTESIAN_POINT('Origin',(66.7785805171748,-4.36766056267652,0.));
#2578=CARTESIAN_POINT('',(66.7785805171748,-4.36766056267652,2.));
#2579=CARTESIAN_POINT('',(66.7785805171748,-4.36766056267652,0.));
#2580=CARTESIAN_POINT('',(49.8953688383427,13.4535073205352,2.));
#2581=CARTESIAN_POINT('Origin',(45.,-25.,0.));
#2582=CARTESIAN_POINT('',(74.8984703202646,-27.4660641735887,2.));
#2583=CARTESIAN_POINT('',(74.8984703202646,-27.4660641735887,0.));
#2584=CARTESIAN_POINT('Origin',(45.,-25.,2.));
#2585=CARTESIAN_POINT('Origin',(68.9157782763288,-100.,0.));
#2586=CARTESIAN_POINT('',(72.7791367425612,-53.1607856452902,2.));
#2587=CARTESIAN_POINT('Origin',(70.7859053878769,-52.9963813670509,2.));
#2588=CARTESIAN_POINT('',(72.9052389655803,-27.3016598953495,0.));
#2589=CARTESIAN_POINT('',(70.7859053878769,-52.9963813670509,0.));
#2590=CARTESIAN_POINT('Origin',(72.9052389655803,-27.3016598953495,2.));
#2591=CARTESIAN_POINT('Origin',(45.,-25.,2.));
#2592=CARTESIAN_POINT('',(65.3266751493632,-5.74314985849808,0.));
#2593=CARTESIAN_POINT('Origin',(65.3266751493632,-5.74314985849808,2.));
#2594=CARTESIAN_POINT('Origin',(45.,-25.,0.));
#2595=CARTESIAN_POINT('Origin',(48.443463470531,12.0780180247136,2.));
#2596=CARTESIAN_POINT('',(-24.6733248506369,89.2568501415019,0.));
#2597=CARTESIAN_POINT('Origin',(-24.6733248506369,89.2568501415019,2.));
#2598=CARTESIAN_POINT('',(48.443463470531,12.0780180247136,0.));
#2599=CARTESIAN_POINT('Origin',(-45.,70.,2.));
#2600=CARTESIAN_POINT('',(-55.1739185363285,43.9137702682785,0.));
#2601=CARTESIAN_POINT('Origin',(-55.1739185363285,43.9137702682785,2.));
#2602=CARTESIAN_POINT('Origin',(-45.,70.,0.));
#2603=CARTESIAN_POINT('Origin',(-100.751676442284,-72.9489566295318,2.));
#2604=CARTESIAN_POINT('',(18.4023122301581,-33.7500288741241,0.));
#2605=CARTESIAN_POINT('Origin',(18.4023122301581,-33.7500288741241,2.));
#2606=CARTESIAN_POINT('Origin',(-100.751676442284,-72.9489566295318,0.));
#2607=CARTESIAN_POINT('Origin',(-30.9933936281196,-50.0000824974975,2.));
#2608=CARTESIAN_POINT('Origin',(-30.9933936281196,-50.0000824974975,0.));
#2609=CARTESIAN_POINT('Origin',(4.44089209850063E-15,-1.77635683940025E-14,
0.));
#2610=CARTESIAN_POINT('',(-34.5,70.,0.));
#2611=CARTESIAN_POINT('Origin',(-45.,70.,0.));
#2612=CARTESIAN_POINT('',(-53.1864062991326,84.3280134981413,0.));
#2613=CARTESIAN_POINT('Origin',(-51.6864062991326,84.3280134981413,0.));
#2614=CARTESIAN_POINT('',(-26.0587007426517,41.1529328237421,0.));
#2615=CARTESIAN_POINT('Origin',(-24.5587007426517,41.1529328237421,0.));
#2616=CARTESIAN_POINT('',(-60.4459331381909,77.4505670190335,0.));
#2617=CARTESIAN_POINT('Origin',(-58.9459331381909,77.4505670190335,0.));
#2618=CARTESIAN_POINT('',(-18.7991739035934,48.0303793028499,0.));
#2619=CARTESIAN_POINT('Origin',(-17.2991739035934,48.0303793028499,0.));
#2620=CARTESIAN_POINT('Origin',(-0.824761485205702,-102.66,14.7405397615345));
#2621=CARTESIAN_POINT('',(-1.8047614852057,-102.66,14.7405397615345));
#2622=CARTESIAN_POINT('Origin',(-0.824761485205702,-102.66,14.7405397615345));
#2623=CARTESIAN_POINT('',(-1.8047614852057,-102.66,14.7405397615345));
#2624=CARTESIAN_POINT('Origin',(-0.824761485205702,-102.66,14.7405397615345));
#2625=CARTESIAN_POINT('',(0.155238514794304,-90.4026736515046,14.7405397615345));
#2626=CARTESIAN_POINT('',(-1.8047614852057,-91.7403644353586,14.7405397615345));
#2627=CARTESIAN_POINT('Ctrl Pts',(0.155238514794304,-90.4026736515046,14.7405397615345));
#2628=CARTESIAN_POINT('Ctrl Pts',(0.155238514794304,-90.4026736515046,14.6183633772775));
#2629=CARTESIAN_POINT('Ctrl Pts',(0.130914882751692,-90.4201383133494,14.4903352173366));
#2630=CARTESIAN_POINT('Ctrl Pts',(0.0379189209486955,-90.4865642563929,
14.2591852568225));
#2631=CARTESIAN_POINT('Ctrl Pts',(-0.0305572360933727,-90.5353380501215,
14.1559307523926));
#2632=CARTESIAN_POINT('Ctrl Pts',(-0.198124201515564,-90.6538877673216,
13.9747738254466));
#2633=CARTESIAN_POINT('Ctrl Pts',(-0.314349726777447,-90.7356135769511,
13.8929192028631));
#2634=CARTESIAN_POINT('Ctrl Pts',(-0.565045790897313,-90.9100055615036,
13.7857997273883));
#2635=CARTESIAN_POINT('Ctrl Pts',(-0.699533843784866,-91.0026495599086,
13.7605397615345));
#2636=CARTESIAN_POINT('Ctrl Pts',(-0.948432939012729,-91.1724558160588,
13.7605397615345));
#2637=CARTESIAN_POINT('Ctrl Pts',(-1.08214720058186,-91.2628079411909,13.7852198665816));
#2638=CARTESIAN_POINT('Ctrl Pts',(-1.33248273070046,-91.4303221429425,13.8913621257528));
#2639=CARTESIAN_POINT('Ctrl Pts',(-1.44907140757473,-91.5074973436687,13.9728804241817));
#2640=CARTESIAN_POINT('Ctrl Pts',(-1.61793381469399,-91.6185936070886,14.1543203401039));
#2641=CARTESIAN_POINT('Ctrl Pts',(-1.68703021803298,-91.6637398403451,14.2583083831158));
#2642=CARTESIAN_POINT('Ctrl Pts',(-1.78053051336931,-91.7246599145037,14.4904196535675));
#2643=CARTESIAN_POINT('Ctrl Pts',(-1.8047614852057,-91.7403644353586,14.6186306857244));
#2644=CARTESIAN_POINT('Ctrl Pts',(-1.8047614852057,-91.7403644353586,14.7405397615345));
#2645=CARTESIAN_POINT('Ctrl Pts',(-1.8047614852057,-91.7403644353586,14.7405397615345));
#2646=CARTESIAN_POINT('Ctrl Pts',(-1.8047614852057,-91.7403644353586,14.8624488373445));
#2647=CARTESIAN_POINT('Ctrl Pts',(-1.78053051336931,-91.7246599145037,14.9906598695014));
#2648=CARTESIAN_POINT('Ctrl Pts',(-1.68703021803298,-91.6637398403451,15.2227711399531));
#2649=CARTESIAN_POINT('Ctrl Pts',(-1.61793381469399,-91.6185936070886,15.326759182965));
#2650=CARTESIAN_POINT('Ctrl Pts',(-1.44907140757473,-91.5074973436687,15.5081990988872));
#2651=CARTESIAN_POINT('Ctrl Pts',(-1.33248273070046,-91.4303221429425,15.5897173973161));
#2652=CARTESIAN_POINT('Ctrl Pts',(-1.08214720058186,-91.2628079411909,15.6958596564873));
#2653=CARTESIAN_POINT('Ctrl Pts',(-0.948432939012729,-91.1724558160588,
15.7205397615345));
#2654=CARTESIAN_POINT('Ctrl Pts',(-0.699533843784866,-91.0026495599086,
15.7205397615345));
#2655=CARTESIAN_POINT('Ctrl Pts',(-0.565045790897323,-90.9100055615036,
15.6952797956806));
#2656=CARTESIAN_POINT('Ctrl Pts',(-0.314349726777456,-90.7356135769511,
15.5881603202058));
#2657=CARTESIAN_POINT('Ctrl Pts',(-0.198124201515563,-90.6538877673216,
15.5063056976223));
#2658=CARTESIAN_POINT('Ctrl Pts',(-0.0305572360933727,-90.5353380501215,
15.3251487706763));
#2659=CARTESIAN_POINT('Ctrl Pts',(0.0379189209486955,-90.4865642563929,
15.2218942662464));
#2660=CARTESIAN_POINT('Ctrl Pts',(0.130914882751692,-90.4201383133494,14.9907443057323));
#2661=CARTESIAN_POINT('Ctrl Pts',(0.155238514794304,-90.4026736515046,14.8627161457914));
#2662=CARTESIAN_POINT('Ctrl Pts',(0.155238514794304,-90.4026736515046,14.7405397615345));
#2663=CARTESIAN_POINT('',(-1.8047614852057,-102.66,14.7405397615345));
#2664=CARTESIAN_POINT('Origin',(-0.824761485205698,-102.66,25.2594602384655));
#2665=CARTESIAN_POINT('',(-1.8047614852057,-102.66,25.2594602384655));
#2666=CARTESIAN_POINT('Origin',(-0.824761485205698,-102.66,25.2594602384655));
#2667=CARTESIAN_POINT('',(-1.8047614852057,-102.66,25.2594602384655));
#2668=CARTESIAN_POINT('Origin',(-0.824761485205698,-102.66,25.2594602384655));
#2669=CARTESIAN_POINT('',(0.155238514794308,-90.4026736515046,25.2594602384655));
#2670=CARTESIAN_POINT('',(-1.80476148520569,-91.7403644353586,25.2594602384655));
#2671=CARTESIAN_POINT('Ctrl Pts',(0.155238514794308,-90.4026736515046,25.2594602384655));
#2672=CARTESIAN_POINT('Ctrl Pts',(0.155238514794308,-90.4026736515046,25.1372838542086));
#2673=CARTESIAN_POINT('Ctrl Pts',(0.130914882751699,-90.4201383133494,25.0092556942677));
#2674=CARTESIAN_POINT('Ctrl Pts',(0.0379189209487004,-90.4865642563929,
24.7781057337536));
#2675=CARTESIAN_POINT('Ctrl Pts',(-0.0305572360933722,-90.5353380501215,
24.6748512293237));
#2676=CARTESIAN_POINT('Ctrl Pts',(-0.198124201515563,-90.6538877673216,
24.4936943023777));
#2677=CARTESIAN_POINT('Ctrl Pts',(-0.314349726777447,-90.7356135769511,
24.4118396797942));
#2678=CARTESIAN_POINT('Ctrl Pts',(-0.56504579089731,-90.9100055615036,24.3047202043194));
#2679=CARTESIAN_POINT('Ctrl Pts',(-0.699533843784862,-91.0026495599086,
24.2794602384655));
#2680=CARTESIAN_POINT('Ctrl Pts',(-0.948432939012724,-91.1724558160588,
24.2794602384655));
#2681=CARTESIAN_POINT('Ctrl Pts',(-1.08214720058186,-91.2628079411909,24.3041403435127));
#2682=CARTESIAN_POINT('Ctrl Pts',(-1.33248273070045,-91.4303221429425,24.4102826026839));
#2683=CARTESIAN_POINT('Ctrl Pts',(-1.44907140757473,-91.5074973436687,24.4918009011128));
#2684=CARTESIAN_POINT('Ctrl Pts',(-1.61793381469399,-91.6185936070886,24.673240817035));
#2685=CARTESIAN_POINT('Ctrl Pts',(-1.68703021803299,-91.6637398403451,24.7772288600469));
#2686=CARTESIAN_POINT('Ctrl Pts',(-1.78053051336932,-91.7246599145037,25.0093401304986));
#2687=CARTESIAN_POINT('Ctrl Pts',(-1.80476148520569,-91.7403644353586,25.1375511626555));
#2688=CARTESIAN_POINT('Ctrl Pts',(-1.80476148520569,-91.7403644353586,25.2594602384655));
#2689=CARTESIAN_POINT('Ctrl Pts',(-1.80476148520569,-91.7403644353586,25.2594602384655));
#2690=CARTESIAN_POINT('Ctrl Pts',(-1.80476148520569,-91.7403644353586,25.3813693142756));
#2691=CARTESIAN_POINT('Ctrl Pts',(-1.78053051336931,-91.7246599145037,25.5095803464325));
#2692=CARTESIAN_POINT('Ctrl Pts',(-1.68703021803298,-91.6637398403451,25.7416916168842));
#2693=CARTESIAN_POINT('Ctrl Pts',(-1.61793381469399,-91.6185936070886,25.8456796598961));
#2694=CARTESIAN_POINT('Ctrl Pts',(-1.44907140757473,-91.5074973436687,26.0271195758183));
#2695=CARTESIAN_POINT('Ctrl Pts',(-1.33248273070046,-91.4303221429425,26.1086378742472));
#2696=CARTESIAN_POINT('Ctrl Pts',(-1.08214720058186,-91.2628079411909,26.2147801334184));
#2697=CARTESIAN_POINT('Ctrl Pts',(-0.948432939012724,-91.1724558160588,
26.2394602384655));
#2698=CARTESIAN_POINT('Ctrl Pts',(-0.699533843784862,-91.0026495599086,
26.2394602384655));
#2699=CARTESIAN_POINT('Ctrl Pts',(-0.56504579089732,-90.9100055615036,26.2142002726117));
#2700=CARTESIAN_POINT('Ctrl Pts',(-0.314349726777445,-90.7356135769511,
26.1070807971369));
#2701=CARTESIAN_POINT('Ctrl Pts',(-0.198124201515563,-90.6538877673216,
26.0252261745534));
#2702=CARTESIAN_POINT('Ctrl Pts',(-0.0305572360933723,-90.5353380501215,
25.8440692476074));
#2703=CARTESIAN_POINT('Ctrl Pts',(0.0379189209487004,-90.4865642563929,
25.7408147431775));
#2704=CARTESIAN_POINT('Ctrl Pts',(0.130914882751699,-90.4201383133494,25.5096647826634));
#2705=CARTESIAN_POINT('Ctrl Pts',(0.155238514794308,-90.4026736515046,25.3816366227225));
#2706=CARTESIAN_POINT('Ctrl Pts',(0.155238514794308,-90.4026736515046,25.2594602384655));
#2707=CARTESIAN_POINT('',(-1.8047614852057,-102.66,25.2594602384655));
#2708=CARTESIAN_POINT('Origin',(-11.3436819621368,-102.66,14.7405397615345));
#2709=CARTESIAN_POINT('',(-12.3236819621368,-102.66,14.7405397615345));
#2710=CARTESIAN_POINT('Origin',(-11.3436819621368,-102.66,14.7405397615345));
#2711=CARTESIAN_POINT('',(-12.3236819621368,-102.66,14.7405397615345));
#2712=CARTESIAN_POINT('Origin',(-11.3436819621368,-102.66,14.7405397615345));
#2713=CARTESIAN_POINT('',(-10.3636819621368,-96.2160174773816,14.7405397615345));
#2714=CARTESIAN_POINT('',(-12.3236819621368,-96.9703839766453,14.7405397615345));
#2715=CARTESIAN_POINT('Ctrl Pts',(-10.3636819621368,-96.2160174773816,14.7405397615345));
#2716=CARTESIAN_POINT('Ctrl Pts',(-10.3636819621368,-96.2160174773816,14.6178571738631));
#2717=CARTESIAN_POINT('Ctrl Pts',(-10.3881728792557,-96.2260438208871,14.487736539722));
#2718=CARTESIAN_POINT('Ctrl Pts',(-10.4856298289513,-96.2656807520545,14.2499751635031));
#2719=CARTESIAN_POINT('Ctrl Pts',(-10.5585301710322,-96.2952320316314,14.1422976177647));
#2720=CARTESIAN_POINT('Ctrl Pts',(-10.7299584000241,-96.364101208756,13.9658864467361));
#2721=CARTESIAN_POINT('Ctrl Pts',(-10.8423744869843,-96.4089510067334,13.8880605963786));
#2722=CARTESIAN_POINT('Ctrl Pts',(-11.087283993571,-96.5054180579563,13.7854010299655));
#2723=CARTESIAN_POINT('Ctrl Pts',(-11.2197771289268,-96.5570067077706,13.7605397615345));
#2724=CARTESIAN_POINT('Ctrl Pts',(-11.4668267713862,-96.6520686495109,13.7605397615345));
#2725=CARTESIAN_POINT('Ctrl Pts',(-11.5989585626109,-96.7023116029703,13.7851250813927));
#2726=CARTESIAN_POINT('Ctrl Pts',(-11.8436819740053,-96.7942787539059,13.8873203607056));
#2727=CARTESIAN_POINT('Ctrl Pts',(-11.9562466761981,-96.8360215476686,13.9649780364036));
#2728=CARTESIAN_POINT('Ctrl Pts',(-12.128324158131,-96.8993716591817,14.1415124569304));
#2729=CARTESIAN_POINT('Ctrl Pts',(-12.2015245769877,-96.9260621328476,14.2495422523348));
#2730=CARTESIAN_POINT('Ctrl Pts',(-12.2992293453327,-96.961562216706,14.4877518749488));
#2731=CARTESIAN_POINT('Ctrl Pts',(-12.3236819621368,-96.9703839766453,14.6179511069696));
#2732=CARTESIAN_POINT('Ctrl Pts',(-12.3236819621368,-96.9703839766453,14.7405397615345));
#2733=CARTESIAN_POINT('Ctrl Pts',(-12.3236819621368,-96.9703839766453,14.7405397615345));
#2734=CARTESIAN_POINT('Ctrl Pts',(-12.3236819621368,-96.9703839766453,14.8631284160993));
#2735=CARTESIAN_POINT('Ctrl Pts',(-12.2992293453327,-96.961562216706,14.9933276481201));
#2736=CARTESIAN_POINT('Ctrl Pts',(-12.2015245769877,-96.9260621328476,15.2315372707341));
#2737=CARTESIAN_POINT('Ctrl Pts',(-12.128324158131,-96.8993716591817,15.3395670661386));
#2738=CARTESIAN_POINT('Ctrl Pts',(-11.9562466761981,-96.8360215476686,15.5161014866653));
#2739=CARTESIAN_POINT('Ctrl Pts',(-11.8436819740053,-96.7942787539059,15.5937591623633));
#2740=CARTESIAN_POINT('Ctrl Pts',(-11.5989585626109,-96.7023116029703,15.6959544416762));
#2741=CARTESIAN_POINT('Ctrl Pts',(-11.4668267713862,-96.6520686495109,15.7205397615345));
#2742=CARTESIAN_POINT('Ctrl Pts',(-11.2197771289268,-96.5570067077706,15.7205397615345));
#2743=CARTESIAN_POINT('Ctrl Pts',(-11.087283993571,-96.5054180579563,15.6956784931034));
#2744=CARTESIAN_POINT('Ctrl Pts',(-10.8423744869843,-96.4089510067334,15.5930189266903));
#2745=CARTESIAN_POINT('Ctrl Pts',(-10.7299584000241,-96.364101208756,15.5151930763329));
#2746=CARTESIAN_POINT('Ctrl Pts',(-10.5585301710322,-96.2952320316314,15.3387819053042));
#2747=CARTESIAN_POINT('Ctrl Pts',(-10.4856298289513,-96.2656807520545,15.2311043595658));
#2748=CARTESIAN_POINT('Ctrl Pts',(-10.3881728792557,-96.2260438208871,14.9933429833469));
#2749=CARTESIAN_POINT('Ctrl Pts',(-10.3636819621368,-96.2160174773816,14.8632223492059));
#2750=CARTESIAN_POINT('Ctrl Pts',(-10.3636819621368,-96.2160174773816,14.7405397615345));
#2751=CARTESIAN_POINT('',(-12.3236819621368,-102.66,14.7405397615345));
#2752=CARTESIAN_POINT('Origin',(-11.3436819621368,-102.66,25.2594602384655));
#2753=CARTESIAN_POINT('',(-12.3236819621368,-102.66,25.2594602384655));
#2754=CARTESIAN_POINT('Origin',(-11.3436819621368,-102.66,25.2594602384655));
#2755=CARTESIAN_POINT('',(-12.3236819621368,-102.66,25.2594602384655));
#2756=CARTESIAN_POINT('Origin',(-11.3436819621368,-102.66,25.2594602384655));
#2757=CARTESIAN_POINT('',(-10.3636819621368,-96.2160174773816,25.2594602384655));
#2758=CARTESIAN_POINT('',(-12.3236819621368,-96.9703839766453,25.2594602384655));
#2759=CARTESIAN_POINT('Ctrl Pts',(-10.3636819621368,-96.2160174773816,25.2594602384655));
#2760=CARTESIAN_POINT('Ctrl Pts',(-10.3636819621368,-96.2160174773816,25.1367776507941));
#2761=CARTESIAN_POINT('Ctrl Pts',(-10.3881728792557,-96.2260438208871,25.0066570166531));
#2762=CARTESIAN_POINT('Ctrl Pts',(-10.4856298289513,-96.2656807520545,24.7688956404342));
#2763=CARTESIAN_POINT('Ctrl Pts',(-10.5585301710322,-96.2952320316314,24.6612180946958));
#2764=CARTESIAN_POINT('Ctrl Pts',(-10.7299584000241,-96.364101208756,24.4848069236671));
#2765=CARTESIAN_POINT('Ctrl Pts',(-10.8423744869843,-96.4089510067334,24.4069810733097));
#2766=CARTESIAN_POINT('Ctrl Pts',(-11.087283993571,-96.5054180579563,24.3043215068966));
#2767=CARTESIAN_POINT('Ctrl Pts',(-11.2197771289268,-96.5570067077706,24.2794602384655));
#2768=CARTESIAN_POINT('Ctrl Pts',(-11.4668267713862,-96.6520686495109,24.2794602384655));
#2769=CARTESIAN_POINT('Ctrl Pts',(-11.5989585626109,-96.7023116029703,24.3040455583238));
#2770=CARTESIAN_POINT('Ctrl Pts',(-11.8436819740053,-96.7942787539059,24.4062408376367));
#2771=CARTESIAN_POINT('Ctrl Pts',(-11.9562466761981,-96.8360215476686,24.4838985133347));
#2772=CARTESIAN_POINT('Ctrl Pts',(-12.128324158131,-96.8993716591817,24.6604329338614));
#2773=CARTESIAN_POINT('Ctrl Pts',(-12.2015245769877,-96.9260621328476,24.7684627292659));
#2774=CARTESIAN_POINT('Ctrl Pts',(-12.2992293453327,-96.961562216706,25.0066723518799));
#2775=CARTESIAN_POINT('Ctrl Pts',(-12.3236819621368,-96.9703839766453,25.1368715839007));
#2776=CARTESIAN_POINT('Ctrl Pts',(-12.3236819621368,-96.9703839766453,25.2594602384655));
#2777=CARTESIAN_POINT('Ctrl Pts',(-12.3236819621368,-96.9703839766453,25.2594602384655));
#2778=CARTESIAN_POINT('Ctrl Pts',(-12.3236819621368,-96.9703839766453,25.3820488930304));
#2779=CARTESIAN_POINT('Ctrl Pts',(-12.2992293453327,-96.961562216706,25.5122481250512));
#2780=CARTESIAN_POINT('Ctrl Pts',(-12.2015245769877,-96.9260621328476,25.7504577476652));
#2781=CARTESIAN_POINT('Ctrl Pts',(-12.128324158131,-96.8993716591817,25.8584875430696));
#2782=CARTESIAN_POINT('Ctrl Pts',(-11.9562466761981,-96.8360215476686,26.0350219635964));
#2783=CARTESIAN_POINT('Ctrl Pts',(-11.8436819740053,-96.7942787539059,26.1126796392944));
#2784=CARTESIAN_POINT('Ctrl Pts',(-11.5989585626109,-96.7023116029703,26.2148749186073));
#2785=CARTESIAN_POINT('Ctrl Pts',(-11.4668267713862,-96.6520686495109,26.2394602384655));
#2786=CARTESIAN_POINT('Ctrl Pts',(-11.2197771289268,-96.5570067077706,26.2394602384655));
#2787=CARTESIAN_POINT('Ctrl Pts',(-11.087283993571,-96.5054180579563,26.2145989700345));
#2788=CARTESIAN_POINT('Ctrl Pts',(-10.8423744869843,-96.4089510067334,26.1119394036214));
#2789=CARTESIAN_POINT('Ctrl Pts',(-10.7299584000241,-96.364101208756,26.034113553264));
#2790=CARTESIAN_POINT('Ctrl Pts',(-10.5585301710322,-96.2952320316314,25.8577023822353));
#2791=CARTESIAN_POINT('Ctrl Pts',(-10.4856298289513,-96.2656807520545,25.7500248364969));
#2792=CARTESIAN_POINT('Ctrl Pts',(-10.3881728792557,-96.2260438208871,25.512263460278));
#2793=CARTESIAN_POINT('Ctrl Pts',(-10.3636819621368,-96.2160174773816,25.382142826137));
#2794=CARTESIAN_POINT('Ctrl Pts',(-10.3636819621368,-96.2160174773816,25.2594602384655));
#2795=CARTESIAN_POINT('',(-12.3236819621368,-102.66,25.2594602384655));
#2796=CARTESIAN_POINT('Origin',(-6.08422172367124,-102.66,20.));
#2797=CARTESIAN_POINT('',(-7.58422172367124,-102.66,20.));
#2798=CARTESIAN_POINT('Origin',(-6.08422172367124,-102.66,20.));
#2799=CARTESIAN_POINT('',(-7.58422172367124,-102.66,20.));
#2800=CARTESIAN_POINT('Origin',(-6.08422172367124,-102.66,20.));
#2801=CARTESIAN_POINT('',(-4.58422172367124,-93.4225156497076,20.));
#2802=CARTESIAN_POINT('',(-7.58422172367124,-94.9835510517709,20.));
#2803=CARTESIAN_POINT('Ctrl Pts',(-4.58422172367124,-93.4225156497076,20.));
#2804=CARTESIAN_POINT('Ctrl Pts',(-4.58422172367124,-93.4225156497076,19.8125094232647));
#2805=CARTESIAN_POINT('Ctrl Pts',(-4.62162460205452,-93.4436258690684,19.6146905818713));
#2806=CARTESIAN_POINT('Ctrl Pts',(-4.76782122611681,-93.5254404515341,19.2551889676275));
#2807=CARTESIAN_POINT('Ctrl Pts',(-4.87642488819755,-93.5859468255266,19.0933838993457));
#2808=CARTESIAN_POINT('Ctrl Pts',(-5.13585952785232,-93.7288492402789,18.8205553288236));
#2809=CARTESIAN_POINT('Ctrl Pts',(-5.31028090775025,-93.8240228137436,18.6987348984234));
#2810=CARTESIAN_POINT('Ctrl Pts',(-5.68898516577359,-94.0271684759742,18.5384722630614));
#2811=CARTESIAN_POINT('Ctrl Pts',(-5.89328824921144,-94.1350791787475,18.5));
#2812=CARTESIAN_POINT('Ctrl Pts',(-6.27259965874733,-94.3323165640132,18.5));
#2813=CARTESIAN_POINT('Ctrl Pts',(-6.47566344003366,-94.4362732774242,18.5375339674548));
#2814=CARTESIAN_POINT('Ctrl Pts',(-6.85375585143086,-94.6268281100226,18.6962167506898));
#2815=CARTESIAN_POINT('Ctrl Pts',(-7.02871752064987,-94.7134659597422,18.8174773739326));
#2816=CARTESIAN_POINT('Ctrl Pts',(-7.29031098369209,-94.8417439807812,19.0907402754011));
#2817=CARTESIAN_POINT('Ctrl Pts',(-7.39992986093323,-94.8948479779313,19.2537402032397));
#2818=CARTESIAN_POINT('Ctrl Pts',(-7.5469577552979,-94.9657452549139,19.6147793504562));
#2819=CARTESIAN_POINT('Ctrl Pts',(-7.58422172367124,-94.9835510517709,19.8128751639454));
#2820=CARTESIAN_POINT('Ctrl Pts',(-7.58422172367124,-94.9835510517709,20.));
#2821=CARTESIAN_POINT('Ctrl Pts',(-7.58422172367124,-94.9835510517709,20.));
#2822=CARTESIAN_POINT('Ctrl Pts',(-7.58422172367124,-94.9835510517709,20.1871248360546));
#2823=CARTESIAN_POINT('Ctrl Pts',(-7.5469577552979,-94.9657452549139,20.3852206495438));
#2824=CARTESIAN_POINT('Ctrl Pts',(-7.39992986093323,-94.8948479779313,20.7462597967603));
#2825=CARTESIAN_POINT('Ctrl Pts',(-7.29031098369209,-94.8417439807812,20.9092597245989));
#2826=CARTESIAN_POINT('Ctrl Pts',(-7.02871752064987,-94.7134659597422,21.1825226260674));
#2827=CARTESIAN_POINT('Ctrl Pts',(-6.85375585143086,-94.6268281100226,21.3037832493102));
#2828=CARTESIAN_POINT('Ctrl Pts',(-6.47566344003366,-94.4362732774242,21.4624660325452));
#2829=CARTESIAN_POINT('Ctrl Pts',(-6.27259965874733,-94.3323165640132,21.5));
#2830=CARTESIAN_POINT('Ctrl Pts',(-5.89328824921144,-94.1350791787475,21.5));
#2831=CARTESIAN_POINT('Ctrl Pts',(-5.68898516577359,-94.0271684759742,21.4615277369386));
#2832=CARTESIAN_POINT('Ctrl Pts',(-5.31028090775025,-93.8240228137436,21.3012651015766));
#2833=CARTESIAN_POINT('Ctrl Pts',(-5.13585952785232,-93.7288492402789,21.1794446711764));
#2834=CARTESIAN_POINT('Ctrl Pts',(-4.87642488819755,-93.5859468255266,20.9066161006543));
#2835=CARTESIAN_POINT('Ctrl Pts',(-4.76782122611681,-93.5254404515341,20.7448110323725));
#2836=CARTESIAN_POINT('Ctrl Pts',(-4.62162460205452,-93.4436258690684,20.3853094181287));
#2837=CARTESIAN_POINT('Ctrl Pts',(-4.58422172367124,-93.4225156497076,20.1874905767353));
#2838=CARTESIAN_POINT('Ctrl Pts',(-4.58422172367124,-93.4225156497076,20.));
#2839=CARTESIAN_POINT('',(-7.58422172367124,-102.66,20.));
#2840=CARTESIAN_POINT('Origin',(-6.08422172367124,-105.,20.));
#2841=CARTESIAN_POINT('',(-16.5842217236712,-105.,20.));
#2842=CARTESIAN_POINT('Origin',(-6.08422172367124,-105.,20.));
#2843=CARTESIAN_POINT('',(-16.5842217236712,-102.66,20.));
#2844=CARTESIAN_POINT('',(-16.5842217236712,-105.,20.));
#2845=CARTESIAN_POINT('Origin',(-6.08422172367124,-102.66,20.));
#2846=CARTESIAN_POINT('Origin',(-6.08422172367124,-102.66,20.));
#2847=CARTESIAN_POINT('Origin',(-6.08422172367124,-105.,20.));
#2848=CARTESIAN_POINT('',(36.4157782763288,-115.,20.));
#2849=CARTESIAN_POINT('Origin',(-6.08422172367125,-115.,20.));
#2850=CARTESIAN_POINT('',(36.4157782763288,-105.,20.));
#2851=CARTESIAN_POINT('',(36.4157782763288,-105.,20.));
#2852=CARTESIAN_POINT('Origin',(-6.08422172367124,-105.,20.));
#2853=CARTESIAN_POINT('Origin',(-6.08422172367124,-105.,20.));
#2854=CARTESIAN_POINT('',(-51.5842217236712,-115.,20.));
#2855=CARTESIAN_POINT('Origin',(-6.08422172367125,-115.,20.));
#2856=CARTESIAN_POINT('',(-51.5842217236712,-105.,20.));
#2857=CARTESIAN_POINT('',(-51.5842217236712,-105.,20.));
#2858=CARTESIAN_POINT('Origin',(-6.08422172367124,-105.,20.));
#2859=CARTESIAN_POINT('Origin',(-6.08422172367124,-115.,20.));
#2860=CARTESIAN_POINT('Origin',(-6.08422172367124,-105.,20.));
#2861=CARTESIAN_POINT('Origin',(-26.9275989743444,32.0212122209267,40.));
#2862=CARTESIAN_POINT('',(-26.9275989743444,32.0212122209267,40.));
#2863=CARTESIAN_POINT('',(-8.05282919279291,49.9025730666071,40.));
#2864=CARTESIAN_POINT('',(-27.8256948501244,31.1703845491351,40.));
#2865=CARTESIAN_POINT('',(-26.9275989743444,32.0212122209267,3.));
#2866=CARTESIAN_POINT('',(-26.9275989743444,32.0212122209267,40.));
#2867=CARTESIAN_POINT('',(-8.05282919279291,49.9025730666071,3.));
#2868=CARTESIAN_POINT('',(-8.05282919279291,49.9025730666071,3.));
#2869=CARTESIAN_POINT('',(-8.05282919279291,49.9025730666071,40.));
#2870=CARTESIAN_POINT('Origin',(-68.1922778489914,75.5783732552763,40.));
#2871=CARTESIAN_POINT('',(-68.1922778489914,75.5783732552763,40.));
#2872=CARTESIAN_POINT('',(-33.1980430487157,38.6400142994297,40.));
#2873=CARTESIAN_POINT('',(-68.1922778489914,75.5783732552763,3.));
#2874=CARTESIAN_POINT('',(-68.1922778489914,75.5783732552763,40.));
#2875=CARTESIAN_POINT('',(-26.9275989743444,32.0212122209267,3.));
#2876=CARTESIAN_POINT('Origin',(-49.3175080674399,93.4597341009567,40.));
#2877=CARTESIAN_POINT('',(-49.3175080674399,93.4597341009567,40.));
#2878=CARTESIAN_POINT('',(-59.6529888339956,83.6682260063249,40.));
#2879=CARTESIAN_POINT('',(-49.3175080674399,93.4597341009567,3.));
#2880=CARTESIAN_POINT('',(-49.3175080674399,93.4597341009567,40.));
#2881=CARTESIAN_POINT('',(-68.1922778489914,75.5783732552763,3.));
#2882=CARTESIAN_POINT('Origin',(-8.05282919279291,49.9025730666071,40.));
#2883=CARTESIAN_POINT('',(6.3090661701593,34.7427946279353,40.));
#2884=CARTESIAN_POINT('',(-49.3175080674399,93.4597341009567,3.));
#2885=CARTESIAN_POINT('Origin',(71.9086232882381,-27.2194577562299,40.));
#2886=CARTESIAN_POINT('',(71.9086232882381,-27.2194577562299,40.));
#2887=CARTESIAN_POINT('',(72.7806357325027,-16.6472113147257,40.));
#2888=CARTESIAN_POINT('',(71.9086232882381,-27.2194577562299,3.));
#2889=CARTESIAN_POINT('',(71.9086232882381,-27.2194577562299,40.));
#2890=CARTESIAN_POINT('',(65.9055908307523,-100.,3.));
#2891=CARTESIAN_POINT('Origin',(45.,-25.,40.));
#2892=CARTESIAN_POINT('',(64.6007224654573,-6.43089450640885,40.));
#2893=CARTESIAN_POINT('Origin',(45.,-25.,40.));
#2894=CARTESIAN_POINT('',(64.6007224654573,-6.43089450640885,3.));
#2895=CARTESIAN_POINT('',(64.6007224654573,-6.43089450640885,40.));
#2896=CARTESIAN_POINT('Origin',(45.,-25.,3.));
#2897=CARTESIAN_POINT('Origin',(-25.3992775345427,88.5691054935911,40.));
#2898=CARTESIAN_POINT('',(-25.3992775345427,88.5691054935912,40.));
#2899=CARTESIAN_POINT('',(2.71751078662522,58.8902733768028,40.));
#2900=CARTESIAN_POINT('',(-25.3992775345427,88.5691054935911,3.));
#2901=CARTESIAN_POINT('',(-25.3992775345427,88.5691054935912,40.));
#2902=CARTESIAN_POINT('',(64.6007224654573,-6.43089450640884,3.));
#2903=CARTESIAN_POINT('Origin',(-45.,70.,40.));
#2904=CARTESIAN_POINT('',(-54.4968215281269,44.7253015673202,40.));
#2905=CARTESIAN_POINT('Origin',(-45.,70.,40.));
#2906=CARTESIAN_POINT('',(-54.4968215281269,44.7253015673202,3.));
#2907=CARTESIAN_POINT('',(-54.4968215281269,44.7253015673202,40.));
#2908=CARTESIAN_POINT('Origin',(-45.,70.,3.));
#2909=CARTESIAN_POINT('Origin',(-97.5850097756169,-69.9489566295318,40.));
#2910=CARTESIAN_POINT('',(19.2492319350458,-33.1177548660287,40.));
#2911=CARTESIAN_POINT('Origin',(-97.5850097756169,-69.9489566295318,40.));
#2912=CARTESIAN_POINT('',(19.2492319350458,-33.1177548660287,3.));
#2913=CARTESIAN_POINT('',(19.2492319350458,-33.1177548660287,40.));
#2914=CARTESIAN_POINT('Origin',(-97.5850097756169,-69.9489566295318,3.));
#2915=CARTESIAN_POINT('Origin',(-29.8204848102862,-48.5866500414774,40.));
#2916=CARTESIAN_POINT('Origin',(-29.8204848102862,-48.5866500414774,3.));
#2917=CARTESIAN_POINT('Origin',(-29.8204848102862,-48.5866500414774,40.));
#2918=CARTESIAN_POINT('Origin',(8.88178419700125E-15,-1.50000000000002,
3.));
#2919=CARTESIAN_POINT('Origin',(4.44089209850063E-15,-1.77635683940025E-14,
40.));
#2920=CARTESIAN_POINT('Origin',(-17.2991739035934,48.0303793028499,7.1));
#2921=CARTESIAN_POINT('',(-18.7991739035934,48.0303793028499,7.1));
#2922=CARTESIAN_POINT('Origin',(-17.2991739035934,48.0303793028499,7.1));
#2923=CARTESIAN_POINT('',(-18.7991739035934,48.0303793028499,7.1));
#2924=CARTESIAN_POINT('Origin',(-58.9459331381909,77.4505670190335,7.1));
#2925=CARTESIAN_POINT('',(-60.4459331381909,77.4505670190335,7.1));
#2926=CARTESIAN_POINT('Origin',(-58.9459331381909,77.4505670190335,7.1));
#2927=CARTESIAN_POINT('',(-60.4459331381909,77.4505670190335,7.1));
#2928=CARTESIAN_POINT('Origin',(-24.5587007426517,41.1529328237421,7.1));
#2929=CARTESIAN_POINT('',(-26.0587007426517,41.1529328237421,7.1));
#2930=CARTESIAN_POINT('Origin',(-24.5587007426517,41.1529328237421,7.1));
#2931=CARTESIAN_POINT('',(-26.0587007426517,41.1529328237421,7.1));
#2932=CARTESIAN_POINT('Origin',(-51.6864062991326,84.3280134981413,7.1));
#2933=CARTESIAN_POINT('',(-53.1864062991326,84.3280134981413,7.1));
#2934=CARTESIAN_POINT('Origin',(-51.6864062991326,84.3280134981413,7.1));
#2935=CARTESIAN_POINT('',(-53.1864062991326,84.3280134981413,7.1));
#2936=CARTESIAN_POINT('Origin',(-45.,70.,3.));
#2937=CARTESIAN_POINT('',(-39.9423303730429,79.2016290918812,3.));
#2938=CARTESIAN_POINT('',(-35.5386159488406,74.5532638663344,3.));
#2939=CARTESIAN_POINT('',(-12.2939211882427,50.0171971745922,3.));
#2940=CARTESIAN_POINT('Origin',(-45.,70.,3.));
#2941=CARTESIAN_POINT('Origin',(-45.,70.,3.));
#2942=CARTESIAN_POINT('',(-50.0576696269571,60.7983709081188,3.));
#2943=CARTESIAN_POINT('',(-54.4613840511594,65.4467361336656,3.));
#2944=CARTESIAN_POINT('',(-63.9511858535416,75.4637491472912,3.));
#2945=CARTESIAN_POINT('Origin',(-45.,70.,3.));
#2946=CARTESIAN_POINT('Origin',(-45.,70.,3.));
#2947=CARTESIAN_POINT('',(-54.2016290918813,75.057669626957,3.));
#2948=CARTESIAN_POINT('',(-49.5532638663343,79.4613840511594,3.));
#2949=CARTESIAN_POINT('',(-44.6179196400495,84.1369733181661,3.));
#2950=CARTESIAN_POINT('Origin',(-45.,70.,3.));
#2951=CARTESIAN_POINT('Origin',(-45.,70.,0.));
#2952=CARTESIAN_POINT('',(-34.5,70.,3.));
#2953=CARTESIAN_POINT('',(-34.5,70.,0.));
#2954=CARTESIAN_POINT('Origin',(-45.,70.,3.));
#2955=CARTESIAN_POINT('Origin',(-45.,70.,3.));
#2956=CARTESIAN_POINT('Origin',(-45.,70.,3.));
#2957=CARTESIAN_POINT('Origin',(-45.,70.,3.));
#2958=CARTESIAN_POINT('Origin',(-38.1225535208921,62.7404731609417,3.));
#2959=CARTESIAN_POINT('',(-44.6179196400496,84.1369733181661,3.));
#2960=CARTESIAN_POINT('',(-12.2939211882427,50.0171971745922,3.));
#2961=CARTESIAN_POINT('',(-44.6179196400495,84.1369733181661,3.));
#2962=CARTESIAN_POINT('Origin',(-38.1225535208921,62.7404731609417,3.));
#2963=CARTESIAN_POINT('',(-31.6271874017347,41.3439730037173,3.));
#2964=CARTESIAN_POINT('',(-63.9511858535416,75.4637491472912,3.));
#2965=CARTESIAN_POINT('',(-17.1081337236182,55.098865961933,3.));
#2966=CARTESIAN_POINT('',(-31.6271874017347,41.3439730037173,3.));
#2967=CARTESIAN_POINT('',(-12.2939211882427,50.0171971745922,3.));
#2968=CARTESIAN_POINT('Origin',(-17.1081337236182,55.098865961933,7.1));
#2969=CARTESIAN_POINT('',(-17.1081337236182,55.098865961933,7.1));
#2970=CARTESIAN_POINT('',(-31.6271874017347,41.3439730037173,7.1));
#2971=CARTESIAN_POINT('',(-20.7378971431473,51.6601427223791,7.1));
#2972=CARTESIAN_POINT('',(-17.1081337236182,55.098865961933,7.1));
#2973=CARTESIAN_POINT('',(-31.6271874017347,41.3439730037173,7.1));
#2974=CARTESIAN_POINT('Origin',(-59.1369733181661,70.3820803599504,7.1));
#2975=CARTESIAN_POINT('',(-59.1369733181661,70.3820803599504,7.1));
#2976=CARTESIAN_POINT('',(-44.6179196400496,84.1369733181661,7.1));
#2977=CARTESIAN_POINT('',(-55.5072098986369,73.8208035995043,7.1));
#2978=CARTESIAN_POINT('',(-59.1369733181661,70.3820803599504,3.));
#2979=CARTESIAN_POINT('',(-59.1369733181661,70.3820803599504,7.1));
#2980=CARTESIAN_POINT('',(-44.6179196400495,84.1369733181661,3.));
#2981=CARTESIAN_POINT('',(-44.6179196400496,84.1369733181661,7.1));
#2982=CARTESIAN_POINT('Origin',(-38.1225535208921,62.7404731609417,3.));
#2983=CARTESIAN_POINT('',(-63.9511858535416,75.4637491472912,3.));
#2984=CARTESIAN_POINT('Origin',(-38.1225535208921,62.7404731609417,7.1));
#2985=CARTESIAN_POINT('',(-26.8129748663593,36.2623042163765,7.1));
#2986=CARTESIAN_POINT('',(-63.9511858535416,75.4637491472912,7.1));
#2987=CARTESIAN_POINT('',(-12.2939211882427,50.0171971745922,7.1));
#2988=CARTESIAN_POINT('',(-26.8129748663593,36.2623042163765,7.1));
#2989=CARTESIAN_POINT('',(-12.2939211882427,50.0171971745922,7.1));
#2990=CARTESIAN_POINT('Origin',(-12.2939211882427,50.0171971745922,40.));
#2991=CARTESIAN_POINT('',(-12.2939211882427,50.0171971745922,40.));
#2992=CARTESIAN_POINT('',(-26.8129748663593,36.2623042163765,40.));
#2993=CARTESIAN_POINT('',(-21.5404729289397,41.2573060518266,40.));
#2994=CARTESIAN_POINT('',(-12.2939211882427,50.0171971745922,40.));
#2995=CARTESIAN_POINT('',(-26.8129748663593,36.2623042163765,40.));
#2996=CARTESIAN_POINT('Origin',(-49.4321321754251,89.2186421055069,40.));
#2997=CARTESIAN_POINT('',(-49.432132175425,89.2186421055069,40.));
#2998=CARTESIAN_POINT('',(-15.4695143470155,53.369212175519,40.));
#2999=CARTESIAN_POINT('',(-49.432132175425,89.2186421055069,7.1));
#3000=CARTESIAN_POINT('',(-49.432132175425,89.2186421055069,40.));
#3001=CARTESIAN_POINT('',(-12.2939211882427,50.0171971745922,7.1));
#3002=CARTESIAN_POINT('Origin',(-63.9511858535416,75.4637491472912,40.));
#3003=CARTESIAN_POINT('',(-63.9511858535416,75.4637491472912,40.));
#3004=CARTESIAN_POINT('',(-65.9382107551804,73.5813045036334,40.));
#3005=CARTESIAN_POINT('',(-63.9511858535416,75.4637491472912,7.1));
#3006=CARTESIAN_POINT('',(-63.9511858535416,75.4637491472912,40.));
#3007=CARTESIAN_POINT('',(-49.432132175425,89.2186421055069,7.1));
#3008=CARTESIAN_POINT('Origin',(-26.8129748663593,36.2623042163765,40.));
#3009=CARTESIAN_POINT('',(-11.4194625315409,20.013596751846,40.));
#3010=CARTESIAN_POINT('',(-63.9511858535416,75.4637491472912,7.1));
#3011=CARTESIAN_POINT('Origin',(-38.1225535208921,62.7404731609417,7.1));
#3012=CARTESIAN_POINT('Origin',(-6.08422172367124,-105.,20.));
#3013=CARTESIAN_POINT('Origin',(4.44089209850063E-15,-1.77635683940025E-14,
40.));
#3014=UNCERTAINTY_MEASURE_WITH_UNIT(LENGTH_MEASURE(0.01),#3018,
'DISTANCE_ACCURACY_VALUE',
'Maximum model space distance between geometric entities at asserted c
onnectivities');
#3015=UNCERTAINTY_MEASURE_WITH_UNIT(LENGTH_MEASURE(0.01),#3018,
'DISTANCE_ACCURACY_VALUE',
'Maximum model space distance between geometric entities at asserted c
onnectivities');
#3016=(
GEOMETRIC_REPRESENTATION_CONTEXT(3)
GLOBAL_UNCERTAINTY_ASSIGNED_CONTEXT((#3014))
GLOBAL_UNIT_ASSIGNED_CONTEXT((#3018,#3020,#3021))
REPRESENTATION_CONTEXT('','3D')
);
#3017=(
GEOMETRIC_REPRESENTATION_CONTEXT(3)
GLOBAL_UNCERTAINTY_ASSIGNED_CONTEXT((#3015))
GLOBAL_UNIT_ASSIGNED_CONTEXT((#3018,#3020,#3021))
REPRESENTATION_CONTEXT('','3D')
);
#3018=(
LENGTH_UNIT()
NAMED_UNIT(*)
SI_UNIT(.MILLI.,.METRE.)
);
#3019=(
LENGTH_UNIT()
NAMED_UNIT(*)
SI_UNIT(.CENTI.,.METRE.)
);
#3020=(
NAMED_UNIT(*)
PLANE_ANGLE_UNIT()
SI_UNIT($,.RADIAN.)
);
#3021=(
NAMED_UNIT(*)
SI_UNIT($,.STERADIAN.)
SOLID_ANGLE_UNIT()
);
#3022=SHAPE_DEFINITION_REPRESENTATION(#3023,#3024);
#3023=PRODUCT_DEFINITION_SHAPE('',$,#3026);
#3024=SHAPE_REPRESENTATION('',(#1432),#3016);
#3025=PRODUCT_DEFINITION_CONTEXT('part definition',#3030,'design');
#3026=PRODUCT_DEFINITION('l_1','l_1',#3027,#3025);
#3027=PRODUCT_DEFINITION_FORMATION('',$,#3032);
#3028=PRODUCT_RELATED_PRODUCT_CATEGORY('l_1','l_1',(#3032));
#3029=APPLICATION_PROTOCOL_DEFINITION('international standard',
'automotive_design',2009,#3030);
#3030=APPLICATION_CONTEXT(
'Core Data for Automotive Mechanical Design Process');
#3031=PRODUCT_CONTEXT('part definition',#3030,'mechanical');
#3032=PRODUCT('l_1','l_1',$,(#3031));
#3033=PRESENTATION_STYLE_ASSIGNMENT((#3034));
#3034=SURFACE_STYLE_USAGE(.BOTH.,#3037);
#3035=SURFACE_STYLE_RENDERING_WITH_PROPERTIES($,#3041,(#3036));
#3036=SURFACE_STYLE_TRANSPARENT(0.);
#3037=SURFACE_SIDE_STYLE('',(#3038,#3035));
#3038=SURFACE_STYLE_FILL_AREA(#3039);
#3039=FILL_AREA_STYLE('',(#3040));
#3040=FILL_AREA_STYLE_COLOUR('',#3041);
#3041=COLOUR_RGB('',0.92156862745098,0.92156862745098,0.92156862745098);
ENDSEC;
END-ISO-10303-21;
